seller_id,total_orders,gmv,review_score,delivery_days,delay_rate,seller_zip_code_prefix,seller_city,seller_state
0015a82c2db000af6aaaf3ae2ecb0532,3,2748.06,3.6666666666666665,10.793885030864198,0.0,9080,santo andre,SP
001cca7ae9ae17fb1caed9dfb1094831,199,33759.64,4.0,13.433460946449026,0.06532663316582915,29156,cariacica,ES
001e6ad469a905060d959994f1b41e4f,1,267.94,1.0,,0.0,24754,sao goncalo,RJ
002100f778ceb8431b7a1020ff7ab48f,50,2126.36,3.88,16.50790958049887,0.18,14405,franca,SP
003554e2dce176b5555353e4f3555ac8,1,139.38,5.0,4.646805555555556,0.0,74565,goiania,GO
004c9cd9d87a3c30c522c48c4fc07416,157,23120.99,4.162251655629139,14.875171744324971,0.08280254777070063,14940,ibitinga,SP
00720abe85ba0859807595bbf045a33b,13,1372.43,3.6153846153846154,11.786855413105412,0.15384615384615385,7070,guarulhos,SP
00ab3eff1b5192e5f1a63bcecfee11c8,1,110.08,5.0,9.052488425925926,0.0,4164,sao paulo,SP
00d8b143d12632bad99c0ad66ad52825,1,137.1,5.0,7.233344907407408,0.0,30170,belo horizonte,MG
00ee68308b45bc5e2660cd833c3f81cc,133,23300.03,4.290076335877862,9.702906397939293,0.09022556390977443,3333,sao paulo,SP
00fc707aaaad2d31347cf883cd2dfe10,102,15155.82,4.108247422680412,15.226845383986928,0.049019607843137254,87025,maringa,PR
010543a62bd80aa422851e79a3bc7540,2,1447.95,4.5,9.085081018518519,0.0,1212,sao paulo,SP
010da0602d7774602cd1b3f5fb7b709e,1,1079.75,1.0,26.1146875,0.0,9710,sao bernardo do campo,SP
011b0eaba87386a2ae96a7d32bb531d1,1,129.16,4.0,25.1803125,0.0,17580,pompeia,SP
01266d4c46afa519678d16a8b683d325,3,137.48,5.0,5.922897376543209,0.0,80250,curitiba,PR
013900e863eace745d3ec7614cab5b1a,23,2089.37,4.695652173913044,12.19425925925926,0.0,80740,curitiba,PR
014c0679dd340a0e338872e7ec85666a,14,7686.31,3.857142857142857,19.763406084656083,0.14285714285714285,35180,timoteo,MG
014d9a685fd57276679edd00e07089e5,10,938.91,4.0,9.223327546296296,0.0,87015,maringa,PR
0176f73cc1195f367f7b32db1e5b3aa8,37,6096.3,4.054054054054054,13.22707433127572,0.10810810810810811,14940,ibitinga,SP
01bcc9d254a0143f0ce9791b960b2a47,11,1798.87,4.4,12.787733796296296,0.0,76400,uruacu,GO
01c97ebb5cdac52891c0ed1c37ba0012,9,756.0,4.222222222222222,13.929164094650206,0.0,15804,catanduva,SP
01cf7e3d21494c41fb86034f2e714fa1,61,11738.18,4.1525423728813555,11.786124646892656,0.04918032786885246,85603,francisco beltrao,PR
01ed254b9ff8407dfb9d99ba1e17d923,5,1533.71,5.0,6.675569444444444,0.0,8710,mogi das cruzes,SP
01fd077212124329bac32490e8ef80d9,31,1983.93,4.161290322580645,8.150532407407407,0.03225806451612903,14079,ribeirao preto / sao paulo,SP
01fdefa7697d26ad920e9e0346d4bd1b,129,17735.13,4.3515625,10.729679723668982,0.06201550387596899,86050,londrina,PR
0241d4d5d36f10f80c644447315af0bd,230,37343.29,4.413716814159292,10.992886523752013,0.06086956521739131,80330,curitiba,PR
0249d282d911d23cb8b869ab49c99f53,11,570.03,4.2727272727272725,10.258965698653197,0.18181818181818182,5676,sao paulo,SP
024b564ae893ce8e9bfa02c10a401ece,2,918.4000000000001,4.5,15.339438657407406,0.0,3280,sao paulo,SP
028872bfa080090a9d0abd4f1af168f8,1,117.87,5.0,16.481273148148148,0.0,33940,ribeirao das neves,MG
02a2272692e13558373c66db98f05e2e,2,93.85,3.0,,0.0,20040,rio de janeiro,RJ
02b72cdeb9cfcc429f1af6f4e3f3b737,4,748.6400000000001,4.75,12.510251736111112,0.0,14940,ibitinga,SP
02c988090b766852e088c69d7fb3b551,13,1836.95,4.583333333333333,9.480911458333333,0.0,13473,americana,SP
02d35243ea2e497335cd0f076b45675d,14,7216.21,2.642857142857143,26.168773974867722,0.35714285714285715,59077,natal,RN
02dcd3e8e25bee036e32512bcf175493,14,1804.07,3.769230769230769,17.089043803418804,0.2857142857142857,32310,contagem,MG
02ecc2a19303f05e59ce133fd923fff7,21,5852.32,4.7,11.091394400352733,0.0,9121,santo andre,SP
02f5837340d7eb4f653d676c7256523a,30,4463.88,4.833333333333333,9.659020061728395,0.03333333333333333,80620,curitiba,PR
02f623a8eb246f3c5f7c2f96462654e6,44,7207.63,4.558139534883721,8.482709648569024,0.09090909090909091,18611,botucatu,SP
0307f7565ff85b299b6e5ef162b1b1a9,7,5003.57,3.142857142857143,15.198894675925928,0.0,15085,sao jose do rio preto,SP
034b9387752bfa309f350a70cd45ffa3,8,240.26,4.5,8.508582175925927,0.0,89036,blumenau,SC
038b75b729c8a9a04b0d07cba7eabe86,2,557.8499999999999,3.5,22.549861111111113,0.5,12231,sao jose dos campos,SP
039b29ff3b3473435d0cd59040575de9,9,215.55,4.444444444444445,9.107943672839506,0.0,9443,ribeirao pires,SP
039e6ad9dae79614493083e241147386,5,13273.42,4.0,14.593856481481481,0.2,3560,sao paulo,SP
03a2a6dcbe45d639c4dc2a0d24769c40,9,1250.66,4.111111111111111,10.4471579218107,0.1111111111111111,9340,maua,SP
03bd479e1d9484cdb14104d3023f7321,3,596.4100000000001,4.333333333333333,20.46724151234568,0.3333333333333333,38401,uberlandia,MG
0417b067eeab773d2f7061a726dc477f,13,2501.75,3.923076923076923,17.55735933048433,0.3076923076923077,89288,sao bento do sul,SC
042573af89b6d931f672efaf789d8358,3,478.57000000000005,3.6666666666666665,20.024783950617284,0.3333333333333333,18015,sorocaba,SP
04308b1ee57b6625f47df1d56f00eedf,94,63184.99,3.913978494623656,18.87600291867955,0.11702127659574468,88215,bombinhas,SC
0432ead42b6c8a0bdf68154add917fdf,83,9006.5,4.493975903614458,9.040051070601852,0.03614457831325301,9320,maua,SP
044668ccd5316b12a7cf0d54a156e3e9,3,191.35,5.0,7.8470100308641975,0.0,6016,osasco,SP
04843805947f0fc584fc1969b6e50fe7,1,1474.76,5.0,15.037071759259259,1.0,93900,ivoti,RS
048c2757535328e0d7dac690ad3c0aae,51,10551.06,4.18,18.514625925925927,0.13725490196078433,14406,franca,SP
04aa0a1c5ce6b222003403a3e11c3cc0,11,6339.51,4.090909090909091,17.522946127946128,0.18181818181818182,13150,cosmopolis,SP
04aba03279157f6d4e0fe8ccaf21963c,16,2922.33,4.3125,11.624953703703705,0.0625,28470,santo antonio de padua,RJ
04e38a233f726ef161074ab1c9b0399a,23,1811.27,3.652173913043478,11.993331505847953,0.13043478260869565,1239,sao paulo,SP
04ee0ec01589969663ba5967c0e0bdc0,1,314.32,5.0,3.0675925925925926,0.0,95910,lajeado,RS
04fdea0c111866e6cf812f1570d6b5bd,10,1261.95,3.2,18.002058738425927,0.1,8411,sao paulo,SP
0509040ea3fe50071181bbc359eb7738,89,5183.1,4.476744186046512,11.611956550659855,0.06741573033707865,31710,belo horizonte,MG
052577151711aec5c744fe12e66db3e1,4,2970.42,2.25,14.03383101851852,0.0,89136,rodeio,SC
054694fa03fe82cec4b7551487331d74,21,10703.75,3.4761904761904763,30.79312268518519,0.2857142857142857,15840,itajobi,SP
056b4ada5bbc2c50cc7842547dda6b51,65,13639.41,4.171875,12.779225983796296,0.1076923076923077,26379,queimados,RJ
0570350b23eda5444f8d1d9544932058,6,751.76,5.0,5.071749614197531,0.0,5104,sao paulo,SP
05730013efda596306417c3b09302475,4,1168.67,5.0,9.451623263888889,0.0,88813,criciuma,SC
058cb5aeb36d7c0fcae20fc85d5e0a59,12,2107.42,3.5833333333333335,10.088812079124578,0.08333333333333333,21635,rio de janeiro,RJ
058fd0aa2bfdb2274e05e1ae971dabb6,60,8414.55,4.466666666666667,10.260494350282487,0.06666666666666667,9020,santo andre,SP
05a48cc8859962767935ab9087417fbb,1,59.39,5.0,11.276516203703704,0.0,5372,sao paulo,SP
05a940b4ecae36cadfd8e93bd9c43257,10,1148.94,3.9,14.254607767489713,0.0,74305,goiania,GO
05aebce0b5c8f0d41b29b686f2d05fd3,2,120.88,5.0,6.0006712962962965,0.5,3962,sao paulo,SP
05ca864204d09595ae591b93ea9cf93d,1,188.42000000000002,5.0,5.168472222222222,1.0,6465,barueri,SP
05d2173d43ea568aa0540eba70d2ca76,62,7438.93,4.183333333333334,15.022058878434887,0.06451612903225806,37135,alfenas,MG
05e107217c7266362fd44b75b2cd4cc4,5,275.39,4.2,8.186863425925925,0.4,5353,sao paulo - sp,SP
05f51e13da97139648b8125c31e5f51b,60,15788.3,4.066666666666666,12.507035209551658,0.15,31910,belo horizonte,MG
05feb94f19d094d4b0f9281f0b1d4c99,6,10050.04,4.5,15.371317515432098,0.0,8752,mogi das cruzes,SP
05ff92fedb5be47920fea08e501238b9,59,23808.17,4.237288135593221,12.3373714668616,0.05084745762711865,98803,santo angelo,RS
062c325cd6a2b87845fab56b4ec2eeae,2,157.08,5.0,5.495763888888889,0.0,8150,sao paulo,SP
062ce95fa2ad4dfaedfc79260130565f,55,9017.98,4.037037037037037,13.504861754115225,0.03636363636363636,95913,lajeado,RS
06532f10282704ef4c69168b914b77be,8,10918.74,4.25,16.61554728835979,0.0,87140,paincandu,PR
06579cb253ecd5a3a12a9e6eb6bf8f47,61,6145.27,4.114754098360656,10.070011574074075,0.13114754098360656,4007,sao paulo - sp,SP
066a6914e1ebf3ea95a216c73a986b91,66,11024.37,4.138461538461539,13.613213071469907,0.030303030303030304,85863,foz do iguacu,PR
0691148aee60ca47977c187804f935ae,47,7841.349999999999,4.180851063829787,11.940049005122145,0.02127659574468085,86010,londrina,PR
0692610d8abe24f287e9fae90ea0bbee,4,205.72,4.0,6.603399884259259,0.25,2310,sao paulo,SP
06a2c3af7b3aee5d69171b0e14f0ee87,391,48454.36,3.994832041343669,17.769048181557846,0.23017902813299232,65072,sao luis,MA
06bb3a2fe5e7b7a845b13e8fb91bd944,17,1862.33,4.588235294117647,8.82025258714597,0.0,31844,belo horizonte,MG
06df0c10d34e459d9672bc77388742eb,26,9595.77,4.346153846153846,10.081905715811965,0.11538461538461539,87045,maringa,PR
06e5eefc71ec47ae763c5c6f8db7064f,92,24673.05,3.922222222222222,10.933133744855967,0.021739130434782608,91350,porto alegre,RS
07017df32dc5f2f1d2801e579548d620,8,1128.24,4.0,10.079266493055556,0.0,58030,joao pessoa,PB
070d165398b553f3b4b851c216b8a358,31,4357.61,3.3225806451612905,12.096201003086419,0.16129032258064516,3916,sao paulo,SP
0725b8c0f3f906e58f70cbe76b7c748c,17,3099.5299999999997,3.5,12.978666811342592,0.35294117647058826,7023,guarulhos,SP
0743a0239d764b9a0f959a57d07e36ab,4,403.21999999999997,4.75,5.358070023148148,0.0,3138,sao paulo,SP
0747d5bb69f0586cc869d8af4c50f93e,14,555.49,3.357142857142857,14.152275270061729,0.07142857142857142,28990,saquarema,RJ
0761743cbffb25d7148189e9f1a5f03a,3,327.4,4.666666666666667,13.137214506172839,0.0,14096,ribeirao preto,SP
077c5fae4bea9500e3737b16f71b9d3a,4,177.24,4.5,8.317737268518519,0.0,18052,sorocaba,SP
0791d9fc1e30678ecf03d3e55fa108d3,5,1028.99,4.0,7.8056828703703705,0.0,30775,belo horizonte,MG
079d295dcbf06ee8bb1b65ba964eb2b6,5,540.09,4.6,8.26536111111111,0.0,2124,sao paulo,SP
07a9bc7f61396b658ddf3ac534efe44c,1,135.49,3.5,5.995138888888889,0.0,2925,sao paulo,SP
07bf9669d84d1f11be443a9dd938f698,18,2422.22,3.7222222222222223,8.355687371399178,0.0,4761,sao paulo,SP
07d75e33f2750d97d467fb57e4dfdd8a,2,759.59,2.5,11.796643518518518,0.0,2117,sao paulo,SP
07de60b03d150fb3ea09eab5da5e4c8b,8,784.36,4.75,14.1061328125,0.125,14940,ibitinga,SP
07e8e8fc5222bb358e6f259da3197074,2,74.86,4.0,8.63806712962963,0.0,4216,sao paulo,SP
080102cd0a76b09e0dcf55fcacc60e05,122,7812.19,4.5,9.848887538580247,0.040983606557377046,31140,belo horizonte,MG
080199a181c46c657dc5aa235411be3b,79,15544.880000000001,4.615384615384615,8.087146917487107,0.02531645569620253,6097,osasco,SP
08061dc0fc165ed41288cc7acde738ee,4,182.22,4.5,20.068133680555558,0.25,6036,osasco,SP
08084d990eb3f53af056ccbc1730c8a7,11,546.9300000000001,4.4,8.628722643097644,0.0,3612,sao paulo,SP
081acf3de680d554796c9cf041be7bc2,3,1187.19,4.0,16.00961033950617,0.3333333333333333,33200,vespasiano,MG
082e0bf4cb865a6533b1e8e498cc0255,11,3064.33,3.272727272727273,14.3659617003367,0.18181818181818182,18608,botucatu,SP
085f6f7e049c996695fb2074fe38d45e,6,435.96000000000004,4.0,10.56288387345679,0.0,12020,taubate,SP
08633c14ef2db992c11f840f04fad4cd,71,8640.02,4.394366197183099,9.935978090766824,0.07042253521126761,9416,ribeirao pires,SP
0873d9f8f36123f8d910f4760e788cfb,5,6021.56,3.6,14.047976851851852,0.4,6465,barueri,SP
0885aaf116795758dfeb5f1032487bcd,26,3270.78,4.346153846153846,6.138110648148148,0.038461538461538464,8541,ferraz de vasconcelos,SP
0887a9f087bcd5d9f6642b52f897fc6c,12,1862.35,4.416666666666667,14.240796682098766,0.08333333333333333,11990,cananeia,SP
08ad4ac1388e4420ca531c3edfc46198,6,347.91999999999996,2.8333333333333335,6.36944637345679,0.0,6663,itapevi,SP
08cdbae123ff67ca4e36d9d641ce0119,4,4195.46,3.25,24.25667534722222,0.5,36504,uba,MG
08d0949a9a17c027262db1f3c450c26c,11,536.23,3.909090909090909,14.641308922558922,0.0,85804,cascavel,PR
08d1c9478fb0d7d7fcac9c0da4e82fc7,1,605.5699999999999,5.0,10.392372685185185,0.0,31110,belo horizonte,MG
08d2d642cf72b622b14dde1d2f5eb2f5,17,1235.26,4.3125,15.320594618055555,0.17647058823529413,17512,marilia,SP
08f5819815f3d06545011850bd70f0a8,3,522.83,4.666666666666667,8.471766975308642,0.0,11075,santos,SP
091065b789659bc3cd9af9cb3a6253ff,2,1444.37,3.5,11.264837962962964,0.0,92120,canoas,RS
0936e1837d0c79253456bbb2ffaaef10,1,70.02,5.0,18.366805555555555,0.0,2050,sao paulo,SP
093805f8f2aeb63881444571e1f48f30,22,1559.73,4.181818181818182,8.274672243265995,0.045454545454545456,6236,osasco,SP
094ced053e257ae8cae57205592d6712,19,2122.26,4.052631578947368,12.158787158869396,0.0,14095,ribeirao preto,SP
0951a6e282947e09cd47969f4ed0b47f,7,580.32,4.857142857142857,4.71951388888889,0.0,6763,taboao da serra,SP
09883d9ab71c8fe8a9bfc7fc3075b07e,5,406.17,3.4,14.438301504629628,0.2,8180,sao paulo,SP
099095b050cfe8eb1ddff5317587e96e,17,5909.150000000001,3.235294117647059,11.334448061342593,0.17647058823529413,3322,sao paulo,SP
09bad886111255c5b5030314fc7f1a4a,5,560.36,5.0,6.468912037037036,0.0,1022,sao paulo,SP
09f952a5f58d2285b0372551ae8f9b01,46,12653.630000000001,3.9782608695652173,13.528647594605475,0.06521739130434782,9725,sao bernardo do campo,SP
0a198e95d32b1be2da9424c962a6ebfa,1,86.66999999999999,5.0,16.04769675925926,0.0,32260,contagem,MG
0a82f5fb06a4fe4ac2cf7cb412ec71b8,2,484.8,5.0,5.281736111111111,0.0,5524,sao paulo,SP
0a85ebe4e328db81ac9109781205e2f7,12,918.93,4.583333333333333,5.248940007716049,0.08333333333333333,13205,jundiai,SP
0aa124728afc1131dff5655f4c6f487b,2,958.78,1.0,,0.0,37135,alfenas,MG
0aa2205ca24f113f4658a5c536667426,4,988.1,4.0,8.79331597222222,0.0,4281,sao paulo,SP
0ac4201fda2c68ebc0e47cb9423cf3c9,13,1910.8700000000001,4.166666666666667,12.64974358974359,0.07692307692307693,3345,sao paulo,SP
0ad80de75c811326389cfb1daba7d45e,6,1564.72,5.0,8.998383487654321,0.0,20261,rio de janeiro,RJ
0adac9fbd9a2b63cccaac4f8756c1ca8,109,18763.24,4.074766355140187,13.136139109347441,0.06422018348623854,13290,louveira,SP
0ade5cc4a305ed7093a23f68ca47519c,2,201.26999999999998,5.0,6.875769675925927,0.0,81030,curitiba,PR
0aea4c6ae1505b3228ddf3dd7822ee5b,8,1579.66,3.875,18.434872685185184,0.25,18080,sorocaba,SP
0af2ab31141893d26aca5a404a537dab,1,74.51,5.0,5.809513888888889,0.0,3431,sao paulo,SP
0af977692321d895349eded183341d28,2,277.22,4.5,2.5402256944444446,0.0,11070,santos,SP
0afccdb8a34ee5c79f7c06faf2b4d56e,25,1613.78,4.041666666666667,13.473533468364197,0.08,38400,uberlandia,MG
0b0ddbc7b9d9584f442c7ac92b0ff6c9,3,1550.6399999999999,4.666666666666667,11.944313271604939,0.0,7052,guarulhos,SP
0b18d63d0cd1d723567903fd34a07df2,9,1944.03,4.777777777777778,7.111788837448561,0.0,5141,sp,SP
0b1ca3ef18a63d7eb0c8897fa0849c08,1,62.87,5.0,6.710289351851852,0.0,18131,sao roque,SP
0b35c634521043bf4b47e21547b99ab5,50,16391.77,3.3958333333333335,19.545416430461074,0.16,84530,teixeira soares,PR
0b36063d5818f81ccb94b54adfaebbf5,1,783.0,5.0,14.543993055555555,0.0,89255,jaragua do sul,SC
0b3f27369a4d8df98f7eb91077e438ac,2,171.39000000000001,4.0,7.161655092592593,0.0,7412,aruja,SP
0b46f784306be7200ca1700aa55d819f,1,30.86,5.0,3.2436574074074076,0.0,31210,belo horizonte,MG
0b64bcdb0784abc139af04077d49a20e,4,205.81,4.75,8.495092592592593,0.0,92420,canoas,RS
0b90b6df587eb83608a64ea8b390cf07,161,31841.58,4.05379746835443,14.561665436921297,0.037267080745341616,87025,maringa,PR
0bae85eb84b9fb3bd773911e89288d54,135,10731.95,4.281481481481482,10.372398510917634,0.007407407407407408,88301,itajai,SP
0bb27263628258b8111a0262769fa9db,1,33.16,,41.68077546296296,0.0,3077,sao paulo,SP
0bb738e4d789e63e2267697c42d35a2d,30,3030.6400000000003,4.6,12.086564153439154,0.03333333333333333,18130,sao roque,SP
0be8ff43f22e456b4e0371b2245e4d01,160,14596.81,3.9625,10.385018891875747,0.0625,4461,sao paulo,SP
0bebbb2cea103a4a020c95d43fd7d754,9,1514.3400000000001,4.888888888888889,5.9149704218106995,0.0,2515,sao paulo,SP
0bf0150d5b9d60d9cd2906003332f085,39,6872.34,3.789473684210526,14.152253383190883,0.20512820512820512,1547,sao paulo,SP
0bfd0b434243adc5c2e1aa6baf19c6aa,6,497.14,3.6666666666666665,8.463200231481482,0.0,22745,rio de janeiro,RJ
0c7533c71df861ec58ad7ff999ed0e8d,59,3807.9,4.186440677966102,10.787608286252354,0.05084745762711865,13270,valinhos,SP
0c7f30ae9b147eca07affbef92832a6a,5,567.11,5.0,8.54264814814815,0.0,84020,ponta grossa,PR
0c8380b62e38e8a1e6adbeba7eb9688c,178,21798.64,4.03954802259887,13.06847787773569,0.056179775280898875,37410,tres coracoes,MG
0cab2da43793a6f3c5ed8514c5f54627,3,366.90000000000003,5.0,5.005370370370371,0.0,80060,curitiba,PR
0cbcee27c791afa0cdcb08587a2013a8,39,6141.3099999999995,3.8461538461538463,13.269655519005847,0.10256410256410256,37410,tres coracoes,MG
0d33a55da925bbf1ff02af5f6059fc7f,21,960.9,4.4,8.498278769841269,0.047619047619047616,5632,sao paulo,SP
0d4c8269e7f0401201794deef160edd6,3,892.03,3.6666666666666665,17.420385802469138,0.0,14076,ribeirao preto,SP
0d83f8e03188682112cc0d93523705cc,4,820.57,3.75,16.91439814814815,0.25,91150,porto alegre,RS
0d85bbda9889ce1f7e63778d24f346eb,51,6469.7,4.2,15.828296114742193,0.11764705882352941,38414,uberlandia,MG
0daf5180aa44356f60f8effa533b55a2,2,183.63,5.0,8.025891203703704,0.5,74043,goiania,GO
0db783cfcd3b73998abc6e10e59a102f,130,10868.08,4.217054263565892,11.726401442307692,0.038461538461538464,11010,santos,SP
0dd184061fb0eaa7ca37932c68ab91c5,159,24069.260000000002,4.031645569620253,11.854152035290006,0.11949685534591195,7031,guarulhos,SP
0ddefe3c7a032b91f4e25b9c3a08fca1,9,552.9,4.555555555555555,7.80940072016461,0.0,9721,sao bernardo do campo,SP
0df3984f9dfb3d49ac6366acbd3bbb85,86,11645.42,4.383720930232558,9.622346541394336,0.011627906976744186,32604,betim,MG
0dfbed20065e425d2eaefb101f9816c0,3,133.6,2.6666666666666665,21.56864197530864,0.3333333333333333,13660,porto ferreira,SP
0e44d110fa6a54e121cb2c095a77762f,6,293.38,4.333333333333333,12.001626157407408,0.16666666666666666,7901,francisco morato,SP
0e72c1a751b496722a6cb1f10653b62a,3,192.10000000000002,4.666666666666667,6.891940586419753,0.0,6280,sao paulo,SP
0e982cff76cc0579f632cea8a0e38c9d,6,1434.28,4.166666666666667,9.380891203703703,0.0,88316,itajai,SC
0ea22c1cfbdc755f86b9b54b39c16043,228,15181.19,4.452914798206278,11.139919547325102,0.017543859649122806,35700,sete lagoas,MG
0eaa7e33d73809f1f925f7d07c506cbd,15,1746.9,4.714285714285714,5.903765432098766,0.0,9111,santo andre,SP
0ebd97a106433a45a4aebe57c1799778,30,3738.81,4.6,9.690016975308643,0.0,32240,contagem,MG
0ec28cec4046a4a199b6de9b4c891d97,3,352.64,5.0,10.472314814814816,0.0,74110,goiania,GO
0ed6ce5d87fd9c69eaacaeb778d67235,43,2829.25,4.404761904761905,15.995893132716049,0.13953488372093023,13473,americana,SP
0ee4fb99ac55ffbbc98795aa01b7f8fa,1,70.92999999999999,5.0,6.882916666666667,0.0,6539,santana de parnaiba,SP
0ef83d7d83ed97cd2a0049ac8be5f88a,47,5685.91,4.195652173913044,9.318819444444445,0.02127659574468085,80230,curitiba,PR
0f0c984a4a955310903b6b6008660bad,4,481.38,3.75,14.240300925925926,0.25,14403,franca,SP
0f519b0d2e5eb2227c93dd25038bfc01,1,102.9,5.0,12.271921296296297,0.0,14940,ibitinga,SP
0f7eea709efdf942b5f95c7516dbacd7,3,240.06,4.0,8.043919753086419,0.0,19865,pedrinhas paulista,SP
0f80a40c312b2472dca482cf50f5186f,1,150.0,3.0,5.3246064814814815,0.0,18681,lencois paulista,SP
0f94588695d71662beec8d883ffacf09,1,27.59,5.0,14.887152777777779,0.0,88037,florianopolis,SC
0fe2d9733ed841eb064503920015a8c0,3,498.35,4.666666666666667,8.665925925925926,0.0,19906,ourinhos,SP
0ff83046c3fa22efee8ecf291888b191,10,1023.3800000000001,4.8,12.543672453703703,0.0,95110,caxias do sul,RS
0ffa40d54288e4f3499b8780dd0f144f,33,2746.47,4.484848484848484,13.538299312570146,0.15151515151515152,19013,presidente prudente,SP
10076e5788b8ee532724bcd460baf762,22,1162.74,4.590909090909091,10.269643834175083,0.045454545454545456,14315,batatais,SP
10089e9f2fd0c668a8fd4e52e1698888,3,1199.31,4.333333333333333,7.632048611111112,0.0,15061,sao jose do rio preto,SP
101921376b577a4540dc30e9009133ca,1,394.49,2.0,,0.0,13505,rio claro,SP
101a3a003516bc11253298b2fad3cb65,5,524.0,4.8,6.493062499999999,0.0,13503,rio claro,SP
1025f0e2d44d7041d6cf58b6550e0bfa,903,173713.5,4.010158013544018,12.425718301472406,0.10188261351052048,3204,sao paulo,SP
10264f60a8f0a4d2f30810f5c661c673,4,326.46000000000004,5.0,4.128816550925926,0.0,13090,campinas,SP
1099a00e0ee3a50935e6c2447ca090c5,3,910.8299999999999,3.6666666666666665,15.039498456790126,0.3333333333333333,20921,rio de janeiro,RJ
10cdd491d1dbea8fb4ead97b19c334ce,3,287.76,5.0,7.089984567901234,0.0,37540,santa rita do sapucai,MG
10ff823eda2b032e2c93d17a7d294736,9,1459.5300000000002,3.888888888888889,9.76951244212963,0.0,17280,pederneiras,SP
112453736dbe3889cfb74e1aaa0ba0c1,7,2154.77,4.142857142857143,13.33525958994709,0.0,3520,sao paulo,SP
1127b7f2594683f2510f1c2c834a486b,113,8870.79,4.115044247787611,9.381004608392796,0.02654867256637168,13087,campinas,SP
11305281b50fff20ae8bb473f8e11876,35,8451.09,4.294117647058823,13.579183531746033,0.11428571428571428,36500,uba,MG
113e3a788b935f48aad63e1c41dac1bd,39,1533.95,4.315789473684211,13.198031517094018,0.05128205128205128,12570,aparecida,SP
116ccb1a1604bc88e4d234a8c23f33de,60,2891.93,4.633333333333334,9.09805825617284,0.06666666666666667,9850,sao bernardo do campo,SP
11742f81550ac064cc9a40f67151d9ad,2,831.01,5.0,9.095063657407408,0.0,15810,catanduva,SP
117cfc326c6d50da67ca858ff5c0c852,5,536.08,4.6,6.073467592592593,0.0,25530,sao joao de meriti,RJ
11938fcc75f6902fea1d0a6f72b54a57,2,737.1400000000001,3.0,22.36358796296296,0.0,89900,sao miguel d'oeste,SC
119c7f1a00ef43fad0e57604e76a747c,2,206.82000000000002,4.5,5.977835648148148,0.0,2614,sao paulo,SP
119d1aef1b4144adba89163f6cd9f5d4,4,1298.24,4.75,4.477740162037037,0.0,13920,pedreira,SP
11bfa66332777660bd0640ee84d47006,76,5608.54,3.945945945945946,16.52767665692008,0.15789473684210525,14085,ribeirao preto,SP
11d4c477d09821164bca4f70a2eae031,3,140.86,5.0,6.984386574074073,0.0,14075,ribeirao preto,SP
11eac105f3f90a9b87b19c89d91e24f3,5,927.8299999999999,3.6,9.12383101851852,0.0,7411,sao paulo,SP
11fb6f6d341adbe19e81733701704635,3,1596.6599999999999,5.0,5.362199074074074,0.0,4133,sao paulo,SP
120476eb7a04c149d14772edaf5d9bf2,4,2519.63,4.25,7.798266782407407,0.0,23954,angra dos reis,RJ
1284de4ae8aa26997e748c851557cf0e,3,1546.84,2.6666666666666665,19.269425154320988,0.0,85301,laranjeiras do sul,SP
128639473a139ac0f3e5f5ade55873a5,530,21884.6,4.198852772466539,14.356785124222505,0.062264150943396226,87050,maringa,PR
128f9bfbe4c7d5185033914b1de3d39a,14,1650.49,4.714285714285714,11.82590811965812,0.07142857142857142,12940,atibaia,SP
12a8eb0f8d1cd3270695bf2a99f55966,2,436.66999999999996,3.5,20.976712962962964,0.5,4607,sao paulo,SP
12b9676b00f60f3b700e83af21824c0e,135,30342.69,4.548872180451128,15.053846247563353,0.014814814814814815,95780,montenegro,RS
12c2ed9cded6138cf0c75f525f565fc7,3,252.73,4.333333333333333,15.601917438271604,0.6666666666666666,11709,praia grande,SP
13074f016982ff2bd6c58ced8682f000,14,3111.7,3.9285714285714284,14.887260505698006,0.2857142857142857,95705,bento goncalves,RS
131fcb0a0c9a47bba4474aacff0f14b7,4,406.41,4.0,4.300601851851852,0.0,1201,sao paulo,SP
1336efc61c316ddf92c899eb817f7cae,68,5994.55,4.208955223880597,12.016091877723312,0.10294117647058823,19800,assis,SP
134285d1f41da5c13a756ee8142c8a4e,3,1653.6299999999997,3.3333333333333335,8.01778163580247,0.0,2523,sao paulo,SP
134a288e7de827ec5ec62e3ec9c3a295,9,1004.0,4.777777777777778,9.450118312757203,0.0,3168,sao paulo,SP
134b867a0f7f8bbe6abf10f91874891e,1,922.8399999999999,4.0,12.933530092592592,0.0,13272,valinhos,SP
13511db12ac61e2f89c53b72a944a60b,6,1063.97,3.5,9.17029899691358,0.16666666666666666,95020,caxias do sul,RS
1352e06ae67b410cdae0b2a22361167b,4,765.22,2.3333333333333335,34.307094907407404,0.5,26051,rio de janeiro,RJ
1354d51653f645349064725ed204e85e,18,2694.72,4.0588235294117645,9.560979938271606,0.05555555555555555,1230,sao paulo,SP
138dbe45fc62f1e244378131a6801526,45,1775.1299999999999,4.2444444444444445,6.517679269547324,0.044444444444444446,2215,sao paulo,SP
139157dd4daa45c25b0807ffff348363,1,37.68,4.0,1.2141782407407407,0.0,3064,sao paulo,SP
13c2ed7698b3ca92dad49e849219da59,8,653.29,4.375,10.88997974537037,0.0,84010,ponta grossa,PR
13d058e4eeac2ce8217660b2f8a05812,23,4755.88,4.217391304347826,11.403861531986532,0.13043478260869565,6080,osasco,SP
13d95f0f6f73943d4ceffad0fc2cd32c,1,309.32,3.0,22.338900462962965,1.0,74473,goiania,GO
13dd308f81fea30cc670c656b2b46cc3,3,151.14,5.0,3.6380208333333335,0.3333333333333333,13454,santa barbara d'oeste,SP
13e85aac53340018b40c2af68001b7e0,1,31.92,5.0,17.718125,0.0,13920,pedreira,SP
13f57c12a00ed4610db646b913a7f5c6,7,821.1500000000001,4.857142857142857,12.374728835978837,0.14285714285714285,11015,santos,SP
13fa2a6c6b9d0f43cb588d7c82117a12,9,4719.4400000000005,4.111111111111111,21.192283950617284,0.3333333333333333,3567,sao paulo,SP
141440cad9341e553f8401c574a2aa38,11,1579.0,4.454545454545454,6.661177398989898,0.0,85200,pitanga,PR
1430239a858e7682bbc43b20758af153,18,929.54,4.111111111111111,7.671258850762526,0.0,4087,sao paulo,SP
1444c08e64d55fb3c25f0f09c07ffcf2,1,2818.74,1.0,10.39494212962963,0.0,42738,lauro de freitas,BA
1464afc72f696af775557a821c2e253f,29,1513.78,4.241379310344827,11.55180316091954,0.034482758620689655,28630,nova friburgo,RJ
14a08204d03bb6b6bde8029f801ae0eb,28,2935.6800000000003,3.892857142857143,8.836558366402116,0.0,1026,sao paulo,SP
14d7985702e72162bbf13b6beb74ab2b,36,4368.93,4.361111111111111,11.17096579218107,0.1388888888888889,9131,santo andre,SP
14ee35374a7876217954b5fa08e50463,5,772.6199999999999,4.4,19.184291666666667,0.2,15015,sao jose do rio preto,SP
14f2b3587172b9db894c9bad8dab520b,2,330.06,2.5,14.027887731481481,0.0,95240,ipe,RS
152ee17e4c8aaf53dac99f3462e4999b,6,404.93,4.333333333333333,10.735235339506174,0.0,89248,garuva,SC
154bdf805377afea75a3bd158e9eab10,1,109.72,1.0,24.920844907407407,1.0,14940,ibitinga,SP
1554a68530182680ad5c8b042c3ab563,245,36095.44,4.341563786008231,14.27668834433819,0.06938775510204082,37580,monte siao,MG
157c3e4b42f81ac4a44e8b1ca2fe9876,19,2464.44,3.789473684210526,11.549742933723197,0.10526315789473684,3211,sao paulo,SP
1588ac4010787100dddef64568f0ae35,3,645.97,4.0,19.871010802469137,0.0,87045,maringa,PR
15aac934c58d886785ac1b17953ea898,25,5019.6,4.24,14.308052314814816,0.12,29480,muqui,ES
15ac3c501e2599e4917316fde5c5669a,1,195.81,1.0,,0.0,4911,sao paulo,SP
15aec03fe4cf30dfa574cf550f5ff5ff,1,39.86,1.0,,0.0,21862,rio de janeiro,RJ
15b3b1b81484422eb41df68ac87f1f50,2,102.89,1.0,14.629606481481481,0.0,17047,bauru,SP
15cd6eefe58588619aaed41dfa6621b1,15,2098.55,4.466666666666667,15.830198302469137,0.06666666666666667,35400,ouro preto,MG
15ead3a5037a918ddb520dfe39a3d2b9,7,433.95,4.285714285714286,17.651520061728394,0.14285714285714285,36401,conselheiro lafaiete,MG
15fa791d5e017f66402dc28c44480657,8,1983.29,4.25,11.574577546296297,0.125,3307,sao paulo,SP
160851d3ece7aa1a510f8d1a4bb8a8af,2,141.14999999999998,5.0,5.577158564814814,0.0,17400,garca,SP
16090f2ca825584b5a147ab24aa30c86,401,31140.72,4.057644110275689,9.195621501539323,0.10723192019950124,12940,atibaia,SP
160e4f13fd3a64b1b86807be88b5ffb0,4,980.45,4.25,14.298266782407408,0.0,83409,colombo,PR
164a5a8794e6d42e14f55e447b12a3bc,1,136.76,5.0,13.407523148148147,0.0,85980,guaira,PR
165b1235e9e9942cb5fae67103576fb0,11,2489.8,4.363636363636363,7.830222011784511,0.09090909090909091,14020,ribeirao preto,SP
165fc07beebdcb6190fba8a06db2a449,47,18405.739999999998,3.869565217391304,12.999339539007092,0.1276595744680851,87015,maringa,PR
1660ad786c27fd935378b6192a90b417,11,1666.6200000000001,4.909090909090909,8.472480008417508,0.09090909090909091,9891,sao bernardo do campo,SP
166e8f1381e09651983c38b1f6f91c11,2,109.0,5.0,14.728483796296295,0.0,88780,imbituba,SC
167fd940acebc789debd6eb418c46e38,5,1178.48,3.0,15.500854166666667,0.2,14405,franca,SP
1690cada046eb7e92c12f98b1f8a8167,11,2211.38,4.545454545454546,7.352841435185185,0.09090909090909091,1303,sao paulo,SP
16bdc8cefd0e32a6f0824d296c5ad14a,1,61.08,5.0,9.316840277777779,0.0,12903,sp,SP
1703bc09972dab9782e7a9194943b69f,1,356.11,5.0,12.12505787037037,0.0,37165,minas gerais,MG
1710c3aaa9c6b44ec3883ee0fe300e21,2,1226.55,5.0,6.127557870370371,0.0,9551,sao caetano do sul,SP
17306570e772e7718c92a562d33f5f1d,29,10666.98,3.6206896551724137,14.355489111796983,0.06896551724137931,17250,bariri,SP
173d56ffbd4c56cb80fc3615487d712b,2,397.61,5.0,6.838940972222222,0.0,11370,sao vicente,SP
1746c1ae87ac63d530c7c943d0ac42e2,1,252.35,5.0,23.021400462962962,0.0,6501,santana de parnaiba,SP
1771297ac436903d1dd6b0e9279aa505,28,3466.4300000000003,4.653846153846154,9.443156001984127,0.03571428571428571,7025,guarulhos,SP
1782ce2db72c3dda627d5e7c898104e1,9,2218.17,4.333333333333333,29.349214248971194,0.1111111111111111,6766,taboao da serra,SP
17908cf9b444ee34047cadd5c0f4a516,11,2495.41,4.545454545454546,18.88040298821549,0.09090909090909091,75124,anapolis,GO
17998cf586426bf0f2c3726cb0a4b211,1,41.05,5.0,6.714837962962963,0.0,30710,belo horizonte,MG
179d859f51292aac5c10806a356f7af9,18,800.27,4.388888888888889,8.988954475308642,0.16666666666666666,9411,ribeirao pires,SP
17a053fcb14bd219540cbde0df490be0,125,49883.63,4.221311475409836,12.275743820937873,0.08,13843,mogi guacu,SP
17adeba047385fb0c67d8e90b4296d21,1,1097.31,1.0,,0.0,7052,guarulhos,SP
17ca9b9e9b9ef8fdb529001b49ebb50f,116,12281.11,4.043103448275862,8.242504428341384,0.02586206896551724,32677,betim,MG
17e34d8224d27a541263c4c64b11a56b,254,61423.39,4.191235059760956,14.274471074224632,0.08267716535433071,14085,riberao preto,SP
17eea220a40cc0d2c0c5346379682398,4,1512.99,3.75,25.364583333333332,0.5,3565,sao paulo,SP
17f51e7198701186712e53a39c564617,55,56576.7,4.351851851851852,23.208877735690237,0.09090909090909091,3908,sao paulo,SP
180c3376aff0e43dd5788709df48a843,5,4722.97,4.4,20.710101851851853,0.2,9911,sao paulo,SP
1835b56ce799e6a4dc4eddc053f04066,400,42470.96,3.676767676767677,13.433424515886445,0.1225,14940,ibitinga,SP
1838dd9b8977065acf51d95e0053ea7a,64,4075.88,4.265625,12.791684961170848,0.046875,30882,belo horizonte,MG
184725737946a1a938bbbd1a9e978103,3,403.57000000000005,4.666666666666667,8.57604938271605,0.0,9370,maua,SP
184a67a8f9f63234d3a92340bbdb727f,8,524.37,3.875,17.62088458994709,0.0,89220,joinville,SC
186cdd1b2df32caa72cfb410bba768d3,6,1609.73,5.0,8.898485725308642,0.0,89295,rio negrinho,SC
189ca3538ce9f920cacf0f982cbe223b,4,481.67,4.25,4.121629050925926,0.0,3589,sao paulo,SP
18a349e75d307f4b4cc646a691ed4216,120,11005.66,3.46218487394958,11.20142103909465,0.058333333333333334,1319,sao paulo,SP
18e694e0e48ed6f7aa3f24aade5fd697,31,1205.77,4.67741935483871,6.011871266427717,0.03225806451612903,13224,varzea paulista,SP
1900267e848ceeba8fa32d80c1a5f5a8,382,33119.590000000004,3.913978494623656,13.478249459671874,0.1099476439790576,14940,ibitinga,SP
191d55f7edb8524d525ed01b20fe32e8,3,812.8,2.3333333333333335,22.529178240740745,0.3333333333333333,73020,brasilia,DF
1927cdb9fa74f5270097f6250e8e8f34,1,178.92000000000002,5.0,8.128900462962964,0.0,17511,marilia,SP
19484c79cef6c062cb177aa4ef2fcc3c,1,212.06,1.0,21.42582175925926,1.0,13275,valinhos,SP
1961c3e1272bfeceb05d0b78b5bbfdaf,3,945.43,3.3333333333333335,6.7361921296296305,0.0,7241,guarulhos,SP
1967a9e2ad6f51802b093147d861df58,2,425.76,1.0,,0.0,1209,sao paulo,SP
1976a05ecf2996d6ffb7b5430e635fe7,8,2190.66,3.875,17.625846354166665,0.25,19806,assis,SP
1987cd4be10fe09ee50454f9c354d1c6,14,3135.23,4.357142857142857,15.318574735449735,0.07142857142857142,37570,ouro fino,MG
198c7ea11960a9844b544d9bcdca860c,25,2225.38,3.88,14.513364814814816,0.12,37590,jacutinga,MG
1992f8fb6b19fcccd97ca819811e7267,1,40.02,1.0,,0.0,1403,sao paulo,SP
1996942dc085d7773ba77a529b163cd0,9,2954.8599999999997,4.222222222222222,10.96158130787037,0.0,14850,pradopolis,SP
19a7c9f66ffa6452ff4b4c0cca71da27,1,338.74,5.0,25.18634259259259,0.0,85880,itaipulandia,PR
19d62d484cba71963c93f0f00ab42013,1,162.59,4.0,13.946666666666667,0.0,89114,gaspar,SC
19e0f40a907ec568c34bfac15de4f4a1,4,219.62,5.0,5.835399305555556,0.0,13478,americana,SP
1a3df491d1c4f1589fc2b934ada68bf2,167,27594.12,4.188622754491018,14.842359664351852,0.05389221556886228,89224,joinville,SC
1a6245add4353f18ed55138808906979,1,39.34,3.0,,0.0,9694,sao bernardo do campo,SP
1a8e2d9c38b84a9702ac7922924b0573,1,97.0,5.0,15.598125,0.0,89245,araquari,SC
1a932caad4f9d804097d7f8e615baed1,20,5701.45,3.9,9.542867476851852,0.2,2976,sao paulo,SP
1acde099eb406aa220b1169b188b42da,9,458.5,4.222222222222222,12.07942772633745,0.0,2532,sao paulo,SP
1b0b0f4f95e962d6f32fe90c759d0479,2,163.17000000000002,5.0,9.46238425925926,0.0,2737,sao paulo,SP
1b1ae47a313a825a7ccceb8e2e30fa9d,11,2490.4,3.9,10.654221064814816,0.0,83450,bocaiuva do sul,PR
1b45169b635ef59425637e9a33eb5fb3,7,419.34999999999997,4.571428571428571,7.974323743386244,0.0,87050,maringa,PR
1b4b28463457a256e9a784ebe2a8f630,1,715.3399999999999,1.0,14.144814814814815,1.0,13418,piracicaba,SP
1b4c3a6f53068f0b6944d2d005c9fc89,112,17792.33,4.225225225225225,14.58300683922559,0.0625,88730,sao ludgero,SC
1b61fb1f0f2185d89e9a126c498e9cc7,1,65.81,5.0,11.358564814814814,0.0,87015,maringa,PR
1b65c144b17e607c0f37f10bb7dfec8d,4,1044.94,1.5,9.87824363425926,0.0,89160,rio do sul,SC
1b7e5006cb25dd23ce8686691013b121,11,2785.96,4.363636363636363,15.486682449494948,0.18181818181818182,2350,sao paulo,SP
1b8356dabde1d35e17cef975c3f82730,56,4413.61,4.166666666666667,10.540133417508416,0.017857142857142856,3477,sao paulo,SP
1b8b75e227c9a9c100d0c210fb6176ce,19,2195.61,3.3684210526315788,14.996113425925927,0.05263157894736842,5468,sao paulo,SP
1b938a7ec6ac5061a66a3766e0e75f90,30,4988.38,4.310344827586207,11.460889607279695,0.03333333333333333,16304,penapolis,SP
1bb2bdb95f4841f1bba2c0d2cd83d3c9,81,6149.2699999999995,4.6375,12.408010431317393,0.07407407407407407,1257,sao paulo,SP
1bb3812d5f0747a3ab7348f199001a10,9,1049.57,4.888888888888889,12.761235853909465,0.0,4708,sao paulo,SP
1bc2e21de46adfea6b98cc96b00f3b40,3,1142.5500000000002,3.3333333333333335,16.51103009259259,0.0,89228,joinville,SC
1c129092bf23f28a5930387c980c0dfc,191,12417.85,4.273684210526316,11.868799463937622,0.05759162303664921,2972,sao paulo,SP
1c40343cc5d18c2d8248ac2f3366de34,20,3043.01,4.6,7.29629050925926,0.1,13482,limeira,SP
1c56ffe0e9dea2657fc6e95b53f40b13,3,267.39,4.333333333333333,6.678163580246914,0.0,13575,sao carlos,SP
1c5e4e49b9079480255b49d50aac1aa9,12,11062.72,4.333333333333333,8.798226273148147,0.0,11030,santos,SP
1c68394e931a64f90ea236c5ea590300,137,27800.57,4.057251908396947,16.28173602662882,0.0364963503649635,87114,sarandi,PR
1c742ac33582852aaf3bcfbf5893abcf,1,113.69,5.0,6.017256944444444,0.0,30668,belo horizonte,MG
1c83418358f249c9d6affa52d579db0e,1,39.42,5.0,10.189027777777778,0.0,1420,sao paulo,SP
1ca4bdb0cd7fc48e949bac066188ed26,4,1963.08,4.5,14.298279320987653,0.25,36773,cataguases,MG
1ca7077d890b907f89be8c954a02686a,115,15106.94,2.3451327433628317,15.536053990912208,0.20869565217391303,6506,santana de parnaiba,SP
1caf283236cd69af44cbc09a0a1e7d32,33,1530.25,4.606060606060606,13.810502244668912,0.09090909090909091,26020,nova iguacu,RJ
1cbcd2ee0afb3fc09963b87eb65e7e4f,1,130.65,5.0,4.318333333333333,0.0,82640,curitiba,PR
1cbd32d00d01bb8087a5eb088612fd9c,11,1289.53,4.181818181818182,12.533015572390571,0.09090909090909091,3363,sp / sp,SP
1cbd50a8c52e6cf8e315c5709fab386f,9,1006.6600000000001,3.7777777777777777,19.0249537037037,0.1111111111111111,83830,fazenda rio grande,PR
1cbdc7cf130a41fd13a3c2a7d2fcfda7,2,225.61,5.0,8.690578703703704,0.0,37480,lambari,MG
1cd9e0cc1839d55516843def5600816d,5,926.72,5.0,7.781398148148147,0.0,3951,sao paulo,SP
1ce3ae5a399804d1a87e706f8a813c3e,38,3512.9100000000003,3.8421052631578947,14.991071820175438,0.10526315789473684,88715,jaguaruna,SC
1d0646a72178a6fb37ee8082140e06ec,2,97.62,5.0,7.651782407407408,0.0,89203,joinville,SC
1d0997ff06b524ce9289ffd75114ecd3,3,3873.57,3.6666666666666665,17.01238425925926,0.3333333333333333,52020,recife,PE
1d139e3a3b14025640d8df1b230aace0,2,71.18,3.5,7.653206018518519,0.0,14860,barrinha,SP
1d1bbb8ac1581824986f582583fff01d,4,226.47,3.5,9.16330439814815,0.25,89082,indaial,SC
1d2732ef8321502ee8488e8bed1ab8cd,4,1228.1799999999998,3.0,12.174519675925925,0.25,20031,rio de janeiro,RJ
1d29dfba02015238dfbe2449a5eaa361,12,789.92,4.5,15.374400077160493,0.08333333333333333,36576,vicosa,MG
1d4587203296c8f4ad134dc286fa6db0,41,2920.57,4.2926829268292686,9.473282882241216,0.04878048780487805,5101,sao paulo,SP
1d503743d2526f03f0c2c89540ee008c,12,720.53,3.9166666666666665,10.80260513117284,0.08333333333333333,1035,sao paulo,SP
1d8dbc4f32378d715c717c1c1fc57bae,91,13824.18,4.045454545454546,15.716508873456789,0.0989010989010989,86706,arapongas,PR
1d953075c2f0dd990bacf27b83b330f1,1,78.32,5.0,7.282638888888889,0.0,30421,belo horizonte,MG
1da366cade6d8276e7d8beea7af5d4bf,43,8722.76,3.9285714285714284,17.469218198853614,0.11627906976744186,36500,uba,MG
1da3aeb70d7989d1e6d9b0e887f97c23,260,12992.57,4.15748031496063,8.64782701280382,0.057692307692307696,4265,sao paulo,SP
1dc2de47ee26a0a5b12dc14fd6dc0dea,25,2327.58,4.56,14.610499537037038,0.12,14940,ibitinga,SP
1dcfa3835714681d4ba4a93bc1e0fd41,13,1602.1000000000001,4.0,15.07900848765432,0.0,16200,birigui,SP
1dd33b8119b3cb1056ed5dc88cd0aaf4,8,1641.74,3.75,10.906626157407407,0.125,4710,sao paulo,SP
1de62b6f2fd96227629786db492433db,1,171.59,5.0,4.52806712962963,0.0,16021,sp,SP
1dfe5347016252a7884b694d4f10f5c4,20,2099.24,3.526315789473684,19.270811403508773,0.25,14940,ibitinga,SP
1e26c56af8d48424e1df0140a2401f83,2,292.39,5.0,5.251145833333333,0.0,13911,jaguariuna,SP
1e47d8b6546eb3a77b1acddcc9406242,1,166.71,1.0,35.493993055555556,0.0,13015,campinas,SP
1e47defeeadeca0e9a18fa5a9311e735,3,291.62,5.0,12.017928240740739,0.0,15800,catanduva,SP
1e483cc5c76fef08d3ca05f9a8af7d01,10,295.07,4.1,8.48593492798354,0.0,2929,sao paulo,SP
1e8b33f18b4f7598d87f5cbee2282cc2,120,19628.420000000002,4.423728813559322,7.942770580454404,0.05,2066,sao paulo,SP
1e8c6a4c538f286aee9573239740a4b4,4,341.59000000000003,4.25,7.021634837962963,0.0,13251,itatiba,SP
1e9d5a33694bddb76316fd1f54734d20,2,468.94,4.5,12.253842592592592,0.0,78820,jaciara,MT
1eade46fba20122dc4aefb379f8c636b,58,4673.71,4.431034482758621,12.373743614303958,0.13793103448275862,2066,sao paulo,SP
1f1bb1f0859883505541bdd6606193e5,27,16562.87,4.333333333333333,13.97880958504801,0.1111111111111111,2124,sao paulo,SP
1f2eebc0e970fd3c463e4f5d9652687a,1,53.47,5.0,11.451400462962964,1.0,1311,sao paulo,SP
1f50f920176fa81dab994f9023523100,1389,142777.04,4.150943396226415,15.87167270458681,0.10655147588192944,15025,sao jose do rio preto,SP
1f7dfad2cb384ea4d2d7e1ffbd78c407,1,57.29,1.0,6.361909722222222,0.0,1139,sao paulo,SP
1f7fd2a6fcd5a6fa5d8a4dabc72aaae0,3,632.68,5.0,7.109780092592593,0.0,95800,venancio aires,RS
1f867308a0ce13133a4e639ff4de0c02,6,1043.42,4.666666666666667,11.09054976851852,0.0,82510,curitiba,PR
1f9ab4708f3056ede07124aad39a2554,77,15826.18,4.118421052631579,14.617450308641976,0.05194805194805195,17602,tupa,SP
1fbe10c70e30765ed1de86d9f7e98409,2,158.10999999999999,2.5,13.666018518518518,0.0,9320,maua,SP
1fdc574883ef3b33ad41562d93f3a74a,18,4524.2699999999995,4.444444444444445,11.25219843106996,0.05555555555555555,13480,limeira,SP
1fddcb7b326905d3ad5efe82187db347,1,105.22,1.0,,0.0,2279,sao paulo,SP
1fe5540d7c1c37a595fefbacd5570d9e,20,5118.75,4.3,11.861380787037037,0.05,25850,paraiba do sul,RJ
1fe61aa5494bd3ae92a2c13e067c810f,1,638.5799999999999,4.0,7.990543981481482,0.0,89540,santa cecilia,SC
2009a095de2a2a41626f6c6d7722678d,8,660.13,4.375,8.679225983796297,0.0,15025,sao jose do rio preto,SP
2039c5e51785b5dde7cf93ccb3b7be2c,1,173.68,5.0,8.269247685185185,0.0,14790,guaira,SP
2059c39f76271d4ca3f15b5ffaccc8b8,12,791.29,4.5,9.585923032407408,0.0,81930,curitiba,PR
20611af7866c6068fd5ae1f9dbe15c92,2,334.3,4.5,8.539311342592592,0.0,13660,porto ferreira,SP
2063dd1b9f568df1c16741ea7d3e6adb,3,820.27,5.0,12.651215277777778,0.0,85065,guarapuava,PR
2075d8cd4dd63ff12df0749a5866bb06,3,242.23000000000002,5.0,4.744471450617284,0.0,80010,curitiba,PR
2078fe5066350e7d220c0ad3a3bbc6c1,1,68.03999999999999,2.0,,0.0,86707,arapongas,PR
2089a6d640999f9b9141ac719b2af596,43,9416.95,3.8,19.834398148148146,0.13953488372093023,13566,sao carlos,SP
20a7efa9721046319bdde5d60b6b5365,3,596.59,5.0,19.369699074074074,0.0,88790,laguna,SP
20a8b0dc55da94fe74d112082427c84f,7,531.38,4.285714285714286,8.23525462962963,0.14285714285714285,13312,itu,SP
20b54c376b794ed028df09a3cd88e8dc,11,1506.55,3.0,21.161888227513227,0.18181818181818182,9560,sao caetano do sul,SP
20cb7c2fde3e5bf10f0bbe7394e1c6a9,32,1660.28,4.0,12.365232974910393,0.09375,86385,andira-pr,PR
20d53aad4fe5ee93a64f8839609d3586,2,86.44,2.5,39.27744212962963,0.5,37540,santa rita do sapucai,MG
20d83f3ef0e6925fd74bfd59170babf7,37,3386.07,4.388888888888889,9.074100975975975,0.05405405405405406,2804,sao paulo,SP
20f0aeea30bc3b8c4420be8ced4226c0,1,29.42,,44.71587962962963,1.0,13456,santa barbara d'oeste,SP
20fd2d2080ed85fa67fad3fcbb2c1813,1,105.47,1.0,,0.0,83405,colombo,PR
2138ccb85b11a4ec1e37afbd1c8eda1f,388,18248.1,3.9638242894056845,11.380177966617934,0.05412371134020619,8250,sao paulo,SP
213b25e6f54661939f11710a6fddb871,141,17856.18,3.9857142857142858,15.625016186929685,0.09219858156028368,13321,salto,SP
213fafb0ca06fb3d5886579c2565791b,3,216.86,2.3333333333333335,4.259791666666667,0.0,35700,sete lagoas,MG
2156f2671501a81034d7d07f217609d0,22,3433.89,3.8636363636363638,15.281910824514991,0.13636363636363635,4776,sp,SP
217f005bb37ff3aeef5b2ae1788e75ba,3,120.22,3.3333333333333335,14.454687499999999,0.0,6038,osasco,SP
218d46b86c1881d022bce9c68a7d4b15,382,62867.13,4.150666666666667,14.043293347369977,0.09424083769633508,14070,ribeirao preto,SP
218f991754f360af9c2daa5e0b8e990c,14,3819.5400000000004,3.642857142857143,13.861703869047618,0.14285714285714285,1123,sao paulo,SP
2199e7fe213c16213bf5d6a7eadc9a5d,25,4647.78,4.24,10.778349247685185,0.04,11900,registro,SP
21c62b998a043ebe31161d38f84929fc,4,841.33,4.5,13.303304398148148,0.0,60110,fortaleza,CE
21d59342ba150175ca2aa4f8faddeca6,1,213.37,4.0,11.202060185185186,0.0,8593,itaquaquecetuba,SP
21e83881401b92b49fb09a16d3852291,14,4182.53,4.357142857142857,10.948888888888888,0.0,38405,uberlandia,MG
2235cf78d3e2073a88146a9cb60f0dd0,1,204.76000000000002,5.0,14.215081018518518,0.0,4547,sao paulo,SP
226b05fe067266c59c15dae208213d06,10,1245.58,4.5,9.978346064814815,0.0,81520,curitiba,PR
228e4c1a0be164f613d41c24345f9d2c,5,769.44,5.0,11.118863425925927,0.0,86360,bandeirantes,PR
229c3efbfb0ea2058de4ccdfbc3d784a,121,18106.57,3.625,10.759132140615192,0.01652892561983471,30190,belo horizonte,MG
22a23e5ac7061fc538cc2a019afaaf16,1,109.42,3.0,11.029351851851851,0.0,30310,belo horizonte,MG
22c32ec35d0116ef02c281798a25bf8b,4,210.01,3.75,11.45622974537037,0.0,87043,maringa,PR
2305ab43e846518f58dd9d59f3f54e96,3,831.26,3.6666666666666665,11.829328703703704,0.0,8452,sao paulo,SP
232a6014e7b10cba61c6c2b2ea6bb4b0,33,5133.27,4.15625,13.59916015625,0.06060606060606061,16500,cafelandia,SP
23613d49c3ac2bd302259e55c06c050c,67,6733.86,3.8333333333333335,14.1616784161055,0.14925373134328357,13660,porto ferreira,SP
236585a4ddb5fea9fa40233e2249ed91,11,837.67,4.090909090909091,13.136474116161617,0.09090909090909091,95088,caxias do sul,RS
2379bdc3888025689a9deb7b141507d5,9,1125.61,4.333333333333333,18.42511059670782,0.3333333333333333,13806,mogi mirim,SP
238fac594e170b59c6d228f5a4f4f1d9,28,4377.889999999999,4.111111111111111,12.100554728835977,0.10714285714285714,17300,dois corregos,SP
23a0ffca143a15b9b5bbdb7d552f626a,22,4094.27,3.9545454545454546,11.5536531986532,0.13636363636363635,13520,sao pedro,SP
23c38debaffe4a25a30fdbd9b586a13f,40,6111.37,4.35,11.611760706018519,0.15,18110,votorantim,SP
23ca5f678e0b3ea6c630b30fa8bf51ea,6,279.39,5.0,7.270869984567901,0.0,2839,sao paulo,SP
23d7c96d4a1160db1c726b248601b25a,53,13146.52,3.8,13.130946064814815,0.11320754716981132,13360,capivari,SP
23ff42c4bf1f8f16cddb19d8b972974a,2,227.67000000000002,4.0,11.843969907407407,0.0,37975,itau de minas,MG
240b9776d844d37535668549a396af32,36,14452.65,4.277777777777778,11.357760582010583,0.05555555555555555,24120,niteroi,RJ
244b04680fdbded0acf5aebd9c92b44a,3,3616.51,1.0,38.01493055555555,0.3333333333333333,13211,jundiai,SP
244c2f1bff6afe1f2eaf9bfe9b2aed38,23,3794.87,3.869565217391304,13.988220108695652,0.08695652173913043,8832,mogi das cruzes,SP
247587846358bb1d2e4c6522020b36fe,1,121.51,5.0,4.81011574074074,0.0,15093,sao jose do rio preto,SP
2493dc3f20131696a0ecdb9948051a8d,4,575.0699999999999,4.75,9.174956597222222,0.0,71065,brasilia,DF
249f0e9905a6e06ad6c6bea7547ab9f6,2,236.76999999999998,5.0,5.973292824074074,0.0,20950,rio de janeiro,RJ
24a6daf925d9d591870a66660416de31,2,90.08000000000001,4.5,13.617193287037036,0.0,14078,robeirao preto,SP
24c1de8d9551c0b4fbc53317d53efda8,1,412.12,5.0,12.779282407407408,0.0,58385,serra redonda,PB
2528513dd95219a6013d4d05176e391a,154,35825.53,4.026666666666666,10.576692916364077,0.05194805194805195,6060,osasco,SP
2528744c5ef5d955adc318720a94d2e7,5,6508.7,2.4,10.070645833333334,0.0,13202,jundiai,SP
252e76235acb79183cfca6e34f13337d,2,155.09,2.5,12.808576388888888,0.0,13090,campinas,SP
253c025bab43881055aeecde5e2d8b77,2,124.33,4.5,16.56265625,0.5,80620,curitiba,PR
253f95b3a0e6983ae18aed49fbc2b845,5,890.94,4.4,9.206965277777778,0.0,4141,sao paulo,SP
257e61d3251fb5efb9daadddbc2cf7ca,12,8806.18,4.75,8.095081018518519,0.0,86804,apucarana,PR
258447aad3f7b01e2643c89f64dc5647,1,71.45,5.0,7.945914351851852,0.0,87210,cianorte,PR
259f7b5e6e482c230e5bfaa670b6bb8f,136,11208.64,4.333333333333333,8.717435651603095,0.022058823529411766,8550,poa,SP
25be943a321c8938947bdaabca979a90,5,907.5500000000001,3.5,3.203792438271605,0.0,9725,sao bernardo do campo,SP
25c5c91f63607446a97b143d2d535d31,150,57908.32,3.931972789115646,14.676277527527528,0.07333333333333333,35680,itauna,MG
25cf099de44674fde97473224f9d59ab,50,2359.55,4.326530612244898,9.392387962962964,0.04,6716,cotia,SP
25debeafbce801fdd479539350185eee,6,579.0699999999999,2.6666666666666665,14.982872685185185,0.0,17350,igaracu do tiete,SP
25e47381a6c510ddeb36084e33b89f0c,16,1571.71,4.25,10.001467013888888,0.0,11720,praia grande,SP
25e6ffe976bd75618accfe16cefcbd0d,108,13817.39,4.407407407407407,10.152859997379455,0.05555555555555555,5503,sao paulo,SP
262237171f48e85819065498cac80d7b,4,749.0,4.25,11.070480324074074,0.0,88352,brusque,SC
2646baaf662d4d92ac48f047e35db92d,15,1549.39,4.466666666666667,5.729047067901234,0.13333333333333333,3303,sao paulo,SP
26562f211dd1364af2a8596dc945e8ae,2,115.11,5.0,2.2555555555555555,0.0,9785,sao bernardo do campo,SP
265fdc289dffa9f1ad801c74f7d0de47,1,546.55,5.0,7.357453703703704,0.0,15155,jaci,SP
26785a546900236d66f2e4197c211158,15,1244.65,4.666666666666667,5.767207561728395,0.0,8430,sao paulo,SP
269c5fc9fcadee614364c3620c30a1f9,3,254.71999999999997,5.0,4.606662808641976,0.3333333333333333,7140,guarulhos,SP
269cff2d3c8d205c11f37a52402ea93b,4,1415.0,4.5,7.12845775462963,0.0,15803,catanduva,SP
26af45f5dfd967225a832838aa4e24a3,8,642.79,3.875,10.198140914351852,0.0,81070,curitiba,PR
26b482dccfa29bd2e40703ba45523702,3,412.41,5.0,3.5925617283950615,0.0,13450,santa barbara d´oeste,SP
26bad72add1f86e08a776ce4ffdaf1ca,7,745.9200000000001,4.5,10.942886904761904,0.0,14470,pedregulho,SP
26d6bbee02420494d471c9f6436929c0,12,681.6999999999999,4.666666666666667,8.373374807098765,0.0,81530,curitiba,PR
26d8a1c7c75d513045798992ead43aa2,36,8945.78,4.305555555555555,12.723354779411764,0.08333333333333333,86800,apucarana,PR
26e13b6ff5b641b329e5524241ee2c93,3,133.85,5.0,6.965096450617284,0.0,14401,franca,SP
26e2c91ef821e1ff8985f408788fe35b,12,1923.8700000000001,3.0,26.224134837962964,0.4166666666666667,14940,ibitinga,SP
26e2e5033827d2ba53929f43e03d8ffe,1,154.78,5.0,5.269074074074074,0.0,2611,sao paulo,SP
26f6b7ab07be3e9e69ce82a6552efc19,2,80.75,3.0,10.984780092592594,0.5,21070,rio de janeiro,RJ
270297ead4c65a6cd2593960d2af6b21,18,10073.73,3.823529411764706,14.341523011982572,0.0,4696,sao paulo,SP
270572bb714b00531be85e16e1550f26,1,111.75999999999999,5.0,11.073055555555555,0.0,9370,maua,SP
2709af9587499e95e803a6498a5a56e9,25,1848.54,3.9130434782608696,11.391490162037037,0.12,3813,sao paulo,SP
270d3ef21830ad0ecf3a6c53d08a533a,6,743.67,2.3333333333333335,11.543194444444444,0.0,6380,carapicuiba,SP
271b8923c6a549e02d3c9fd1f8c0422b,1,118.59,4.0,14.175335648148149,1.0,11704,praia grande,SP
271c58a1d139c45eaf3316107c6d3a3b,29,4568.71,4.068965517241379,13.15568329903978,0.06896551724137931,3632,sao paulo,SP
272f092de69afedd4d2969440b37f18f,25,2397.91,3.8333333333333335,10.268071469907406,0.0,3265,sao paulo,SP
2745f798279e0ed033addcc1474776d7,31,4251.38,3.933333333333333,13.611460573476702,0.0967741935483871,3106,sao paulo,SP
276677b5d08786d5dce7c2149dcce48b,33,4320.639999999999,3.96875,12.060317727001195,0.09090909090909091,31730,belo horizonte,MG
278b6e0b20c4f61fefaa0577943d7a35,1,1152.62,1.0,,0.0,88316,itajai,SC
27a56ff04b34c2ba34ce6ba4d3b9d616,8,452.27,4.125,12.881733217592593,0.125,13033,campinas,SP
282c7480173bb9c01dd41cc739fec010,5,4466.3099999999995,4.0,14.406465277777778,0.2,4795,sao paulo,SP
282f23a9769b2690c5dda22e316f9941,99,8492.15,4.333333333333333,11.22246019935752,0.050505050505050504,31573,belo horizonte,MG
28405831a29823802aa22c084cfd0649,7,333.18,4.285714285714286,7.19403163580247,0.0,3644,sao paulo,SP
28872dc528e978a639754bc8c2ce5a4c,1,1038.9,5.0,4.039108796296296,0.0,95070,caxias do sul,RS
289cdb325fb7e7f891c38608bf9e0962,105,15224.13,4.59047619047619,6.755184072293447,0.01904761904761905,31570,belo horizonte,SP
28a26ebce31d5918b181ede016fd693b,1,47.04,5.0,11.071064814814815,0.0,31950,belo horizonte,MG
28c7d8743fbc8679f484868cc0fcaefb,3,270.36,5.0,13.52462962962963,0.0,18480,itaporanga,SP
28d162ab86bb49d719c32f0ee6186eaa,1,127.19999999999999,4.0,16.388842592592592,0.0,14079,ribeirao preto,SP
28ea411b354f14b1a494be4e79f0ce02,6,896.9300000000001,4.666666666666667,8.916840277777778,0.16666666666666666,5685,sao paulo,SP
28f10b1c5e5abb9d4857745bede6147c,28,1185.42,4.0,7.637304894179894,0.21428571428571427,4250,sao paulo,SP
28fb0829fd777877cdc350d25cb5bd5b,4,569.26,3.75,14.081875,0.0,15051,sao jose do rio pret,SP
293dee954235e4e4e43f129313625ebe,8,2019.2199999999998,5.0,14.440222800925927,0.0,72125,brasilia,DF
2953ce3a88f5e3c3b696d77fc9e4c8eb,14,631.32,4.642857142857143,8.224686673280424,0.21428571428571427,4270,sao paulo,SP
296729ffb9b684050dd24836dac4494a,2,149.61,5.0,7.2698784722222225,0.0,80240,curitiba,SP
297d5eccd19fa9a83b2630071ff105e4,8,976.73,5.0,6.882055844907407,0.0,80710,curitiba,PR
299c89a525fee36c567f4fe72f038100,2,757.75,2.0,9.31943287037037,0.0,63540,varzea alegre,CE
29c322e3f09f886f8bacbe91dfbd979e,1,208.55,5.0,6.673425925925926,0.0,97110,santa maria,RS
29e6e05b65f93bc224c644319dc52ecf,4,558.9200000000001,4.75,6.916348379629629,0.0,36010,juiz de fora,MG
29fe9f200d3fa0c668d2aa1ec7e08dfb,5,514.16,4.0,10.749125000000001,0.0,88330,balneario camboriu,SC
2a1348e9addc1af5aaa619b1a3679d6b,52,4069.4300000000003,3.1176470588235294,27.313096788194443,0.25,30494,belo horizonte,MG
2a167ca73899c85001a837d8fb4962f6,2,4197.62,4.5,6.509230324074074,0.0,37540,sao paulo,SP
2a261b5b644fa05f4f2700eb93544f2c,47,6882.59,3.9361702127659575,14.613997241922775,0.2127659574468085,13660,porto ferreira,SP
2a50b7ee5aebecc6fd0ff9784a4747d6,1,264.24,1.0,39.73696759259259,1.0,72580,brasilia,DF
2a5b78b41cd05baeac8df54c6606b92c,49,20223.43,4.326530612244898,9.040109450483092,0.02040816326530612,35570,formiga,MG
2a61c271b1ac763450d846849783e922,18,2013.1299999999999,4.055555555555555,19.237509002057614,0.2222222222222222,9175,santo andre,SP
2a6fbeaa7ab9e5d59a35841a8da71ce4,29,2228.66,4.035714285714286,14.776127075351214,0.06896551724137931,89259,jaragua do sul,SC
2a73cba571d90c694b7caca072ccf6ce,1,381.47999999999996,5.0,21.333020833333332,1.0,9560,sao caetano do sul,SP
2a7c6c0b0d5efde2bf75ec1e1cec2d41,3,192.04,3.3333333333333335,10.607287808641976,0.0,87015,maringa,PR
2a7dc43cecabf23403078e2188437d1d,52,5722.95,4.1568627450980395,13.144261485042735,0.07692307692307693,4142,sao paulo,SP
2a84855fd20af891be03bc5924d2b453,162,18992.45,4.246875,8.660213779956427,0.030864197530864196,30111,belo horizonte,MG
2aa3443d7bf9d9bb11133f420d75e083,10,781.12,3.0,10.573586805555555,0.2,22713,rio de janeiro,RJ
2aafae69bf4c41fbd94053d9413e87ee,2,201.41,4.5,8.844872685185186,0.0,91901,porto alegre,RS
2addf05f476d0637864454e93ba673d5,12,4877.64,5.0,10.398473186728395,0.0,70856,brasilia,DF
2b03ac196f5ed62ac483960fe0fa3b65,7,935.19,4.142857142857143,12.89291832010582,0.14285714285714285,2510,sao paulo,SP
2b1a40c1daabc6ca280c4b815c101841,23,14634.880000000001,3.6956521739130435,13.425314078282828,0.043478260869565216,35500,divinopolis,MG
2b2fed75b8e5ea3a052fc4c0825da485,3,570.83,5.0,5.570671296296297,0.0,36015,juiz de fora,MG
2b3b9ce054da76a7428df143a567b156,5,694.01,3.6,8.186101851851852,0.0,3572,sao paulo,SP
2b3e4a2a3ea8e01938cabda2a3e5cc79,51,23353.94,4.431372549019608,8.773028095497459,0.0,4733,sao paulo,SP
2b402d5dc42554061f8ea98d1916f148,1,363.78999999999996,5.0,6.000300925925926,0.0,44900,irece,BA
2b5ed0c9139dae8883a200dfcb272ece,4,144.75,4.25,16.871241319444444,0.25,4087,sao paulo,SP
2ba91c7ad80ff88b23b7db823b43c233,6,840.33,3.8333333333333335,18.654373070987656,0.3333333333333333,13310,itu,SP
2bd05d410a8fd26dc4184a15f4f2f588,6,1515.27,5.0,10.176797839506174,0.0,31130,belo horizonte,MG
2bdb95a56a36ebbc6640337ac5eac174,1,107.9,5.0,5.851944444444444,0.0,4054,sao paulo,SP
2be17df1c49978426251562096c3cc09,15,2376.49,4.2,12.27665663580247,0.06666666666666667,88704,tubarao,SC
2bf28e311bba65237358230cabac3f15,7,477.88,3.7142857142857144,11.378096891534392,0.2857142857142857,86047,londrina,PR
2bf6a2c1e71bbd29a4ad64e6d3c3629f,30,51629.49,4.166666666666667,13.650243055555556,0.1,28615,nova friburgo,RJ
2c00c85d30361cd2ced2969cffbbffa3,1,57.51,5.0,1.8740625,0.0,31160,belo horizonte,MG
2c2c9832d1bb38c5b0034a3b47d313ee,1,68.35,3.0,12.09361111111111,0.0,97050,santa maria,RS
2c3d56f92f360fb89d849b84e8f50eae,8,590.4399999999999,3.125,13.617607473544975,0.25,6420,barueri,SP
2c43fb513632d29b3b58df74816f1b06,3,930.17,3.6666666666666665,4.594564043209877,0.0,30421,belo horizonte,MG
2c4c47cb51acd5ea5db5e0ae0e26542a,12,2942.92,4.666666666666667,10.739328703703704,0.0,15290,buritama,SP
2c538755f1ca9540af144f266e70df6c,1,359.91,5.0,6.557847222222223,0.0,39801,castro pires,MG
2c54051840f19eca309a5423cf22df36,2,52.269999999999996,4.5,8.931585648148149,0.0,81830,curitiba,PR
2c9005d8043aff18b8557ffb7b13cda4,1,129.64000000000001,5.0,7.852303240740741,0.0,29304,cachoeiro de itapemirim,ES
2c9e548be18521d1c43cde1c582c6de8,126,8680.39,4.112903225806452,13.678749999999999,0.15873015873015872,8752,mogi das cruzes,SP
2cb4700db635baa1c0d4f90ed27b6669,2,228.72000000000003,2.0,16.483385416666668,0.0,81070,curitiba,PR
2cb6eb1b7185064167657fa09f541105,6,1382.68,4.333333333333333,8.200736882716049,0.0,34710,sabara,MG
2cb98e27ce1c18abdb42209b34c382a7,1,119.7,4.0,19.064525462962962,0.0,14085,ribeirao preto,SP
2d20f1cd18725c91147da0791d498022,1,119.69,5.0,9.953344907407407,0.0,86040,londrina,PR
2d22fc3089eb907b29ebff50581fb472,3,377.39,3.6666666666666665,9.620108024691358,0.0,27972,macae,RJ
2d2322d842118867781fc737e96d59a1,8,281.37,4.875,8.09072193287037,0.125,5879,sao paulo,SP
2d2c62bef4c8ba0dd74e0e228e808539,16,4230.4800000000005,4.125,10.307319878472223,0.125,14096,ribeirao preto,SP
2d34636518ba88f5349b732fcf8ba2e4,1,168.63,5.0,10.83261574074074,0.0,1039,sao paulo,SP
2d378dbb39815785238c0139c7647fb7,2,1454.44,5.0,19.639346064814816,0.0,89240,sao francisco do sul,SC
2d42ebcda99fd55f6f4bc2f1ca035d50,10,1203.97,4.3,9.604912037037037,0.0,76400,uruacu,GO
2d50d6282f8aa2257819a77bfaa0efe0,43,4372.39,3.744186046511628,13.652660659171076,0.13953488372093023,14940,ibitinga,SP
2d518637f53161b973e01f56ea4bb88e,13,1539.6999999999998,4.923076923076923,13.663798967236469,0.0,2992,sao paulo,SP
2d8cfba3fcd3170555941605edaa196a,1,55.96,5.0,4.953564814814815,0.0,6080,osasco,SP
2d9e8987a2ea5cf88dce330249043ff1,2,344.17,4.5,8.896828703703704,0.0,15155,jaci,SP
2dcf93836ae3ce0d7c93e2f10876467a,9,1675.83,4.111111111111111,6.496018518518519,0.2222222222222222,12240,sao jose dos campos,SP
2dd1fb6f0e42a2243b8a01e40cd41216,4,942.73,3.6666666666666665,13.608958333333334,0.0,80240,curitiba,PR
2dee2ce60de9709b1a24083217181a1f,54,9844.56,4.425925925925926,14.143901963305897,0.018518518518518517,78552,sinop,MT
2e0dba2da448400b1c11d7b4b22f32a4,7,407.70000000000005,3.142857142857143,8.869021164021165,0.0,9070,santo andre,SP
2e13c71026e1a39ba5cc1b86dcb679aa,24,4691.02,4.375,10.574384162808641,0.08333333333333333,2265,sao paulo,SP
2e1a7d075abe038c1b2743005fe42ff1,18,1630.3300000000002,4.222222222222222,12.229545887799564,0.16666666666666666,3461,sao paulo,SP
2e1c9f22be269ef4643f826c9e650a52,166,15173.61,4.184049079754601,9.858157913773148,0.06626506024096386,4850,sao paulo,SP
2e2f44824ab87a0cb961f68bf4073e7f,1,65.93,2.0,10.955590277777778,0.0,82315,curitiba,PR
2e3be8a987a30d7544dbbda6861cc14e,18,4777.55,3.1666666666666665,14.496781580687832,0.05555555555555555,30620,belo horizonte,MG
2e7ea2aafec5835e781b21d6d1faf1f1,7,646.62,4.5,7.159899140211641,0.14285714285714285,2820,sao paulo,SP
2e90cb1677d35cfe24eef47d441b7c87,126,16763.27,4.111111111111111,12.499014182833628,0.1349206349206349,2285,sao paulo,SP
2ea0861cc19e94cad86438c984c52da4,6,242.04,3.3333333333333335,5.2506057098765435,0.0,3731,sao paulo,SP
2eb70248d66e0e3ef83659f71b244378,200,45666.29,2.681122448979592,18.153328265765765,0.13,13101,campinas,SP
2ec6e37d992a95eaddb3369dcbcc76d9,1,97.03,1.0,12.038020833333333,0.0,91310,porto alegre,RS
2ee0a0689f2f6a72f35a7cb6033f6e7e,4,324.84000000000003,4.0,9.681559606481482,0.0,19025,presidente prudente,SP
2eeb6531ee027a48d401e72bebdd87d3,3,78.7,4.333333333333333,12.211415895061728,0.0,12230,sao jose dos campos,SP
2ef086a599b597572aca4433b7ed6b3d,1,64.1,5.0,11.24431712962963,0.0,89256,jaragua do sul,SC
2f09f7d37a97956d11cc1a7cadd5262b,11,2675.76,2.909090909090909,12.842810846560846,0.09090909090909091,14090,ribeirao preto,SP
2f1e7b90e01d9f086cbcb301c0c3d406,1,71.66,5.0,7.110335648148149,0.0,89022,blumenau,SC
2f3d8b4c9e2ee165075331fea3f3095a,1,147.35,5.0,12.331180555555555,0.0,88107,sao jose,SC
2f4b0d3b9634b647d4edee577d7ebb7e,10,422.31,4.9,6.147945601851852,0.0,2310,sao paulo,SP
2f4b9d112bfa44a214bc6cef085d17c8,5,413.26000000000005,4.4,14.775958333333335,0.0,29600,afonso claudio,ES
2f73e04d12cdf0c945ded66bb3fcf6c7,3,1460.85,3.3333333333333335,13.595486111111109,0.0,29313,cachoeiro de itapemirim,ES
2f74af7a0ee5636f12c2336f9fffed47,13,724.4699999999999,4.25,9.696574964387464,0.0,2376,sao paulo,SP
2f9b7ce230a057a98a9f5df5893ee36c,2,171.85000000000002,4.5,10.458252314814814,0.0,6460,barueri,SP
2fa13c8bd5705d279f7ed5cc9ec61c68,2,148.7,5.0,4.554305555555556,0.0,4679,sao paulo,SP
2fb25ab44bdbeae6a4d816e0d0c9d500,5,761.29,4.8,8.520905092592592,0.0,27274,volta redonda,RJ
2fdde51ad3e12f297da656d4fbd5d0b5,10,6874.14,4.7,15.266977880658438,0.0,89228,joinville,SC
2ff6b7bff164ef05590a52734e1296da,7,1955.1200000000001,4.714285714285714,11.747468584656085,0.0,86060,londrina,PR
2ff97219cb8622eaf3cd89b7d9c09824,88,5868.19,4.5227272727272725,9.02618243970715,0.056818181818181816,13320,salto,SP
3076499bbc033a927bf4a8a41bcf7fd4,6,429.21999999999997,4.166666666666667,8.311128472222222,0.0,15350,auriflama,SP
3078096983cf766a32a06257648502d1,59,9700.9,4.203389830508475,12.067960276124339,0.05084745762711865,13720,scao jose do rio pardo,SP
30829ded4523ab9224b93bc49a62c95f,18,7549.71,3.7777777777777777,12.086655092592592,0.05555555555555555,95360,parai,RS
3092c0b297aacfb4bb6e056ebe13b9b8,17,1728.5900000000001,3.823529411764706,14.402056878306878,0.0,7402,aruja,SP
30a2f535bb48308f991d0b9ad4a8c4bb,68,5750.8099999999995,4.411764705882353,8.37615059912854,0.029411764705882353,13457,santa barbara d'oeste,SP
30a81d8cf85fb2ada1b1b094c9583a95,17,1413.52,4.823529411764706,4.29011574074074,0.0,3563,sao paulo,SP
30c7f28fd3a5897b2c82d152bb760c17,7,2503.16,1.6666666666666667,20.652399691358024,0.42857142857142855,24020,niteroi,RJ
312ba1d77e9c332ef21f9598b7f64cd7,9,888.05,2.7777777777777777,25.699447751322754,0.4444444444444444,7179,guarulhos,SP
31344c16881c08a8a72c6d2eb29918c1,43,12166.05,4.348837209302325,15.696046075837742,0.046511627906976744,36500,uba,MG
31561f325664a8a7aba4c8d0c3a9b3db,36,3405.92,4.638888888888889,7.388848701131688,0.027777777777777776,3287,sao paulo,SP
318f287a62ab7ac10b703ac37435a231,52,3634.6,3.8653846153846154,11.519044798474946,0.09615384615384616,4773,sao paulo,SP
31ae0774c17fabd06ff707cc5bde005f,11,7570.67,4.0,11.775554503367005,0.09090909090909091,13478,americana,SP
31be790e64fc99f8ff48ec2bd18a3104,6,313.68,4.333333333333333,6.493200231481481,0.3333333333333333,9690,sao bernardo do campo,SP
31da954dc0855f2495c6310f70a2f931,28,4716.58,4.321428571428571,8.271112351190476,0.10714285714285714,13601,araras,SP
31e60bf8d103ce47932a85f5562deb16,1,239.04,5.0,14.461574074074074,0.0,74590,goiania,GO
31eec405c9bb71dec8e2629a92e764fa,5,427.13,4.6,8.572550925925926,0.0,29300,cachoeiro de itapemirim,ES
323ce52b5b81df2cd804b017b7f09aa7,30,2955.67,4.310344827586207,17.057155970625796,0.16666666666666666,3306,sao paulo,SP
324583d68897f5ddbaf38f6248322176,2,171.23000000000002,1.0,21.315943287037037,0.5,15046,sao jose do rio preto,SP
325f3178fb58e2a9778334621eecdbf9,35,1719.0,4.470588235294118,6.416820105820106,0.0,6790,taboao da serra,SP
327b89b872c14d1c0be7235ef4871685,3,1258.8,2.3333333333333335,47.8408024691358,0.6666666666666666,69005,manaus,AM
3289d8c3eef4873f91ce0b1343c0dd58,1,219.27,5.0,13.827824074074075,0.0,11701,praia grande,SP
328acb143b4a73aad6bee8e734f5d20d,2,734.75,4.0,12.058634259259259,0.0,85865,foz do iguacu,PR
3296662b1331dea51e744505065ae889,1,545.51,5.0,3.404826388888889,0.0,15805,catanduva,SP
32b8764b4ef628b53608fc34011fcc13,35,11534.68,4.228571428571429,11.295505952380953,0.08571428571428572,88504,lages,SC
32e5635e63cb374eb63afdd242fb6134,1,927.82,5.0,7.309675925925926,0.0,22451,rio de janeiro,RJ
32f1bb9dfa65bc7df5c0d9d95a616be4,5,332.17,4.0,6.589253472222222,0.2,4705,sao paulo,SP
32f83ffe11cd40f7adcf4eef171f52d9,1,45.089999999999996,5.0,10.574085648148149,0.0,97502,uruguaiana,RS
32fdd5d44ecb43dfd6a24b9369eca144,8,617.88,4.375,16.070402199074074,0.0,35557,carmo do cajuru,MG
3338e7a0710a195872be80e0d2423867,1,65.43,1.0,,0.0,13403,piracicaba,SP
333c4210e76a1aa2ab817b99437e3ff1,2,402.42999999999995,5.0,7.161348379629629,0.0,13880,vargem grande do sul,SP
3340ef1913fb70d28420f6ceb685c339,30,7300.59,4.4,17.045724922839508,0.1,87040,maringa,PR
334cab711dee080b079fa5779b584783,11,1681.1399999999999,4.909090909090909,8.1149515993266,0.0,9190,santo andre,SP
33576ec5412fb5905d876f12f33bfde6,31,3287.98,4.096774193548387,14.81529607228196,0.03225806451612903,80040,curitiba,PR
3361277dc30b7cccdb0c286b24219756,29,4540.9,4.344827586206897,13.247004709450831,0.06896551724137931,87015,maringa,PR
3364a91ec4d56c98e44174de954b94f6,5,3688.57,3.6,16.90568287037037,0.0,76804,porto velho,RO
33a17d60c64393351ebf1ef860f4e0f2,42,9280.69,4.642857142857143,10.697231316137566,0.023809523809523808,91510,porto alegre,RS
33a6f4b1e7cdc205511e76ba1b6e0186,102,12143.93,4.455445544554456,8.609222267610749,0.0196078431372549,7084,guarulhos,SP
33ab10be054370c254ddfcf0a6253422,4,265.53,5.0,5.813640046296296,0.0,22790,rio de janeiro,RJ
33ac3e28642ab8bda860a2f693000e78,34,4273.97,4.205882352941177,8.721855936819173,0.0,6717,cotia,SP
33c51922b6e3c16b24a8f28e5833c99d,18,7025.88,4.235294117647059,14.543931327160493,0.05555555555555555,86010,londrina,PR
33cbbec1e7e1044aaf11d152172c776f,15,1129.5,4.733333333333333,8.429000771604938,0.0,95705,bento goncalves,RS
33cbda8716511e27e556dff9d8418bf2,5,615.57,4.8,12.712717592592593,0.0,89052,blumenau,SC
33d677f27a69b84051204ee4ae76eaca,9,338.49,4.555555555555555,8.826325874485597,0.0,89218,joinville,SC
33dd941c27854f7625b968cc6195a552,5,7168.41,4.4,11.700719907407407,0.0,29107,vila velha,ES
33fd411ed63a7c2f9005e3f065d9f85d,1,43.129999999999995,4.0,8.134837962962964,0.0,98290,condor,RS
34056b8b55c1775a22af2331670a799c,78,8229.89,4.0,12.927642496392497,0.11538461538461539,16304,penapolis,SP
340636a908b13bbe0f4fb63fbe1d0c03,5,993.1500000000001,3.4,7.826103395061729,0.0,12240,sao jose dos campos,SP
343e716476e3748b069f980efbaa294e,17,1234.7,4.3125,13.03556495949074,0.058823529411764705,13033,campinas,SP
3442033154be05bac582e173ef54fd12,1,169.39,5.0,3.9064699074074074,0.0,5413,sao paulo,SP
344223b2a90784f64136a8a5da012e7f,1,27.689999999999998,2.0,32.62399305555556,1.0,89117,gaspar,SC
3442f8959a84dea7ee197c632cb2df15,2,233.38,3.0,18.422476851851854,0.5,13023,campinas,SP
34675b28b826facfde119785bf287dc1,1,37.089999999999996,4.0,5.948611111111111,0.0,85802,cascavael,PR
3481aa57cd91f9f9d3fa1fa12d9a3bf7,25,2584.7999999999997,3.88,10.194835185185186,0.0,13360,capivari,SP
3492e68f37fd1df87f4f2f2ea247f445,8,957.26,3.875,9.321517650462962,0.125,13322,salto,SP
34a557286ead8fe75c989e0afcf7d98c,4,473.46000000000004,4.75,8.269539930555556,0.0,14406,franca,SP
34aefe746cd81b7f3b23253ea28bef39,1,22.52,1.0,,0.0,81210,curitiba,PR
34d1ca11b242c0fee2c834ae8d788566,40,14404.28,4.333333333333333,13.179686631944444,0.0,36415,congonhas,MG
34f563c82a85b99ae9e6d60db5fc2e28,8,4027.7000000000003,4.625,10.739244791666666,0.0,93700,campo bom,RS
3504c0cb71d7fa48d967e0e4c94d59d9,52,2922.81,4.480769230769231,7.384828392094017,0.0,9350,maua,SP
35281d148dcf7134bae913c57db4e6da,1,137.01999999999998,5.0,5.274907407407407,0.0,5171,sao paulo,SP
353e21e8bf8de2722b4fae1636664b76,3,234.82999999999998,3.0,10.353244598765434,0.0,92120,canoas,RS
35857757f553273b1056c1cabdace7fb,6,573.34,4.0,18.20813271604938,0.3333333333333333,14020,ribeirao preto,SP
3586b8580d9c917874e053a1bb37b5ff,36,2352.35,4.416666666666667,13.619744727366255,0.027777777777777776,14802,araraquara,SP
35b96509602ec4b7da831b5cd73ff2c2,2,606.45,4.5,9.125092592592592,0.0,93040,sao leopoldo,RS
35ef5aa32949680f627efec3c23e705c,3,412.33,4.666666666666667,9.427731481481482,0.0,88960,sombrio,SC
35fb511489d9ee3ee27a76debce9df06,7,586.79,3.5,16.808877314814815,0.14285714285714285,86061,londrina,PR
3606774ec64634822d78dc2db6d37045,2,345.20000000000005,3.0,15.816574074074074,0.0,9510,sao caetano do sul,SP
365e445f796710c3431557e85caa25db,4,1194.3,4.5,8.38683449074074,0.0,4083,sao paulo,SP
365e4bce19bda0082c3d15d83fdb8bcd,6,895.02,4.666666666666667,10.377220293209877,0.0,9570,sao caetano do sul,SP
36890be00bbfc1cdb9a4a38a6af05a69,13,1600.88,4.230769230769231,9.416596331908831,0.23076923076923078,6040,osasco,SP
36a968b544695394e4e9d7572688598f,152,11600.84,3.638157894736842,10.776678557838661,0.046052631578947366,11010,santos,SP
36f98ad67cc981f50ce8aed093d5783c,2,158.62,4.0,6.10787037037037,0.0,85904,toledo,PR
37303482a42fb700d8d127e70a9cd6c8,2,171.38,3.0,2.051712962962963,0.0,13070,campinas,SP
373ee4a3a775a733770ca3f790b8b9ac,13,2431.81,3.923076923076923,10.008915598290598,0.07692307692307693,22793,rio de janeiro,RJ
37515688008a7a40ac93e3b2e4ab203f,223,9348.43,4.117647058823529,15.374108274941607,0.1031390134529148,17900,dracena,SP
376a891762bbdecbc02b4b6adec3fdda,57,7693.63,4.666666666666667,12.221382594217024,0.03508771929824561,74323,goiania,GO
376d67b61dce0c990155286e7ae486a4,1,111.91,4.0,14.346273148148148,0.0,4815,sao paulo,SP
3771c85bac139d2344864ede5d9341e3,26,1842.26,3.8461538461538463,13.25759659900285,0.15384615384615385,18087,sorocaba,SP
377bc18334c78dd2f1535ef22a3ad225,1,224.44,5.0,9.886643518518518,0.0,83015,sao jose dos pinhais,PR
3785b653b1b82de85ab47dd139938091,21,2175.61,4.7,11.928460648148148,0.0,85640,ampere,PR
37be5a7c751166fbc5f8ccba4119e043,272,61433.88,4.3106060606060606,10.649036512116204,0.025735294117647058,4248,sao paulo,SP
37ceb404da208418c9032f0674e57804,1,274.11,1.0,,0.0,4615,sao paulo,SP
37dd29b36c458d82f74a953c40c43645,7,5016.43,3.857142857142857,18.456660052910053,0.14285714285714285,13480,limeira,SP
38102b031c2a15e54623d711bfc753d3,8,922.74,3.857142857142857,23.616364087301584,0.0,62170,mucambo,CE
381c83fdca332ea6afd896da20bf6e4a,46,8355.01,4.391304347826087,12.691300322061192,0.043478260869565216,80010,curitiba,PR
3820c6537b3853be1a0687d5a60807ec,1,35.96,,,0.0,6717,cotia,SP
382229d1e840115ffe3dbf5ff460e417,45,4915.36,4.2,9.14759943181818,0.1111111111111111,23092,rio de janeiro,RJ
385799a1cddbd26dfeb9157356a42282,5,716.54,4.0,8.503075810185186,0.0,4676,sao paulo,SP
38874e327ce94d11390b96eb42d61928,6,4158.43,4.0,19.95860725308642,0.16666666666666666,8577,itaquaquecetuba,SP
389e45560e33d2d0747f949dcddbc08e,1,47.43,5.0,3.949548611111111,0.0,12238,sao jose dos campos,SP
38af8acfd46ac4a7bf754e8ca6736664,5,397.94,4.8,6.385703703703704,0.0,4364,sao paulo,SP
38e679b9e0064cd94c6f035707344dae,28,4418.099999999999,4.0,11.22948645404664,0.03571428571428571,86010,londrina,PR
38e6dada03429a47197d5d584d793b41,7,803.05,4.428571428571429,10.115011574074074,0.14285714285714285,4763,sao paulo,SP
38f276ca6e7cc95a6d1bb55ac9e5550f,1,36.839999999999996,5.0,5.200891203703704,0.0,17520,marilia,SP
3903c788ded8dc03b5ebab37a2f3e9a1,4,151.68,4.25,10.325960648148149,0.25,6332,carapicuiba,SP
391bbd13b6452244774beff1824006ed,2,163.2,1.0,44.565300925925925,0.5,13082,campinas,SP
391fc6631aebcf3004804e51b40bcf1e,510,49972.9,4.0516898608349905,14.447049413274662,0.10196078431372549,14940,ibitinga,SP
392353362d22cc2c236e1ee81ff19890,5,541.19,4.6,7.727078703703704,0.0,89069,blumenau,SC
392e0502231ae2f8b29994ef6398cd77,20,2227.59,4.157894736842105,17.708312227668845,0.1,18760,cerqueira cesar,SP
392f7f2c797e4dc077e4311bde2ab8ce,2,88.56,5.0,5.309016203703703,0.0,21210,rio de janeiro,RN
3935fe5fe0f82787a9dcb8deb62be09d,16,2101.35,4.0,11.26288917824074,0.125,4905,sao paulo,SP
3968920b9aa752ab98f7d5888c9252f2,8,817.53,3.875,9.638804976851851,0.125,17056,bauru,SP
3969863bb8af7f72580b3b1ffd3a17b3,12,1031.79,4.083333333333333,10.236331018518518,0.0,3550,sao paulo,SP
397c4d0c005b6f41f90098ac724e28cb,5,8622.37,4.4,16.082599537037037,0.4,9182,santo andre,SP
3985a3c45be355a4c57fde108bfabd1c,7,516.2,4.0,11.443118386243386,0.0,95690,rolante,RS
3986c0b54f6b748b75e7bd4e092aa3e5,1,40.269999999999996,5.0,6.12349537037037,0.0,80250,curitiba,PR
398cb257329ef7af7f1943a8974a3cbc,1,161.37,5.0,7.091377314814815,0.0,40285,salvador,BA
39a5005f2605cbdb4f9ac14485cabfd1,3,733.66,5.0,9.623873456790124,0.0,14780,barretos,SP
39c763cca83e654764b7a4a650fb9b7c,11,984.21,3.8181818181818183,13.490741792929294,0.18181818181818182,74563,goiania,GO
39d54ff918774174706fb065d7f9dc07,22,1817.83,4.045454545454546,12.108280423280423,0.13636363636363635,4243,sao paulo,SP
39d61be7a92eb77b7da367bd4845bc0e,7,909.62,4.0,10.782415674603174,0.0,13420,sao paulo,SP
39f776d2974049026ff531fc42ef2a3e,3,1174.4099999999999,3.6666666666666665,16.382831790123458,0.0,74835,goiania,GO
3a1a1fec38dd360f15fc912e821e169d,14,2271.83,3.7857142857142856,15.23598544973545,0.2857142857142857,2451,sao paulo,SP
3a3c180dd702a725bd0ba4117689239e,1,77.38,4.0,13.821863425925926,0.0,84600,uniao da vitoria,PR
3a3e46d10f74d8a6ca76e2b538f106a0,3,409.98,3.3333333333333335,19.48721064814815,0.3333333333333333,2522,sao paulo,SP
3a4127e1ba7208ea37044c5092aae170,6,2310.95,3.5,11.77629861111111,0.0,8226,sao paulo,SP
3a490ba60afa30ece0e7d50cfe74a4f0,8,1695.0700000000002,4.625,11.933512731481482,0.0,31365,belo horizonte,MG
3a52d63a8f9daf5a28f3626d7eb9bd28,1,52.78,1.0,6.339652777777777,0.0,71900,aguas claras df,SP
3a734b715d333a2588a3d54a0c9b8746,17,2761.52,4.0,11.886115244708995,0.058823529411764705,6132,osasco,SP
3a79f35a2344ede41af21267f61d5ec6,1,291.49,1.0,14.27412037037037,0.0,13040,campinas,SP
3aa3c89ae3cd482385568be76120f63c,1,48.94,4.0,10.831493055555555,0.0,74343,goiania,GO
3ab971ce71839580d2ae5b4e40fe8044,36,5899.05,3.911764705882353,6.8823330026455025,0.08333333333333333,3210,sao paulo,SP
3ac588cd562971392504a9e17130c40b,1,19.29,5.0,7.089305555555556,0.0,13480,limeira,SP
3ade81dab5a172b88e1871c28ae05260,30,7335.59,4.0,14.181363260582009,0.13333333333333333,15076,sao jose do rio preto,SP
3afc536624bc2e65bddfb5db33cc01f3,6,419.07,3.5,9.890516975308643,0.16666666666666666,30150,belo horizonte,MG
3b15288545f8928d3e65a8f949a28291,101,16503.86,4.071428571428571,14.651587419690099,0.06930693069306931,14940,ibitinga,SP
3b18f9856c6eb2413eafedb58e9eecd9,1,335.09,5.0,9.18412037037037,0.0,9280,santo andre,SP
3b872fd4747f01cc56206f2934198618,25,3843.11,3.88,14.48765324074074,0.16,14940,ibitinga,SP
3bb32fedaa74e4ad20f4ce067733bd31,2,162.56,4.5,7.152453703703704,0.0,88210,porto belo,SC
3bb548e3cb7f70f28e3f11ee9dce0e59,45,9032.05,4.266666666666667,10.990789866255144,0.0,87040,maringa,PR
3bdff180c7e1f6551a643b99c265a120,59,4161.86,4.086206896551724,10.034405588624338,0.05084745762711865,4811,sao paulo,SP
3be5841cdcc46de4ed3f9116f104b2c5,4,687.95,4.75,8.005859375,0.0,6473,barueri,SP
3be634553519fb6536a03e1358e9fdc7,81,7053.9,4.037974683544304,10.197293595679012,0.08641975308641975,8275,sao paulo,SP
3bfad056cf05c00dabe2f895925d83b1,1,253.34999999999997,1.0,,0.0,6033,osasco,SP
3bfba5a77604f6dfae7e6dd7aaf65821,4,2218.19,5.0,9.362138310185186,0.0,86046,londrina,PR
3c010235b7345c92f125d14ee232a76b,15,4005.3199999999997,4.666666666666667,11.039577932098764,0.0,83800,mandirituba,PR
3c03b12bab54d8b37d79d914bfdb1aa0,36,4742.62,3.8,13.765113811728394,0.16666666666666666,25561,sao joao de meriti,RJ
3c3017960b2dbd72711a61f0400aab8f,10,1222.89,3.888888888888889,12.523006687242798,0.0,89251,jaragua do sul,SC
3c487ae8f8d7542beff5788e2e0aea83,30,10105.35,4.2,13.742282793209878,0.03333333333333333,72460,gama,DF
3c4e0452bff7a2a788179488d3d77032,32,4352.52,3.838709677419355,13.833818721064816,0.03125,83408,colombo,PR
3c7c4a49ec3c6550809089c6a2ca9370,138,5798.95,3.6594202898550723,9.679117476851852,0.07971014492753623,3804,sao paulo,SP
3c88ed2e76a2247933a15daa7161eb1c,1,306.2,5.0,19.908125,0.0,13154,cosmopolis,SP
3ca08eeb8d5595949fed424bd3677742,14,2235.1,4.428571428571429,10.300126424501425,0.0,82510,curitiba,PR
3cfa1358a6caa965278721344c8d76f2,5,3221.5299999999997,4.8,6.302104166666666,0.0,9831,sao bernardo do campo,SP
3d01d1c414c44b5943a09619ff3853cb,5,569.01,3.8,13.825367476851852,0.0,13040,campinas,SP
3d0cd21d41671c46f82cd11176bf7277,8,533.46,4.625,13.749700520833333,0.0,89217,joinville,SC
3d2400ac620cffa23ac81bd192f7f555,1,113.9,5.0,7.352754629629629,0.0,9810,sao bernardo do campo,SP
3d2531eccfbde1d7c8db7a3a12fb267a,10,2212.6,4.222222222222222,9.996932870370369,0.0,31340,contagem,MG
3d290fe363c60a77498c1126fd3fb8d3,3,234.04,4.333333333333333,7.46141975308642,0.0,6694,itapevi,SP
3d39fbf22a665714baf62fae36029e23,8,2634.83,4.75,8.574801793981482,0.0,13040,campinas,SP
3d3ccf2b2f8134b10dce9dd446f0e075,3,750.53,3.3333333333333335,16.772862654320985,0.3333333333333333,14940,ibitinga,SP
3d4824f20035949c710eaf111f869d39,7,1049.47,4.428571428571429,9.564918981481481,0.14285714285714285,18015,sorocaba,SP
3d49bfdd1b43a7fe169b3740067acc61,3,276.82,4.666666666666667,8.759347993827161,0.0,39400,montes claros,MG
3d4b1ae7539303b5704493798893e82c,6,1221.69,4.833333333333333,12.075733024691358,0.0,3244,sao paulo,SP
3d5d0dc7073a299e31fa718ce1bc00b6,23,1178.1299999999999,4.304347826086956,8.493292548500882,0.08695652173913043,22785,rio de janeiro,RJ
3d621842b2ed28e2b474132480edac3c,10,1080.7,3.9,9.898842592592594,0.0,8041,sao paulo,SP
3d62f86afa7c73be2628a3be1423f5a0,2,54.42,4.0,16.73105902777778,0.0,12327,jacarei,SP
3d68c634a99a1ba46dbca3967a69c623,2,857.7,5.0,9.19443287037037,0.0,88270,nova trento,SC
3d700782d7818f2c1e0d7a9e9d75fc00,3,235.11,3.6666666666666665,25.728460648148147,0.3333333333333333,86170,sertanopolis,SP
3d871de0142ce09b7081e2b9d1733cb1,1068,117526.71,4.165876777251185,13.582575594546544,0.05898876404494382,13232,campo limpo paulista,SP
3d8fa2f5b647373c8620330c4e077a9f,43,4471.889999999999,4.154761904761905,9.113136849647267,0.023255813953488372,3031,sao paulo,SP
3da38366e7bd9baf6369071f782ecdf0,1,86.43,1.0,53.34842592592592,1.0,60346,fortaleza,CE
3db66a856d18a9cba7c9241fc5221c50,94,11561.91,4.182795698924731,16.00484670508274,0.11702127659574468,35430,ponte nova,MG
3dbbce181edfaa4a597ec858c382d2ec,17,1288.57,4.235294117647059,14.002171160130718,0.11764705882352941,82515,curitiba,PR
3dc69bf2c42f0568a5c4791ec3fd3745,2,334.43,4.0,26.271979166666668,0.0,2880,sao paulo,SP
3ded4e2d5f135cb103e5949d7263d2dd,1,62.379999999999995,5.0,5.149016203703703,0.0,37550,pouso alegre,MG
3df020b72d3d44b3af9d110fa3940b65,54,6781.139999999999,4.037037037037037,13.464069573045267,0.12962962962962962,15704,jales,SP
3dfd3dc96f7f8598eca74e9ac8a2fa31,5,213.8,3.8,13.680671296296296,0.2,3343,sao paulo,SP
3e35a8bb43569389d3cebef0ce820f69,1,84.67999999999999,5.0,7.917349537037037,0.0,3124,sao paulo,SP
3e46a38ee171c503c3b4a3f23fe3bf0c,1,69.00999999999999,5.0,4.184652777777778,0.0,18040,sorocaba,SP
3e51f9cbe317bc3a88f2c76583811ee4,1,84.78,5.0,8.87136574074074,0.0,8032,sao paulo,SP
3e8bd881d92466e63ba9e3e809cd3c50,9,2450.25,4.125,13.973683449074073,0.3333333333333333,20751,rio de janeiro,RJ
3ea00e1dea2b0659dbaf654735929220,7,649.97,4.857142857142857,11.446294642857143,0.0,80020,curitiba,PR
3ea08c48e851106d2f584349daba335f,1,192.94,4.0,6.003807870370371,0.0,36201,barbacena,MG
3ef37b7ca6dd2b80bd8af81a62504996,2,740.97,4.5,14.346006944444444,0.0,1452,sao paulo,SP
3f0e48d209018b466fcd3bb4ccfeb520,9,5654.8,3.888888888888889,9.594345421810699,0.0,80215,curitiba,PR
3f2af2670e104d1bcb54022274daeac5,6,1334.18,3.3333333333333335,19.51496141975309,0.16666666666666666,87240,terra boa,PR
3f3486b61f45078d4f31ee5e43d8c5bb,40,4726.57,4.325,13.880131469610637,0.15,3035,sao paulo,SP
3f8034bfc6b8b4135534975d49f04c63,12,1594.51,3.75,10.890319865319865,0.0,81560,curitiba,PR
3f8247d0f772ffa58560e5c682521ad5,1,158.45000000000002,3.0,,0.0,89211,joinville,SC
3f84fefc07dc159b268d4a77d3e8c425,3,251.92000000000002,5.0,8.068271604938271,0.0,83833,fazenda rio grande,PR
3f995f07c49d0d55a99d5c54957f7d81,43,4627.2,4.209302325581396,9.59438630490956,0.023255813953488372,6853,itapecerica da serra,SP
3f9be91358837bff69df67edfa3e42e8,6,559.71,5.0,10.222935956790124,0.0,86039,londrina,PR
3f9c56764fabca627406093dcb3ef0b4,7,1014.95,4.714285714285714,8.48726355820106,0.0,22745,rio de janeiro,RJ
3fac58ce0ad699020c7944d53c41329c,10,1690.3899999999999,4.4,4.886935185185186,0.2,3480,sao paulo,SP
3fadb4cba4c35bce6a7eaf9872d5623a,3,277.52,3.3333333333333335,9.260574845679013,0.0,95013,caxias do sul,RS
3faf68a3b0af94b10bac70d86077be49,7,1442.0900000000001,4.571428571428571,16.159052579365078,0.0,13825,holambra,SP
3fd1e727ba94cfe122d165e176ce7967,36,3281.8,3.857142857142857,15.692170138888889,0.19444444444444445,14802,araraquara,SP
3fe7120d6257285ac6a3ce7cb071ccec,2,228.26,3.5,9.570578703703703,0.0,35044,governador valadares,MG
3febca52652e7209509ccfe61cbde40e,2,100.9,2.0,,0.0,8596,itaquaquecetuba,SP
3fefda3299e6dfaea3466ef346a3571a,1,225.21,4.0,6.3142708333333335,0.0,82620,curitiba,PR
4003520d80d0bad1d5623f7aa3c63cda,1,86.74,1.0,17.079074074074075,0.0,20520,rio de janeiro,RJ
400f221ab83037c0ea78f1267da9624d,1,885.8,,,0.0,17700,osvaldo cruz,SP
402916f742e5c740cc751493d9cf5053,9,1478.43,4.666666666666667,6.386786265432098,0.0,39740,guanhaes,MG
403aa86912527d730337ffcb0fb096ab,11,9164.509999999998,4.0,10.995046296296296,0.0,30220,belo horizonte,MG
4049512728d969bec69f84088b012416,7,550.27,5.0,10.469077380952381,0.0,30310,belo horizonte,MG
404e1ba01358af4cd63f679b2c4d1fa1,8,551.73,5.0,8.209917534722223,0.0,36032,juiz de fora,MG
40536e7ca18e1bce252828e5876466cc,2,963.0,1.0,,0.0,7747,caieiras,SP
406740ee611378a662d274c7d8c43c4a,8,1972.08,4.375,15.207686631944444,0.125,29056,vitoria,ES
406822777a0b9eb5c50e442dd4cd3ec5,45,4596.34,4.295454545454546,13.384291351010102,0.13333333333333333,18500,tatui,SP
4091f77d8c768fc3e81c20761471761d,8,1309.8700000000001,2.75,18.032364004629628,0.25,3059,sao paulo,SP
40d54b51e962dbe09cabbcfd33298dee,29,7297.55,4.103448275862069,7.435403895274584,0.0,9230,santo andre,SP
40db9e9aa57f7bb151bcda6b0f9bdbb7,12,23823.989999999998,2.3636363636363638,14.775631751543209,0.08333333333333333,52010,recife,PE
40ec8ab6cdafbcc4f544da38c67da39a,2,157.0,5.0,6.5789583333333335,0.0,85603,francisco beltrao,PR
411f3b52d857390502ee4e4d5ceabc2d,20,2091.29,4.055555555555555,9.676517361111111,0.15,9400,ribeirao pires,SP
4125d9385a25e82d2f72d3a0fd55bc3f,1,61.3,5.0,8.990208333333333,0.0,11065,santos,SP
412a4720f3e9431b4afa1476a1acddbe,21,2569.16,4.238095238095238,10.530947971781305,0.047619047619047616,13060,campinas,SP
4170f6a9367e6b5d6401d03ce6d54569,4,661.81,4.0,24.803373842592592,0.25,71906,brasilia df,DF
417a1e6c7321084d2a0ae0d023cfad93,1,61.379999999999995,5.0,6.072372685185186,0.0,95885,imigrante,RS
41958cbd3335433c8740300e8cd600d5,1,40.38,5.0,4.842789351851851,0.0,5051,sao paulo,SP
41ab63a91b8b264e8c8780368bf1dd5b,11,2750.8199999999997,4.545454545454546,17.264969486531985,0.0,31555,belo horizonte,MG
41b14765bd56c8ad10971074380f9c0c,8,514.63,4.625,7.047965856481482,0.0,9070,santo andre,SP
41b39e28db005d9731d9d485a83b4c38,189,20933.4,4.07258064516129,12.568595060875792,0.06349206349206349,9220,santo andre,SP
41b86b552e54e3a7009596125aa8b167,10,1829.91,4.3,13.90882175925926,0.0,2470,sao paulo,SP
41c2bad7229b0c25e6becf179ebf63ff,20,971.92,4.947368421052632,4.69347974537037,0.0,59020,natal,RN
41c9d3997dd3c072c31139dc5bb5761f,3,1110.54,4.333333333333333,22.206986882716052,0.0,38182,araxa,MG
41da412d33e8da4f22baf55cb1bde82c,15,1237.06,4.666666666666667,10.254511574074074,0.0,29260,domingos martins,ES
41e0fa5761c886a630994a55c12087e7,5,491.90999999999997,5.0,10.239402777777778,0.0,11446,guaruja,SP
4200ddf1967c5e41e48db62bc6d4b5ac,21,1205.3999999999999,4.444444444444445,10.566667768959435,0.047619047619047616,9710,sao bernardo do campo,SP
4221a7df464f1fe2955934e30ff3a5a1,5,1089.04,4.8,16.569189814814813,0.0,48602,bahia,BA
422be4cc81a457fdb46f47edeb968ae5,1,317.37,5.0,18.136979166666666,0.0,14940,ibitinga,SP
427165bf50f8ca07efc7bdc2bfcf1688,5,1692.9,3.2,38.565872685185184,0.6,13471,americana,SP
42b6488f5b8246d9141712abd4b1b693,2,289.8,4.0,7.897939814814816,0.0,87014,maringa,PR
42b729f859728f5079499127a9c2ef37,102,5342.76,4.4950495049504955,7.905225637147048,0.0784313725490196,3910,sao paulo,SP
42bde9fef835393bb8a8849cb6b7f245,35,8487.84,4.257142857142857,10.372565359477123,0.02857142857142857,71551,brasilia,DF
42d4b7e70819438f5ada61c965e92d7e,1,100.78,1.0,21.939131944444444,0.0,74045,goiania,GO
42ef3192a9ff87a22d1867b74b3ee205,23,1655.97,4.636363636363637,9.308129528985507,0.0,9090,santo andre,SP
42fa4ee7240e9b8eb4576358ec142ba7,22,4478.08,4.809523809523809,6.923532723063972,0.0,95012,caxias do sul,RS
42fb44130ac3134cde8e35cf8ec7df25,3,99.14,3.6666666666666665,5.903657407407408,0.0,12995,pinhalzinho,SP
430315b7bb4b6e4b3c978f9dfa9b0558,20,3704.63,3.9473684210526314,13.557284356725146,0.05,4857,sao paulo,SP
4305fe92735c8a43d154ff6dd2b8d927,19,3314.25,3.9473684210526314,11.483929057734205,0.0,35170,coronel fabriciano,MG
431050a06a317f2b38168dec3dcd2b46,12,1720.95,4.25,8.922488425925925,0.0,2475,sao paulo,SP
431af27f296bc6519d890aa5a05fdb11,116,15064.310000000001,3.791304347826087,17.34462922705314,0.15517241379310345,14110,ribeirao preto,SP
4324dd16853115efb0fd9d0d131ba6f4,12,1553.68,4.083333333333333,13.362448881172838,0.08333333333333333,13720,sao jose do rio pardo,SP
432c37c9dfba871172ec162e20118b8c,46,3938.54,4.108695652173913,14.598831281565657,0.08695652173913043,70235,brasilia,DF
432c67955c0acd1fd6b0b5d678766a71,3,1288.4099999999999,2.3333333333333335,6.682824074074074,0.0,5571,sao paulo,SP
43402bdf22aa2310e8f99e2f94f78628,4,837.1,2.5,16.566171875000002,0.0,9434,ribeirao pires,SP
4342d4b2ba6b161468c63a7e7cfce593,20,3163.31,1.263157894736842,15.676087962962963,0.05,22793,rio de janeiro,RJ
436bf27f2f18474fc6047702e9f8a866,1,44.42,5.0,19.17042824074074,0.0,13041,campinas,SP
4371b634e0efc0e22b09b52907d9d469,102,10203.33,4.445544554455446,11.118572951045104,0.0784313725490196,2028,sao paulo,SP
43753b27d77860f1654aa72e251a7878,1,66.28,5.0,27.33425925925926,0.0,44895,barro alto,BA
4391ea5c5990502176a1dcda44a2373d,3,2484.3,4.666666666666667,12.014274691358025,0.0,91910,porto alegre,RS
439a47cc365d6e3bd526812ea9de3c29,8,1410.93,4.25,7.241585648148148,0.125,8730,mogi das cruzes,SP
43a1d4bab73b816e44ef4e4facd9f9b5,1,205.4,4.0,9.82519675925926,0.0,87050,maringa,PR
43a5d4a57af536fddc96d08be3afdfcb,1,179.13,1.0,11.811469907407407,0.0,37006,varginha,MG
43b2c864251aa0ce4030c746984e088a,2,129.32,3.0,5.6157812499999995,0.0,71936,brasilia,DF
43f8c9950d11ecd03a0304a49e010da6,41,4807.22,4.560975609756097,11.497686314363143,0.07317073170731707,6341,carapicuiba,SP
44073f8b7e41514de3b7815dd0237f4f,144,21944.5,3.7464788732394365,13.152955301251957,0.034722222222222224,71070,brasilia,DF
440dd6ab244315c632130ecfb63827b1,94,15839.1,3.849462365591398,16.616442434879936,0.1276595744680851,15502,votuporanga,SP
443d880f15cbd3572885e1d44bf2c478,1,125.0,2.0,12.403761574074075,0.0,17506,marilia,SP
4450bd8327d471c4a11a83d1445b1b62,1,214.56,5.0,7.305891203703704,0.0,6714,cotia,SP
446cc09cdbb130904da114e807dbec40,3,306.97,4.666666666666667,4.2683024691358025,0.0,5615,sao paulo,SP
44717f64ec2a457979cf83c429077666,2,170.91000000000003,5.0,5.8075115740740735,0.0,98780,santa rosa,RS
447d377bdb757058acb569025ee18a93,1,83.00999999999999,5.0,18.0040625,0.0,99500,carazinho,RS
44ed138eca6214d572ce1d813fb0049b,2,185.8,4.5,8.518258101851853,0.0,92010,canoas,RS
44f091b5abab8018f682fce8124b85e5,6,1787.71,2.5,15.188487654320987,0.3333333333333333,2281,sao paulo,SP
45213867cefbf2cd4c6177e10216a951,14,5389.16,3.857142857142857,14.91580357142857,0.14285714285714285,13603,araras,SP
4559697a8f7e637227c2eeaed843baff,42,4474.27,4.0256410256410255,12.937863544634379,0.07142857142857142,19029,presidente prudente,SP
455befea1bb853c75ccbca94cff26e5c,1,42.05,3.0,12.441516203703705,0.0,27525,resende,RJ
455c5640e8c5bd1b2ee85c0158f85727,8,7186.89,4.5,14.96896701388889,0.0,89128,luiz alves,SC
455f46ef09a9e45667e2981df84b5cc2,2,90.97999999999999,2.5,13.019328703703703,0.0,18052,sorocaba,SP
457fe919b032a3f7dadba6fb92cf7855,9,1246.1100000000001,4.777777777777778,5.505036008230452,0.1111111111111111,13140,paulinia,SP
458c6fa920810ce2492da71bc26d9eec,2,862.37,2.5,25.40222800925926,0.0,15813,catanduva,SP
458d868c9642f55f18f04e951a3fdde6,2,2822.75,5.0,17.610983796296296,0.0,90670,porto alegre,RS
45a3d05fb00435e52a28859dd03703b3,1,1323.79,5.0,25.719780092592593,0.0,7176,guarulhos,SP
45ba18c210d42734ec52c0c1c574e9ee,37,6598.219999999999,3.945945945945946,7.466277233115469,0.05405405405405406,18130,sao roque,SP
45c20d94d9171b0bcfab3c955e47d67b,4,210.57,4.5,14.431024305555555,0.0,13490,cordeiropolis,SP
45d33f715e24d15a6ccf5c17b3a23e3c,56,6015.81,4.142857142857143,11.554202699161426,0.07142857142857142,18015,sorocaba,SP
461ff5303b6c9c1a4a07f40c5aece516,2,104.06,5.0,8.276487268518519,0.0,83323,pinhais,PR
466222e777149751370e7e98fb623b0c,1,105.45,5.0,6.829317129629629,0.0,20931,rio de janeiro,RJ
4677a5437afda5fa7140b927b07be1cc,11,3835.7,4.363636363636363,12.510571338383839,0.09090909090909091,84920,japira,PR
46dc3b2cc0980fb8ec44634e21d2718e,519,139588.37,4.212890625,11.94635697948945,0.06358381502890173,22240,rio de janeiro,RJ
46ef1a25845fc051c2998d878354810c,5,348.45000000000005,4.4,16.845016203703704,0.2,35530,claudio,MG
4736e9d642ef4257cd7622516931eb51,16,1449.77,4.125,4.796315104166666,0.0,13424,piracicaba,SP
47648caee88ccfe951fbb27fbf7b4cbe,3,1632.9900000000002,3.6666666666666665,13.720875771604938,0.3333333333333333,9931,diadema,SP
478bfe564db21eeb44386606aa30b650,3,230.8,4.666666666666667,13.974162808641973,0.0,33600,pedro leopoldo,MG
47efca563408aae19bb7206c2d969ea9,12,3184.5,4.083333333333333,13.789200336700338,0.0,64033,teresina,PI
47f55702f598c7c6cc8458b0fbc1c49a,2,163.39999999999998,5.0,17.29196759259259,0.0,36213,dores de campos,MG
48162d548f5b1b11b9d29d1e01f75a61,67,22345.59,3.9393939393939394,11.418764779202279,0.029850746268656716,13403,piracicaba,SP
4830e40640734fc1c52cd21127c341d4,208,13359.52,4.159420289855072,9.995319375687568,0.0673076923076923,3573,sao paulo,SP
48328ec9a579151d9cc6a86d4a59336c,1,1196.78,2.0,21.226134259259258,0.0,92310,canoas,RS
483ca627d131e18f988349b1655c0acd,1,283.73,5.0,15.342986111111111,0.0,13800,mogi mirim,SP
48436dade18ac8b2bce089ec2a041202,138,15361.84,4.0144927536231885,14.353559373272526,0.07246376811594203,27277,volta redonda,SP
485452467ff670447e84a8370c3fc898,3,315.43999999999994,4.666666666666667,14.225609567901236,0.0,89190,taio,SC
4867209cb29b56b92893d7bde3ce8012,1,169.15,4.0,10.228275462962962,0.0,17209,jau,SP
4869f7a5dfa277a7dca6462dcf3b52b2,1125,250571.44,4.146821844225604,15.091208760237409,0.11555555555555555,14840,guariba,SP
48985c61529077fa4f1e38bcff0f2ed3,7,1027.37,4.428571428571429,10.342812499999999,0.0,90020,porto alegre,RS
48b6c3f4c6a93171da04b75313f2130f,2,328.05999999999995,5.0,24.125260416666666,0.0,17700,osvaldo cruz,SP
48bad451945f5227341793478d6353ea,3,384.49,4.0,22.083051697530863,0.3333333333333333,1220,sao paulo,SP
48e5ee06fb2dc74df1c711a9b6dfac2a,1,102.3,5.0,11.242453703703704,0.0,35540,oliveira,MG
48e954b2da4f6a750c844173b347ed40,2,556.81,4.5,8.116221064814816,0.0,91740,porto alegre,RS
48efc9d94a9834137efd9ea76b065a38,33,666.0,5.0,10.793470468574634,0.0,81130,curitiba,PR
48fb026ed7455a42f5d3e9390ed5088e,11,816.18,2.6363636363636362,11.88611239711934,0.0,27321,barra mansa,RJ
49067458c68f7701fd334ce326accbe0,15,1508.04,3.6666666666666665,12.500472222222221,0.06666666666666667,36050,juiz de fora,MG
4917cee8d902e13428c3ec4b1ca6f315,33,6621.54,4.15625,18.077756123058542,0.030303030303030304,89031,blumenau,SC
491a5ada3aa1678414e990262c4bbdc1,2,2873.81,3.0,6.891527777777778,0.0,4208,sao paulo,SP
49383af7ab774e4e8f3000f49c83dc4b,7,824.37,4.571428571428571,7.822622354497355,0.0,12080,taubate,SP
4965a7002cca77301c82d3f91b82e1a9,1,16.36,5.0,6.269537037037037,0.0,18074,sorocaba,SP
497709c2976a8fa308730a2dec5b0726,1,94.03999999999999,5.0,5.948032407407408,0.0,9981,diadema,SP
4978a02ea9c8be7a9b5480680f40334e,17,2659.24,3.5294117647058822,5.173650599128541,0.0,8215,sao paulo,SP
499185655c29ecfdbfe776ef7cf875b5,1,106.33,4.0,11.124560185185185,0.0,90520,porto alegre,RS
4992e76a42cb3aad7a7047e0d3d7e729,55,3330.24,3.8727272727272726,7.935338220164609,0.07272727272727272,3334,sao paulo,SP
499ec63c58e51296c9cf57edcfe1c8a8,5,412.93,4.8,5.2333750000000006,0.0,2918,sao paulo,SP
49cdc90518a4f82676b38b3c1aa43ff6,5,1622.1100000000001,3.8,5.732277777777777,0.0,3031,sao paulo,SP
49e7217cfe4e427191c378ec626d8737,13,3378.31,3.8461538461538463,16.036587577160493,0.0,35570,formiga,MG
49f8d2ea7b718d0ce587d34207caf2b4,1,165.26,5.0,6.839895833333333,0.0,9830,sao bernardo do campo,SP
4a1917ef994878940e1fb03eeb787ad7,2,846.6199999999999,3.0,10.306412037037036,0.0,70610,brasilia,DF
4a1f694197d05fe70026b016a7316b41,14,1343.1100000000001,4.571428571428571,9.060297619047619,0.07142857142857142,13920,pedreira,SP
4a23adac87cf538689fa600d976f78b2,3,440.41,4.333333333333333,8.555979938271605,0.0,4537,sao paulo,SP
4a3ca9315b744ce9f8e9374361493884,1760,237768.71,3.860693641618497,14.600291873202867,0.11022727272727273,14940,ibitinga,SP
4a3ccda38b2129705f3fb522db62ca31,64,18159.79,3.90625,13.46816550925926,0.09375,17504,marilia,SP
4a5b36211b1f51bf7eaa5c10a57fa483,1,155.26,5.0,4.035162037037037,0.0,24445,sao goncalo,RJ
4a82168aaef173cbb6e46ae88728f919,4,612.39,4.0,6.717989004629629,0.0,84500,irati,PR
4a82c4af97ffc0fb2dc26bfdc03b1842,3,210.89999999999998,5.0,12.739297839506174,0.0,35590,lagoa da prata,MG
4aba391bc3b88717ce08eb11e44937b2,29,8638.65,3.896551724137931,16.923858882030178,0.13793103448275862,45816,arraial d'ajuda (porto seguro),BA
4aba6a02a788d3ec81c03137144d9a80,1,105.28,5.0,13.221458333333333,0.0,89460,canoinhas,SC
4b0fdb526525f9890eb145bf1534640e,18,3078.52,4.055555555555555,9.188895961934158,0.0,14940,ibitinga,SP
4b1eaadf791bdbbad8c4a35b65236d52,8,1962.82,2.0,22.54623148148148,0.125,14092,ribeirao preto,SP
4b39558c138930b9e5489c93b6df5fe3,4,1229.1,4.5,12.827239583333334,0.0,49055,aracaju,SE
4b5f66b7adcf57f1ecc0d3c07dd6b177,23,7391.93,4.090909090909091,14.243249295491143,0.043478260869565216,87025,vendas@creditparts.com.br,PR
4b90495391ac0bd181a80a459df1e718,1,266.11,4.0,11.879664351851853,0.0,96400,bage,RS
4b9750c8ad28220fe6702d4ecb7c898f,218,19540.54,4.362385321100917,9.455059790493259,0.0779816513761468,13484,limeira,SP
4b98b0428fc1932cc2514ef9ce2505e6,2,363.42999999999995,2.0,22.573813657407406,0.5,6795,taboao da serra,SP
4ba52dfeba874da5b9ee7b17c7494f04,11,1667.91,4.363636363636363,10.621666666666668,0.09090909090909091,8790,mogi das cruzes,SP
4bc3d93e4a5f88a598d3d8ce4ae510b3,1,188.28,1.0,,0.0,4564,sao paulo,SP
4bcec44888b30ba9001234c534716d3f,5,209.23000000000002,4.6,9.158854166666666,0.0,9230,santo andre,SP
4bde6149c15cf7e177b36fa060dd6de8,2,192.46,5.0,10.623096064814815,0.0,99500,carazinho,RS
4be2e7f96b4fd749d52dff41f80e39dd,1,299.84000000000003,1.0,,0.0,69900,rio branco,AC
4be6b962d83299498bae2190f95d6566,10,535.03,4.0,7.4939537037037045,0.1,13561,sao carlos,SP
4be9ae93c4fc0f41713d71a4194ee1b3,1,136.97,5.0,11.089050925925926,0.0,35500,divinopolis,MG
4bf2f4ee540798a61f9636d12cd9cc80,29,5501.01,4.137931034482759,13.562493215197957,0.034482758620689655,19814,assis,SP
4bf658053d453036c70976bccb2c31b2,2,1824.56,4.5,24.678402777777777,0.0,15070,sao jose do rio preto,SP
4bfc7a4a1cf8d4d2121c27422d9e50b5,25,8993.21,4.52,8.00829537037037,0.04,3111,sao paulo,SP
4c03b9dd4c11ee2cb35c96c49efc9420,48,7374.76,4.130434782608695,10.534739824459876,0.020833333333333332,13232,campo limpo paulista,SP
4c18691b6037662be2df78a765d98ab5,62,4268.84,3.8548387096774195,9.175145982676224,0.08064516129032258,3167,sao paulo,SP
4c1c7281388a33dd06daac44f9fadbd1,5,269.90999999999997,4.8,8.786493055555557,0.0,17510,marilia,SP
4c2b230173bb36f9b240f2b8ac11786e,258,19059.34,3.9960629921259843,12.867765568264344,0.10077519379844961,3933,sao paulo,SP
4c498c7345e89aebad651544829beca0,46,5359.61,4.369565217391305,10.903729423868313,0.13043478260869565,6341,carapicuiba,SP
4c4d546adf3c3868fe19c9ec6e9ffda9,2,157.08999999999997,4.0,6.870364583333333,0.0,87013,maringa,PR
4c60877808f4318ef1107fbeb8f89afa,2,150.63,4.0,15.193721064814815,0.0,12940,atibaia,SP
4c61e37f664c3c88aff092aa5ac779d7,7,908.1700000000001,4.0,15.791797288359788,0.2857142857142857,24020,niteroi,RJ
4c8545742faaf58fafd5fd14d25d75cf,4,3216.31,4.5,9.968619791666667,0.0,15603,fernandopolis,SP
4c8b8048e33af2bf94f2eb547746a916,22,2285.56,3.0476190476190474,19.44116255144033,0.09090909090909091,14940,ibitinga,SP
4cc43a222a0f94910728b62b97a8c5f8,1,120.76,3.0,14.14508101851852,0.0,14026,ribeirao preto,SP
4cc4fd4fdd406a85bbdc1f824b731bd7,1,571.22,5.0,8.304594907407408,0.0,85906,toledo,PR
4ce6e5f6c52515177e18c1c9361d8677,1,252.26999999999998,3.0,,0.0,9895,sao bernardo do campo,SP
4ce8b55b4bfa4659184e7becc1fba3f2,2,360.33,3.0,12.415815972222223,0.0,83823,fazenda rio grande,PR
4cf490a58259286ada5ba8525ba9e84a,8,1409.39,3.125,24.765550595238096,0.0,14910,tabatinga,SP
4d0041cdbe51b4617d95c70b19decc74,8,5465.490000000001,4.5,7.155746527777778,0.0,36052,juiz de fora,MG
4d232b78ab7ef10393dc3807d827bc0d,5,1689.99,4.4,6.165969907407407,0.0,30120,belo horizonte,MG
4d600e08ecbe08258c79e536c5a42fee,8,4633.46,4.0,12.936089616402116,0.0,85988,entre rios do oeste,PR
4d6d651bd7684af3fffabd5f08d12e5a,364,51003.93,4.226519337016574,13.0429858848024,0.046703296703296704,17209,jau,SP
4d6fb82c629c7a5028bfd973c07b05e0,2,327.43,2.0,,0.0,31525,belo horizonte,MG
4d8809767a5bafe22909c77951fb6b41,1,58.72,5.0,,0.0,6803,embu das artes,SP
4d9fea3499bdc22aa4da4e339365f215,2,222.74,5.0,12.668061342592592,0.0,4209,sao paulo,SP
4da0e408c99d2fdc2126dc9fce518060,44,4044.4700000000003,4.4186046511627906,9.280887257996632,0.0,86300,cornelio procopio,PR
4dab98ca6cd6d3df586203cefd28a042,1,173.23000000000002,5.0,28.008784722222224,0.0,91150,porto alegre,RS
4dbd95a08b31ede5c82d3f861cb1ce1a,6,1494.03,3.5,12.341614583333333,0.0,80210,curitiba,PR
4dc2e811a1760953cb7c6a590b498943,1,199.84,5.0,6.671539351851852,0.0,17230,itapui,SP
4dc646b9b9e8e411ef48ba000ea3ac6f,4,353.26,2.75,11.460755208333333,0.25,13272,valinhos,SP
4ddeb3e828550cddc8d45c8bc36ab2d1,1,164.45,5.0,7.869930555555555,0.0,1131,sao paulo,SP
4de6e4ba574aa9dfdc824bc44dc47fdd,14,704.4200000000001,4.0,9.368518518518517,0.07142857142857142,83402,colombo,PR
4deebb3199eeafb282ae33229144f94b,4,921.49,4.0,10.159623842592593,0.25,2112,sao paulo,SP
4e06067cc08b3f41d837768d392c3ee3,31,1656.61,4.129032258064516,10.263179883512544,0.03225806451612903,32604,betim,MG
4e0d109ccfba9a1151c103049880c857,2,347.73,3.0,19.22804398148148,0.0,25550,sao joao de meriti,RJ
4e17c65a516f69d023a2ae78b84f28d6,61,8794.8,4.229508196721311,13.33190023527626,0.06557377049180328,8673,suzano,SP
4e2627090e6e5b9fabba883a37897683,1,216.0,1.0,,0.0,31565,belo horizonte,MG
4e326052e5dbba8adcd512f3450a307e,3,655.96,2.3333333333333335,17.967380401234568,0.0,8020,sao paulo,SP
4e42581f08e8cfc7c090f930bac4552a,3,453.8,1.0,47.10233796296296,0.3333333333333333,13660,portoferreira,SP
4e480be820e37de1444325ff358c9296,1,573.74,5.0,12.108287037037037,0.0,37410,tres coracoes,MG
4e5725ba188db8252977a4f0227bd462,22,2313.2,3.409090909090909,20.972906746031747,0.2727272727272727,14092,ribeirao preto,SP
4e6015589b781adaa5ce7f1892d06bb1,3,740.5,3.6666666666666665,5.894976851851851,0.0,11440,guaruja,SP
4e7c18b98d84e05cbae3ff0ff03846c2,81,11853.76,4.1645569620253164,12.045590856481482,0.04938271604938271,14882,jaboticabal,SP
4e85b538b0dad58852641540686d0e14,4,646.3499999999999,3.75,17.22519675925926,0.5,12238,sao jose dos campos,SP
4e8dacf3d38f281ae26c3e0321d92d88,10,2861.11,2.8,12.03462962962963,0.1,8420,sao paulo,SP
4e922959ae960d389249c378d1c939f5,420,53404.25,3.953995157384988,14.519824113403454,0.10476190476190476,12327,jacarei,SP
4e92348462c75b6c842b994ce84a0ed4,1,85.49000000000001,5.0,9.837280092592593,0.0,94930,cachoeirinha,RS
4ea2f12dbe91deeacd2c1e74f069a6e6,4,280.27,4.75,9.45769386574074,0.0,2334,sao paulo,SP
4eb61f060e7dcc1d5a80d806c35cc541,7,1370.24,3.857142857142857,6.806347552910053,0.0,5743,sao paulo,SP
4ebdc7e6cd6102a022dadc49156d4ea8,29,1379.28,3.793103448275862,9.965408684546615,0.034482758620689655,5030,sao paulo,SP
4eeb99008a0f59d2c7759c59f9a346eb,2,1320.95,4.5,7.6647337962962965,0.0,6807,embu das artes,SP
4ef4c39cf3c24f326434cf0b2e48046a,8,1132.02,3.375,13.282799272486772,0.125,5004,sao paulo,SP
4f0d637c1197fd65405ebd755ac9f86b,2,232.47,5.0,7.353680555555556,0.0,6768,taboao da serra,SP
4f1f1c8666cdb6442f775c4e8caed465,2,1070.39,5.0,19.96107060185185,0.0,30240,belo horizonte,MG
4f40d2ed38d1cc945364a7cd202a82c7,1,336.89,1.0,,0.0,2337,sao paulo,SP
4fae87d32467e18eb46e4a76a0a0b9ce,1,120.80000000000001,5.0,6.806759259259259,0.0,99670,ronda alta,RS
4fb41dff7c50136976d1a5cf004a42e2,3,1296.77,4.0,66.75465663580248,0.3333333333333333,44002,feira de santana,BA
4fe2f67634d00c021aa01f96b6f2d68e,2,118.84,5.0,10.984953703703702,0.0,87035,maringa,PR
5011f0d93373a4c5753adf58ca77af8d,12,1390.8500000000001,3.8333333333333335,10.800631313131312,0.08333333333333333,11013,santos,SP
503c1de08ae81a2d86f17951b204db55,22,5321.9,4.409090909090909,13.488269675925926,0.09090909090909091,3725,sao paulo,SP
5058e8c1e82653974541e83690655b4a,62,14101.52,3.278688524590164,26.790448542805102,0.12903225806451613,8583,itaquaquecetuba,SP
5075aaa8404020ae6aa8bf4792099b41,13,2270.52,3.5833333333333335,11.988199074074073,0.0,37706,pocos de caldas,MG
50770d25768b0486d89be26afca3108f,6,247.86,4.0,13.481597222222222,0.16666666666666666,9271,santo andre,SP
508808d438fe2ff972ed13bb8f4a82e2,10,499.27,4.3,4.809108796296297,0.0,3963,sao paulo,SP
50a7e551a7b3f8d37cd6e32d8bfbe5ea,1,167.96,5.0,12.586157407407407,0.0,9520,sao caetano do sul,SP
50bf89f1349bc0409a268c3a49678009,1,282.47,5.0,9.616319444444445,0.0,15155,jaci,SP
50c361bcf670d16f6df4d52de3dff924,1,51.6,1.0,,0.0,4131,sao paulo,SP
50c9975695009e5e6473912e83a6d1da,50,6954.13,3.938775510204082,16.47676388888889,0.14,35530,claudio,MG
51209b446b2073894bdc0face6c73ffc,2,438.88,4.0,9.960538194444446,0.0,29104,vila velha,ES
512d298ac2a96d1931b6bd30aa21f61d,10,7656.54,4.6,9.876746527777778,0.0,20060,rio de janeiro,RJ
513a54369b6a8a6602fcb0e129c6d78d,2,62.66,4.5,3.5719097222222222,0.0,9862,sao bernardo do campo,SP
5145090ab595c0d0b8557199f5701fbf,4,1657.4499999999998,4.25,15.680384837962961,0.0,82900,curitiba,PR
5151aea44289d6c6b090ee31c2132508,7,1482.47,1.8333333333333333,17.37599537037037,0.0,17515,marilia,SP
515d781150feed28a6ac091bb0e3cb8c,6,1154.72,4.166666666666667,9.780329861111111,0.0,79090,campo grande,MS
5160d23075764e18e07c1f4a87fad743,33,3018.33,4.484848484848484,9.207673972800926,0.030303030303030304,9720,sao bernardo do campo,SP
516e7738bd8f735ac19a010ee5450d8d,75,8162.03,4.573333333333333,8.872751775748352,0.05333333333333334,22230,rio de janeiro,RJ
51702dc2a3e106c76dbff722b5bf0726,13,3287.04,4.3076923076923075,14.786125356125355,0.0,13835,conchal,SP
5194c22ed1f616ec0c0f33c571542879,4,326.45000000000005,4.333333333333333,12.323978587962962,0.0,37540,santa rita do sapucai,MG
519a7aa428f18d125a283cf8c014fdd6,3,152.79999999999998,4.0,7.4835262345679014,0.0,89180,rio do oeste,SC
51a04a8a6bdcb23deccc82b0b80742cf,1,199.92000000000002,1.0,35.314861111111114,1.0,12914,braganca paulista,SP
51e0557bc7b86de13e946c60ee91ce39,1,63.4,5.0,10.434085648148148,0.0,31510,belo horizonte,MG
51e4e89242cbb846c2deff3dc015650e,16,1175.75,4.625,9.21369357638889,0.0,96203,rio grande,RS
51ed72984a04e5dd35c2b27e77179038,7,1493.23,3.5714285714285716,16.578348214285715,0.14285714285714285,15050,sao jose do rio preto,SP
51f108f62cb87d61918159902c8f8583,3,378.76,4.333333333333333,5.971261574074074,0.0,85801,cascavel,PR
5206cc4bc2297c833e6061c49bf9c43f,1,45.96,1.0,,0.0,6192,osasco,SP
52092ddbd3a58c450a4459bf051b2287,5,1384.4299999999998,4.2,14.2984375,0.0,17300,dois corregos,SP
520b493b57809f446cb0a233bb3e25c7,63,4853.56,4.285714285714286,7.681669422398589,0.031746031746031744,11075,santos,SP
522620dcb18a6b31cd7bdf73665113a9,173,61774.45,3.9226190476190474,15.392146009313407,0.10404624277456648,85801,cascavel,PR
5236605f4d4b0b3e4df85b850393fca0,5,347.48,4.8,10.492495370370369,0.2,3311,sao paulo,SP
52454f90d4c30c016768db02f88c1a74,3,147.67,3.6666666666666665,12.69337577160494,0.0,13091,campinas,SP
52562a9f449c3dc3d53f5f5b9ed74903,14,3710.64,4.785714285714286,13.357767857142857,0.0,59152,parnamirim,RN
525e75a6fb1454a2325ab1734bcec221,10,777.07,3.6,6.366539351851852,0.0,6453,barueri,SP
5275ca25d0358ca73864e0ae41be1320,4,478.82000000000005,4.75,7.039756944444444,0.5,7024,guarulhos,SP
527801b552d0077ffd170872eb49683b,90,20005.36,4.47191011235955,13.124561471193415,0.1,17400,garca,SP
52831e5990d0771cb4951d6f12928167,1,78.12,3.0,5.106226851851852,0.0,17600,tupa,SP
528bcf6680c36dddf07620bd35b33a6f,2,1013.84,4.5,21.278836805555557,0.5,3178,sao paulo,SP
528ce32f560edd11add4169f6a5b65be,1,39.17,5.0,2.0966203703703705,0.0,18130,sao roque,SP
52956b80ae65fda598f06f6b9943e7a9,3,858.85,4.0,25.609182098765434,0.3333333333333333,87050,maringa,PR
52a50b42accf164f9f019941e5759d9b,4,197.02,4.75,5.381053240740741,0.25,13820,monte alegre do sul,SP
52a52b9f656520e99716f5bc40f661c8,7,931.2199999999999,4.0,10.714502314814817,0.0,13573,sao carlos,SP
52ac6f920b7280e4c6d30dd94de6259b,6,6383.889999999999,3.6666666666666665,12.983881172839508,0.0,83321,pinhais,PR
52b53f7061969fe471d119b6195da864,1,98.37,5.0,3.333136574074074,0.0,88301,itajai,SP
52bb00821bcdd358a5a5a27e1f6be5a1,2,388.43,4.5,15.994728009259259,0.0,6268,osasco,SP
52d76513f0c4d97f3b99570e2c94ee31,18,7593.16,4.0588235294117645,10.441313014403292,0.05555555555555555,93348,novo hamburgo,RS
52f0fe436a347ddad7ed5f9aa4e27eaa,21,2049.6600000000003,3.5238095238095237,14.941714790448342,0.14285714285714285,1129,sao paulo,SP
52f6f9f13ba19504c02781132a049e75,1,222.13,1.0,16.289837962962963,0.0,80540,curitiba,PR
52f976b17ea7f2f087f56dcc419328f6,6,8492.65,3.6666666666666665,10.383350694444443,0.0,86820,california,PR
52f9db5cfb423382a2fa5c9e39303202,22,1628.54,4.136363636363637,10.174080687830687,0.0,19830,echapora,SP
5305693ffae2d3463377b1f6fe67b15a,1,106.55,5.0,13.373368055555556,0.0,16300,penapolis,SP
53088c75f948b48a7ece173ac17f0c12,3,316.23,5.0,10.963942901234567,0.0,95840,triunfo,RS
530ec6109d11eaaf87999465c6afee01,97,15640.210000000001,4.237113402061856,10.852067203506698,0.010309278350515464,85807,cascavel,PR
53243585a1d6dc2643021fd1853d8905,358,235856.68,4.132022471910112,13.432182877022138,0.04189944134078212,42738,lauro de freitas,BA
53336f97ddbe53e2a617d07b17447b95,1,674.83,5.0,19.431122685185183,0.0,3461,sao paulo,SP
533d46c1b06970e99f09523a61df4972,2,192.62,4.5,16.602592592592593,0.0,18200,itapetininga,SP
5343d0649eca2a983820bfe93fc4d17e,69,13272.09,3.911764705882353,11.144842898965141,0.10144927536231885,9270,santo andre,SP
534a01cc6df1e034e05c32028a291fa2,5,295.45,4.4,10.692097222222221,0.0,13214,jundiai,SP
535bf14f36346c7f59d87cece104d70c,1,57.769999999999996,4.0,4.217708333333333,1.0,20735,rio de janeiro,RJ
537eb890efff034a88679788b647c564,154,7237.719999999999,4.26797385620915,9.1041588998538,0.05194805194805195,20270,rio de janeiro,RJ
538caafddff204241cecbf3a02e6b3cf,9,246.49,2.5555555555555554,17.311448206018518,0.4444444444444444,4516,sao paulo,SP
539ed9e19811677513447759be5eccfc,2,124.69,3.0,5.068101851851852,0.0,31520,belo horizonte,MG
53b0300ca793f9834cd69c0678d35ee8,5,1799.46,5.0,5.940754629629629,0.0,13339,indaiatuba,SP
53d00c40e32aeb924a84ce72b1af869d,16,2333.15,4.375,16.69857783564815,0.25,14940,ibitinga,SP
53e4c6e0f4312d4d2107a8c9cddf45cd,463,40058.87,4.097402597402597,12.116376088422859,0.05399568034557235,13920,pedreira,SP
54065e9aef7e9e9c2dc23b7594db021a,14,8283.43,3.857142857142857,12.422222222222222,0.0,20040,rio de janeiro,RJ
54219883e72aad869adfb2a54b7bfa0f,5,7579.55,3.2,17.007217592592593,0.0,18060,sorocaba,SP
542917da124346b47ea1ac79a93ce454,20,1691.88,4.15,11.576402777777776,0.05,82560,curitiba,PR
5444b12c82f21c923f2639ebc722c1ea,1,179.46,4.0,,0.0,2051,sao pauo,SP
544863df86ed3b78a04e0820d41430ee,1,39.17,5.0,5.5005902777777775,0.0,29166,serra,ES
54583ab379489add547fe47b628db589,10,2391.08,4.8,5.116539351851852,0.0,9810,sao bernardo do campo,SP
54965bbe3e4f07ae045b90b0b8541f52,77,12983.76,3.0273972602739727,26.36203816229424,0.2857142857142857,85851,foz do iguacu,PR
54a1852d1b8f10312c55e906355666ee,199,20523.71,4.346938775510204,11.489070255217145,0.09547738693467336,13456,santa barbara d'oeste,SP
54aa8463e87776b5612f4bdc4bd5d4de,7,772.8299999999999,3.857142857142857,13.480618386243387,0.0,30550,belo horizonte,MG
54c04bdb5ec46762f8f08c7e8f86ed4a,17,3612.61,4.294117647058823,16.179972766884532,0.11764705882352941,88037,florianopolis,SC
55029529919c0123526150bd26ca8f20,7,588.83,4.714285714285714,8.695739087301588,0.0,32280,contagem,MG
553a440137d6e0cf776aee0bb83ac9f5,2,175.14,1.0,23.00158564814815,0.5,13481,limeira,SP
5563732abe64c3036cb97ad924128dd1,2,441.6,4.5,12.159421296296296,0.0,7192,guarulhos,SP
5566627eab3fe93fd6ee08798226101a,5,187.81,4.4,8.814136574074073,0.0,83005,sao jose dos pinhais,PR
556a6409838156ea299c9d1f9e2dde43,4,1449.64,3.25,7.399207175925927,0.0,81200,curitiba,PR
557f22c76691849db52d2abccf0015d0,13,1192.56,3.0833333333333335,14.50512538580247,0.0,75650,morrinhos,GO
5587130f9850696ed7fafbc91c2cee44,2,103.49,5.0,6.5392013888888885,0.0,4311,sao paulo,SP
559d56f3b8f0bc2e5a9a62fe2ce2a39f,2,433.72,2.5,12.295746527777778,0.5,89220,joinville,SC
55a5b51f93f2b70ea513f5a047b0262a,38,4811.23,4.526315789473684,13.961685855263157,0.07894736842105263,36301,sao joao del rei,MG
55bb6fe5bebe5012e2d7d9928e1128ff,15,2393.02,3.5714285714285716,15.001960648148149,0.13333333333333333,17052,bauru,SP
55c26bcb609f480eb7868594245febb5,5,644.45,3.8,10.428780092592593,0.0,14910,tabatinga,SP
55c96925041a14097b6a7825554f4ad5,6,787.75,4.0,11.164361111111111,0.3333333333333333,2122,sao paulo,SP
55d3daac7c404d59e51c2aa2f4dc5a23,21,5790.4800000000005,4.095238095238095,8.714584986772488,0.0,2150,sao paulo,SP
55dedd83e501d8248880557d9073cbfd,8,1301.92,4.875,4.779639756944444,0.0,22061,rio de janeiro,RJ
55f7a3319d80f7fdf078b8f03e6725fe,22,3420.4500000000003,3.772727272727273,6.7771659301346805,0.09090909090909091,6056,osasco,SP
562f8cfc51f265411f487d07e9c40e7f,13,966.25,4.538461538461538,14.032670049857549,0.15384615384615385,30575,belo horizonte,MG
562fc2f2c2863ab7e79a9e4388a58a14,257,13501.39,4.219607843137255,11.346027428718402,0.03501945525291829,13070,campinas,SP
5656537e588803a555b8eb41f07a944b,172,11306.72,3.9064327485380117,11.210601030024106,0.06976744186046512,72015,brasilia,DF
5659d77e8d90378e39b960ad5956f64e,2,213.13,2.5,20.48904513888889,0.5,12062,taubate,SP
56642bcb79900e777d68e91915cb4267,48,4471.79,4.0625,12.484718364197532,0.08333333333333333,3701,sao paulo,SP
5670f4db5b62c43d542e1b2d56b0cf7c,22,7252.200000000001,4.409090909090909,8.532830913299664,0.045454545454545456,3694,sao paulo,SP
56a8b450e802502ba53a9885ee38e29f,1,77.65,1.0,,0.0,9895,sao bernardo do campo,SP
56db5c0782e8f7ddc9343f9576ff6d16,2,791.9499999999999,3.0,9.917291666666667,0.0,88132,palhoca,SC
56e361f411e38dcef17cdc2a3d99628b,5,3155.76,4.0,10.307650462962963,0.2,7113,guarulhos,SP
56f413900b5166ab4d730e9ac0b12cb0,3,194.24,4.666666666666667,10.19193287037037,0.0,18076,sorocaba,SP
570d4583587a5fe2d47c7be89b91ad27,2,148.92000000000002,5.0,5.748657407407407,0.0,2220,sao paulo,SP
5721089ba9214e80074f27d5a03fc0eb,5,312.57,5.0,7.435550925925926,0.0,1408,sao paulo,SP
5733d806668f8712c24b9abaefbfa642,2,329.68,5.0,15.00157986111111,0.0,89803,chapeco,SP
5741dc2bf5044c34d0698681c5081bed,3,123.74999999999999,5.0,7.190243055555555,0.0,12226,sao jose dos campos,SP
575df70bde3f9f2b30bf8d2e9910d725,26,6195.75,4.115384615384615,13.307255163817663,0.07692307692307693,15075,sao jose do rio preto,SP
577719699805dd125d5b6fdde5943bba,8,1287.3600000000001,4.375,10.283478009259259,0.125,95150,nova petropolis,RS
578460d8319c51dab351cd9db95eadfe,1,270.45,3.0,,0.0,74550,goiania,GO
578fa3a9cb6b6dceab39231ad59cdaca,3,187.2,3.6666666666666665,22.39690200617284,0.3333333333333333,60025,fortaleza,CE
5795aebfe331fbcd02a2c4b679fb7952,5,1250.41,4.4,10.255453703703704,0.0,88132,palhoca,SC
579891617139df7d8671d373f0669622,8,408.5,4.5,18.42087962962963,0.25,20061,rio de janeiro,RJ
57a834594e1e9e9219603bfec184eadc,1,166.05,5.0,6.109594907407407,0.0,98780,santa rosa,RS
57c764b4a836300be881e2ff86e449f9,29,1795.6100000000001,4.142857142857143,15.405973875661376,0.13793103448275862,14021,ribeirao preto,SP
57d2ba47f7a3209aa347532ae75c1165,2,458.24,4.0,15.687424768518518,0.0,89287,sao bento do sul,SC
57df9869a600bd6b7c405f2a862eccfb,5,197.20999999999998,4.4,7.28955324074074,0.0,37540,santa rita do sapucai,MG
57e632711dec9ec14ca7546769483e7e,61,7620.08,4.409836065573771,10.94675166970249,0.0,88372,navegantes,SC
57fe6232e67823593374a2281d7a8af8,8,284.04,4.75,9.581882233796296,0.0,13360,capivari,SP
582d4f8675b945722eda7c0cb61ba4c7,56,6448.7,4.25,11.154140211640211,0.017857142857142856,11250,bertioga,SP
585175ec331ea177fa47199e39a6170a,1,3602.47,5.0,7.919513888888889,0.0,39400,montes claros,MG
586a871d4f1221763fddb6ceefdeb95e,1,239.48,1.0,68.62114583333333,1.0,90630,porto alegre,RS
5882820ef11c4c068eea0677a7a879b4,14,10664.81,4.153846153846154,14.96869460978836,0.07142857142857142,95082,caxias do sul,RS
5882f40daf39bc2a465e0cb453ddc222,1,698.9,2.0,,0.0,5616,sao paulo,SP
58b98ccb79873e04eac4357cacc590d9,1,31.91,1.0,,0.0,13043,campinas,SP
58c851d1a3c7cd3da329eb59453fed44,2,293.26,5.0,4.611643518518519,0.0,13504,rio claro,SP
58e4b302b54937e55a678c4d15111da4,3,328.85,2.3333333333333335,7.158981481481481,0.0,83402,colombo,PR
58f1a6197ed863543e0136bdedb3fce2,43,7778.28,4.255813953488372,10.411605408762421,0.023255813953488372,36407,conselheiro lafaiete,MG
59417c56835dd8e2e72f91f809cd4092,18,37657.770000000004,4.277777777777778,12.569483024691358,0.0,13480,limeira,SP
594f9aaa48e5bf431f011ddc5669b0d5,37,4136.41,4.594594594594595,7.7872528778778785,0.02702702702702703,32185,contagem,MG
5962468f885ea01a1b6a97a218797b0a,8,928.04,4.142857142857143,10.914812885802469,0.0,82040,curitiba,PR
596849622429351f47b32e6cae1055ff,12,1191.96,4.454545454545454,5.847595749158248,0.0,8710,mogi das cruses,SP
5996cddab893a4652a15592fb58ab8db,1,880.75,5.0,5.080324074074074,0.0,19010,presidente prudente,SP
59b22a78efb79a4797979612b885db36,124,32119.1,3.975609756097561,12.758669261499403,0.12903225806451613,38414,uberlandia,MG
59bbc819b99a733f02f0d6b49d1c253d,2,162.75,5.0,5.458657407407408,0.0,13043,campinas,SP
59cd88080b93f3c18508673122d26169,10,567.7099999999999,4.7,13.021471064814815,0.2,11707,praia grande,SP
59cea8e446d3834393058e7e0666b6fb,10,901.14,4.6,7.272856481481481,0.0,87050,maringa,PR
59de1d4c8c057c2a53acd4ca66531af2,1,156.75,5.0,18.68167824074074,0.0,80215,curitiba,PR
59fb871bf6f4522a87ba567b42dafecf,126,23754.760000000002,4.232,11.998807023486902,0.06349206349206349,3655,sao paulo,SP
5a05a16bb50629ee31afab8a6d4c2674,14,1075.48,4.214285714285714,7.040058697089947,0.07142857142857142,95076,caxias do sul,RS
5a32c398a06c345440bf2a683b017ad3,2,102.97,3.0,11.96880787037037,0.0,21070,rio de janeiro,RJ
5a413ade68e8f8d93071a7f52a64cb9e,14,932.67,4.642857142857143,4.118708664021164,0.14285714285714285,3679,sao paulo,SP
5a4236931428800e9d9cc04af0987118,1,90.66,5.0,3.981076388888889,0.0,2916,sao paulo,SP
5a425cc503b39b262a847fd6212bf53b,15,1630.1000000000001,4.214285714285714,6.823572255291006,0.06666666666666667,86010,londrina,PR
5a6a02f419701fc8c605af71d4fc57a4,10,714.41,4.8,5.593672453703704,0.1,13465,americana,SP
5a8e7d5003a1f221f9e1d6e411de7c23,130,13146.23,4.178294573643411,10.440977737991899,0.06153846153846154,13076,campinas,SP
5a93f3ab0ef4c84ed5e1b5dbf23978bc,39,3035.39,4.684210526315789,15.093835587231966,0.02564102564102564,12250,monteiro lobato,SP
5a9b3bcab695173c820e53934574ae80,1,203.76999999999998,5.0,7.143958333333333,0.0,13320,salto,SP
5a9c0859cb00fd8aa4db443837f0a700,2,255.59000000000003,4.5,9.005376157407408,0.0,89650,treze tilias,SC
5aaa890629f83706d8d9bfecd8377c1c,1,66.82,1.0,,0.0,25720,petropolis,RJ
5ab05b6d86d417796c69ffd6774ec832,10,2142.85,3.8,13.937832175925925,0.1,19815,assis,SP
5abb8ea023c77787f2c15da891c8d384,13,2987.2,3.923076923076923,19.6782719017094,0.23076923076923078,89228,joinville,SC
5acd070dd3fe441bbb2ec1f1ede515ee,7,886.37,3.0,26.1123082010582,0.42857142857142855,13203,jundiai,SP
5b07547f10dd980738a1a27f685af669,13,1320.0700000000002,4.461538461538462,6.257921118233619,0.15384615384615385,7013,guarulhos,SP
5b0cc932433fa5184b5b94bfe6bcc256,12,1994.0900000000001,3.5833333333333335,11.838533950617284,0.25,14940,ibitinga,SP
5b179e9e8cc7ab6fd113a46ca584da81,34,5839.14,3.6666666666666665,13.005503812636166,0.08823529411764706,5424,sao paulo,SP
5b2e94f2c22b39ccc24d34ad0f669672,10,1446.94,4.9,9.983612268518518,0.1,1214,sao paulo,SP
5b33b527da3c5b969cc99dc435cad09a,16,2238.34,4.125,12.708035300925927,0.0625,87702,paranavai,PR
5b35136197710e16ac5e7b7c2bd4ea85,7,3350.29,2.5714285714285716,18.389627976190475,0.2857142857142857,22640,rio de janeiro,RJ
5b51032eddd242adc84c38acab88f23d,11,2743.5299999999997,4.2727272727272725,11.356486742424243,0.0,37564,borda da mata,MG
5b581417df4480f632484ba681e53944,12,2376.3,3.5,18.4114898989899,0.25,88050,florianopolis,SC
5b664594895aefb418afaee6d40a9a23,16,1301.84,3.9375,10.405842737268518,0.0,25750,petropolis,RJ
5b67882648febfb6e1225e6ad7164f6b,27,7676.77,4.0,12.55868912894376,0.037037037037037035,87502,umuarama,PR
5b8154610ebb21fb90eb587365e673df,38,10474.98,4.184210526315789,13.051636636636637,0.10526315789473684,12246,sao jose dos campos,SP
5b85809efd0d0e4dea1a9544e1280ed9,12,2097.36,4.25,7.96546199845679,0.0,19020,presidente prudente,SP
5b925e1d006e9476d738aa200751b73b,63,8801.84,4.578947368421052,10.885000367430923,0.06349206349206349,4567,sao paulo,SP
5b92bfa4120daa27c574daa2e386c693,1,24.96,3.0,16.086435185185184,0.0,18070,sorocaba,SP
5b97c06a046398e7005b2b7c0d707a92,4,1769.5900000000001,3.25,26.17675925925926,0.5,38770,joao pinheiro,MG
5bba18b40e8c973b0f32e748004775b0,1,784.8000000000001,5.0,7.072442129629629,0.0,15840,itajobi,SP
5bc237df65098fe211bb4818f4d26d78,2,183.89,4.5,12.479837962962963,0.0,38410,uberlandia,MG
5bc24d989e71e93c33e50a7782431b0e,17,3736.53,4.352941176470588,9.188674428104575,0.0,37165,campo do meio,MG
5bc55dbe2f12b6af6d83ed46023e0dc8,16,3702.46,2.466666666666667,14.700008680555555,0.25,35170,coronel fabriciano,MG
5bf397d04035b5f45cc41e82ec106803,3,1572.28,4.333333333333333,4.018661265432098,0.0,4144,sao paulo,SP
5bffbafbb22daf6d3bfc216a46db8708,21,5694.2,4.761904761904762,8.653910383597884,0.0,26525,nilopolis,RJ
5c030029b5916fed0986310385ec9009,7,5079.9,4.857142857142857,6.232266865079366,0.0,88075,sao jose,SC
5c243662ce92d84573bfaff24c3e3700,98,34637.66,4.144329896907217,10.906951884920636,0.030612244897959183,3702,sao paulo,SP
5c3460cd3e8a984382ae254e7dd20d9f,9,974.3,4.666666666666667,9.911150977366255,0.0,15085,sao jose do rio preto,SP
5c603ffb38cbbf25a0e0698941324143,2,393.61,1.0,,0.0,37004,varginha,MG
5c6d4016c2a288f074fa0848a2b653d2,31,3574.16,4.032258064516129,10.810606867283951,0.0967741935483871,1209,sao paulo,SP
5c853bb56f70f4d14218944bae111d7a,22,641.24,4.136363636363637,8.456358375420875,0.0,6715,cotia,SP
5ca5d579b5857ee8709479b1047cecc3,2,363.88,1.0,17.78358796296296,0.5,4176,sao paulo,SP
5cbbd5a299cab112b7bf23862255e43e,35,3751.4,4.371428571428571,10.987444444444444,0.0,83324,pinhais,PR
5cf13accae3222c70a9cac40818ae839,145,17242.36,4.486111111111111,10.804008085776749,0.034482758620689655,38700,patos de minas,MG
5cf1ec37aea089f45110c70653a166ab,3,93.1,3.6666666666666665,21.465109953703703,0.0,2215,sao paulo,SP
5d0363b33554b373851fc1622e4d5f3c,92,8660.6,4.065217391304348,12.200608465608466,0.07608695652173914,12952,atibaia,SP
5d043cd5512d4bd2f88e5ccdd5736c38,1,714.91,2.0,9.573449074074073,0.0,2710,sao paulo,SP
5d378b73ab7dd6f0418d743e5dcb0bd1,7,13636.279999999999,3.857142857142857,30.488871527777775,0.14285714285714285,1026,sao paulo,SP
5d3bb11474a06bdc23fb9e89f1164ee0,31,4178.82,3.903225806451613,9.800679883512545,0.03225806451612903,19804,assis,SP
5d505d2298ad549e4e4e835562fa0c1e,2,278.14,5.0,5.899982638888889,0.0,16200,birigui,SP
5d76d80a2f5f39c891b996a1bf4c9853,5,1248.97,4.8,11.15028472222222,0.0,5727,sao paulo,SP
5d9dc90a686a8fddacffab6bab5653a3,12,4131.27,4.166666666666667,8.628353587962962,0.08333333333333333,6513,santana de parnaiba,SP
5d9f3746e112e696f98ea22c56b3e912,1,1370.41,5.0,7.0696875,0.0,3171,sao paulo,SP
5db42a6cd9bf1bf0d3aab9582767f168,1,219.32999999999998,5.0,16.873449074074074,0.0,29010,vitoria,ES
5dc203c7b84a0e71e878a179de05fb9a,5,550.05,4.0,8.570122685185186,0.0,17580,pompeia,SP
5dc4bdaf869e8c77c648078cbe8d59c2,1,327.49,1.0,,0.0,88035,florianopolis,SC
5dceca129747e92ff8ef7a997dc4f8ca,324,125142.54,3.981132075471698,11.586159931348794,0.06172839506172839,13450,santa barbara d´oeste,SP
5de1c80811ce7007f62f00d971236c09,2,107.75,5.0,8.073929398148149,0.0,88063,florianopolis,SC
5debea795b07621e1f90532e18f96145,25,2388.13,4.36,10.347672685185184,0.0,86800,apucarana,PR
5def4c3732941a971cba8fdee992ede1,5,201.04,4.6,4.562969907407408,0.0,2113,sao paulo,SP
5e063e85d44b0f5c3e6ec3131103a57e,1,30.32,5.0,1.2883333333333333,0.0,5302,sao paulo,SP
5e105f5c9f63f5f1fd75d6cb942e55b1,8,1745.73,4.5,9.292110821759259,0.125,15076,sao jose do rio preto,SP
5e106d93b717c2682b9383da480364a1,1,467.60999999999996,5.0,7.260185185185185,0.0,85875,santa terezinha de itaipu,PR
5e25c632f9db6cfb8bc100421c2737b6,1,278.91,5.0,6.050219907407407,0.0,89801,chapeco,SC
5e49e3a44bdeb5aab2684258bbd4f525,3,559.77,4.666666666666667,16.658904320987656,0.3333333333333333,88330,balenario camboriu,SC
5e9f5bd34e0830569f05c9d4f56e04a8,2,274.86,4.5,10.026510416666667,0.0,90560,porto alegre,RS
5ee7fd217d08dfe5d3e2f51f96a12c9a,9,1435.18,3.4444444444444446,16.85798739711934,0.2222222222222222,13880,vargem grande do sul,SP
5eeb9c756d9780b96283e5a2ac6da334,9,2718.74,4.222222222222222,16.608179012345676,0.2222222222222222,14010,ribeirao preto,SP
5ef131ac72773e5b3f6c0d63cf424657,9,741.26,4.444444444444445,6.229263117283951,0.0,14075,ribeirao preto,SP
5f0057b677eb963672bf05dfa3f16c34,5,379.89000000000004,4.2,7.040208333333333,0.0,1309,sao paulo,SP
5f06030071324cc52bf0304014ac7234,4,1133.33,4.0,10.357387152777777,0.0,17514,marilia,SP
5f1dc28029d2c244352a68107ec2b542,61,3803.37,4.406779661016949,9.685903536733456,0.06557377049180328,5126,sao paulo,SP
5f2684dab12e59f83bef73ae57724e45,68,10123.06,3.8088235294117645,10.647301340519624,0.058823529411764705,5125,sao paulo,SP
5f26c1408a65b42a7224cd463bdf3292,10,1357.09,4.8,6.427893518518519,0.0,86707,arapongas,PR
5f3ae9136c875522250f8184f253413a,43,1773.76,4.642857142857143,7.8619786155202815,0.06976744186046512,1550,sao paulo,SP
5f57db27027655e6c6a391601daa0258,1,151.04,5.0,14.373472222222222,0.0,29138,viana,ES
5f5a58930c3c35f3b5af264f34fb8c85,3,628.5899999999999,5.0,7.959606481481482,0.0,14020,ribeirao preto,SP
5f5b43b2bffa8656e4bc6efeb13cc649,27,4386.5,4.407407407407407,13.945222479423867,0.037037037037037035,4880,sao paulo,SP
5f67c6082caacb26e431a7b17940cece,13,1871.03,3.5384615384615383,22.829244123931623,0.3076923076923077,87083,maringa,PR
5f7300535881cef3b625fd683cf7d145,10,915.71,4.4,8.813859953703703,0.0,92020,canoas,RS
5fd924b4836098a5be0ecf81ba054ce0,7,1284.34,4.0,7.985335648148149,0.0,3554,sao paulo,SP
602044f2c16190c2c6e45eb35c2e21cb,48,4605.349999999999,3.148936170212766,14.957210899758454,0.1875,14940,ibitinga,SP
6025c79c035c3d772133b8b8238463b2,2,1098.33,5.0,8.44961226851852,0.0,83327,pinhais/pr,PR
6039e27294dc75811c0d8a39069f52c0,63,15934.66,3.6984126984126986,18.17080570489845,0.2222222222222222,6162,osasco,SP
60562ab00b8054280520d390c8c0045c,17,3247.09,4.764705882352941,10.181200980392157,0.0,4809,sao paulo,SP
6061155addc1e54b4cfb51c1c2a32ad8,27,16476.06,4.769230769230769,6.005960648148148,0.037037037037037035,13043,campinas,SP
606ce7768feac12c5e8bd58db8b08f0f,5,3158.2799999999997,4.8,9.72950925925926,0.0,13084,campinas,SP
609e1a9a6c2539919b8205cf7c4e6ff0,84,10044.029999999999,3.8658536585365852,10.197827932098765,0.023809523809523808,88359,brusque,SC
60ad151920c4f6f3ebbe8cfdf6166779,2,150.67000000000002,1.0,,0.0,6322,carapicuiba,SP
60da8bfa7eebe230b7d66ac4082d79b3,3,125.27,4.333333333333333,7.781188271604939,0.3333333333333333,15940,fernando prestes,SP
610f72e407cdd7caaa2f8167b0163fd8,15,14155.199999999999,3.8,13.219435956790123,0.13333333333333333,1201,sao paulo,SP
612170e34b97004b3ba37eae81836b4c,107,25498.98,4.429906542056075,10.988303046036691,0.018691588785046728,93542,novo hamburgo,RS
612a743d294c27884fb7b80d2b19ba35,2,3162.15,4.5,9.794849537037036,0.0,80620,curitiba,PR
615005a3ef192c00c6f0e977cee3d2bc,10,482.24,3.8,13.925006944444444,0.2,13304,itu,SP
615c3462099ffa940d37b17dfda19594,2,261.05,5.0,7.6487442129629635,0.0,24855,rio de janeiro,RJ
6179a28a13a726c29b3bf54c070dccab,2,686.24,3.0,25.23008101851852,0.0,37048,varginha,MG
6187a137b2af59dfdbad8d9f8c373c14,2,105.02,5.0,13.861290509259259,0.0,6268,osasco,SP
61b18775be84fb700a6b2d0ba097bf66,4,436.01,4.75,10.575578703703703,0.0,14808,araraquara,SP
61b893c57e33626afb104d4112b1be76,1,88.08999999999999,1.0,,0.0,37142,divisa nova,MG
61c36f0fc4a47f9532e5512b66668e62,1,767.69,1.0,12.314270833333333,0.0,7043,guarulhos,SP
61f159ef6da2d441951d2c0efa719362,2,131.91,1.0,,0.0,29160,serra,ES
620c87c171fb2a6dd6e8bb4dec959fc6,738,129057.89,4.25,12.899152078844772,0.0975609756097561,25645,petropolis,RJ
6219ba2359cfb97f2e38fd4c321eb309,6,590.55,3.4,23.707979166666668,0.5,2110,sao paulo,SP
6235903333ba7de1928c869e268e5964,1,135.48000000000002,5.0,4.974247685185185,0.0,89650,treze tilias,SC
623ad9d0c1e14bb5464a8c72bff7b4af,1,133.96,4.0,24.09232638888889,0.0,35530,claudio,MG
624f4ece8da4aafb77699233d480f8ef,51,10855.84,4.24,13.750148379629628,0.0784313725490196,5138,sao paulo,SP
626ab1cd96932367f0eeec2e47046c12,3,1390.4699999999998,4.666666666666667,7.193283179012345,0.0,5048,sao paulo,SP
62760d278921b5f352461620d68a9cee,3,450.1,3.6666666666666665,19.679513888888888,0.3333333333333333,13320,salto,SP
6288c69c4ce638e59925e59193f98b16,22,4812.4800000000005,3.9545454545454546,9.613747106481481,0.045454545454545456,9010,santo andre,SP
62c50c1af4dfdc4149d25c5222043d39,14,3096.03,3.7142857142857144,12.141128472222222,0.0,4782,sao paulo,SP
62d977e2b2aee830de3e039a28490d12,2,432.12,1.0,,0.0,80410,curitiba,PR
62de60d81c55c29d76a6bce418b31cef,1,126.87,4.0,16.171631944444446,0.0,14940,ibitinga,SP
630008e0f062605a415d694489f6f82e,2,135.5,3.5,17.05988425925926,0.0,1026,sao paulo,SP
63191ead8d3b2f937cd1996fdcbbad20,1,420.29,5.0,11.917349537037037,0.0,13212,jundiai,SP
63272377184e969942f7fff221be858d,2,216.23,5.0,12.299733796296296,0.0,3340,sao paulo,SP
6338ea67c41078a46ad99cc009654956,36,3193.0299999999997,4.617647058823529,13.340945537551441,0.0,95170,farroupilha,RS
633ecdf879b94b5337cca303328e4a25,6,1125.49,1.8,25.722860725308646,0.6666666666666666,4438,sao paulo,SP
634964b17796e64304cadf1ad3050fb7,265,45565.37,4.056818181818182,14.734555546720385,0.1018867924528302,21840,rio de janeiro,RJ
63704069d9bd3a75c1cf59babe56004a,1,66.69,1.0,18.27550925925926,1.0,13212,jundiai,SP
638cba8be1fb599bbb76fd6948351eb3,17,913.87,4.625,8.141051070601852,0.0,12242,sao jose dos campos,SP
63a79f5a7eb5cb48a7e5787b141c7993,11,1114.21,4.545454545454546,6.365419823232323,0.0,38701,patos de minas,MG
63b464dbf392c7b80d12d932fa7cafed,37,7662.25,3.7837837837837838,13.07969971707819,0.05405405405405406,2034,sao paulo,SP
63b9ae557efed31d1f7687917d248a8d,5,242.31,4.2,18.660875,0.0,13720,sao jose do rio pardo,SP
63bc58679c44e8a998792119fd7ad23e,1,34.01,1.0,,0.0,5595,sao paulo,SP
63ffcb71394dd8ea3872ed9ffda17c74,17,663.72,3.176470588235294,13.25094566993464,0.058823529411764705,24813,itaborai,RJ
640e21a7d01df7614a3b4923e990d40c,112,10028.51,4.339285714285714,10.324017037871204,0.07142857142857142,14940,ibitinga,SP
6426d21aca402a131fc0a5d0960a3c90,23,1593.82,4.173913043478261,10.963011272141706,0.043478260869565216,14091,ribeirao preto,SP
643214e62b870443ccbe55ab29a4dccf,66,4199.78,4.4,9.59067735042735,0.12121212121212122,2134,sao paulo,SP
643c01d7c56a724bec0454f4780e8a3e,2,246.65,4.5,9.720231481481482,0.0,89222,joinville,SC
6481e96574816ead57975da2c0f6d80d,31,4298.4800000000005,4.233333333333333,6.983245967741936,0.03225806451612903,18072,sorocaba,SP
64b87978a11c1ea7501a89eabe8c2c1a,7,591.8299999999999,2.0,,0.0,19300,presidente bernardes,SP
64c9a1db4e73e19aaafd3286dc448c96,1,482.6,5.0,9.469189814814815,0.0,82510,curitiba,PR
64cc804291f90c81f02bfc2bb58ff55a,2,882.5799999999999,5.0,14.760040509259259,0.0,81250,curitiba,PR
651530bf5c607240ccdd89a30c9c9712,1,224.45000000000002,4.0,11.76519675925926,0.0,44600,ipira,BA
651fe66032c9520ee5587f694908040d,7,592.73,4.0,6.706140873015873,0.0,94810,alvorada,RS
6524b847b982cd56bb5d4b02b776ee42,1,834.9399999999999,4.0,42.330416666666665,1.0,13042,campinas,SP
6548c2550b6e2d8f18053216e1c7b6f3,3,287.55,5.0,6.486157407407408,0.0,9920,diadema,SP
655220df33262c7e0c4949a147366f94,13,2926.5299999999997,4.076923076923077,13.793602207977209,0.15384615384615385,9951,diadema,SP
6560211a19b47992c3666cc44a7e94c0,1844,152507.67,3.9423076923076925,9.629768934391826,0.06290672451193059,5849,sao paulo,SP
6561d6bf844e464b4019442692b40e02,1,49.449999999999996,5.0,1.434201388888889,0.0,7859,franco da rocha,SP
6562efe88ce0826a4ca4f189f03b4b84,9,1436.21,4.0,17.81350115740741,0.1111111111111111,87005,maringa,PR
656591be56071d4c9ef4e5fee78a578a,7,2021.2,4.571428571428571,14.808503637566137,0.2857142857142857,9180,santo andre,SP
6576fd3e23c88f0e5d4d23f39bba0542,1,25.46,1.0,,0.0,6766,taboao da serra,SP
657969cca82e884d272385ec0ef06edd,3,191.56,4.666666666666667,8.105501543209877,0.0,93608,estancia velha,RS
659e8466eb3ff1b0e8740d74fb7bbedd,11,1880.0,4.363636363636363,9.260814393939393,0.0,45820,eunapolis,BA
65a7c0788e4d632ccb5e1b594b87f0bb,3,384.12,4.333333333333333,11.02778549382716,0.0,5782,sao paulo,SP
65b081a070633e057c462abdd6fb9dd8,19,2326.67,4.315789473684211,12.037367811890839,0.0,75650,morrinhos,GO
65c255b299faf2d12050937cc219c46c,2,110.08000000000001,4.5,7.089606481481482,0.0,3060,sao paulo,SP
65febd49fd28ec955651299159b1f527,35,5301.14,4.314285714285714,6.6798937289562295,0.05714285714285714,3275,sao paulo,SP
6601ee6383e7f452be71929f8de48bbb,2,181.94,4.0,14.825185185185186,0.0,14027,ribeirao pretp,SP
6614814a00d344b846ae209f95ee7e3f,1,25.689999999999998,1.0,4.7878125,0.0,17290,macatuba,SP
661ad5fcc28cdfb8bcadb12bb2272475,4,329.71,5.0,12.388914930555556,0.0,88330,balneario camboriu,SC
6624bc09786f0e41ae48dfc5eeb1a9e2,1,107.01,5.0,15.795405092592592,0.0,30390,belo horizonte,MG
6650fcccd8cd2f7e55ffa524f30c4c59,3,743.9300000000001,2.6666666666666665,8.132112268518519,0.0,8490,sao paulo,SP
666658b8da8370f30e1f89893b1de5e6,1,321.34,5.0,,0.0,3658,sao paulo,SP
668bf321538e5072858eaef6087ce027,1,28.009999999999998,5.0,4.473495370370371,0.0,83323,pinhais,PR
66922902710d126a0e7d26b0e3805106,151,17795.11,4.473333333333334,11.31926913580247,0.0728476821192053,31842,belo horizonte,MG
669ae81880e08f269a64487cfb287169,162,16757.670000000002,4.238993710691824,12.194995542903152,0.043209876543209874,89160,rio do sul,SC
66d5ae34537110d3affc56174dad2b2f,1,72.18,1.0,,0.0,15062,sao jose do rio preto,SP
66dc1b1632bd6a3e508510c5b3492107,37,4554.49,3.5675675675675675,10.280148855452675,0.02702702702702703,17210,jau,SP
66e0557ecc2b4dbea057e93f215f68d8,31,12977.99,3.935483870967742,31.725889660493827,0.25806451612903225,4771,sao paulo,SP
66fd84ee7528c0c0de85d0f44a73d5ab,11,1891.3,3.3636363636363638,15.406205808080808,0.09090909090909091,98975,campina das missoes,RS
670a9dda115b5a88b18cfadee8de2332,11,1101.99,4.454545454545454,12.298190235690235,0.0,14096,ribeirao preto,SP
670c26e0f1bf8d0576271d5cfaec6d2b,77,7965.4,4.311688311688312,14.31368390594542,0.05194805194805195,87025,maringa,PR
671585f5a2af58b6e276bc01003c0d2b,27,1692.1100000000001,4.703703703703703,5.587871227709191,0.0,80510,curitiba,PR
67225bff54a172ff67579aaf583efd78,8,1393.11,4.5,13.427086226851852,0.125,85960,marechal candido rondon,PA
674207551483fec113276b67b0d871ff,1,133.84,5.0,1.869537037037037,0.0,18040,sorocaba,SP
6750d71153f00fc58829af2a8ef1bcf1,6,3626.5,4.166666666666667,9.518886959876545,0.0,28800,rio bonito,RJ
67883baaae6134ee81b271a542613728,19,8496.02,4.105263157894737,5.838590399610137,0.15789473684210525,1310,sao paulo,SP
679769a98cfcc6da877c8486ff1c13f3,21,7467.39,4.571428571428571,9.536956018518518,0.0,35162,ipatinga,MG
67bf6941ba2f1fa1d02c375766bc3e53,16,7029.68,4.125,14.965672839506173,0.125,82400,curitiba,PR
67e43d802fde8cfd3f9580124f8167d1,2,78.35999999999999,1.0,,0.0,7062,guarulhos,SP
6806dad1da97bfb5a9038eac6881f706,10,1783.26,3.95,16.814755787037036,0.1,83280,guaratuba,PR
681fce914360217db47784ae28905a96,21,4456.7300000000005,4.157894736842105,13.072596450617285,0.14285714285714285,83709,araucaria,PR
6824a69c9ea0313eba299dd4a2dba09a,6,784.08,4.666666666666667,4.810596064814814,0.0,35570,formiga,MG
685b870da5b52a710782c9c0fefbeb5b,2,670.98,2.0,39.61394675925926,1.0,9820,sao bernardo do campo,SP
6860153b69cc696d5dcfe1cdaaafcf62,74,5318.23,4.095890410958904,10.249410660660661,0.0945945945945946,13360,capivari,SP
6861de0f40cacb0602e473c51639f980,5,949.73,3.6,13.836252314814814,0.2,80420,curitiba,PR
686886775c8f6b1191c7b953fb52708c,1,202.62,5.0,3.546076388888889,0.0,13920,pedreira,SP
6879c4d287a8dd06b11f54ea8f78e4da,5,619.93,5.0,7.0234398148148145,0.0,6186,osasco,SP
688756f717c462a206ad854c5027a64a,79,8120.4,3.9220779220779223,10.867813852813853,0.08860759493670886,7094,guarulhos,SP
68ca56ce86830f3d31b1b7ec6a54da3e,5,712.1999999999999,4.2,5.63193287037037,0.0,83280,guaratuba,PR
68f86ba270525243e68ae74044f992b9,11,1071.31,4.363636363636363,10.094481481481482,0.09090909090909091,21941,rio de janeiro,RJ
6902157ee16728322d61a1321fa79e58,2,191.43,3.0,10.457511574074074,0.0,1026,sao paulo,SP
693660429f9dc4ff704eb3d88dad54d7,2,148.12,4.0,3.5799305555555554,0.0,9170,santo andre,SP
695051e2981c8b19e77cafe450d5bdf3,1,182.45,5.0,20.190590277777776,0.0,6276,osasco,SP
6973a06f484aacf400ece213dbf3d946,88,12646.78,3.6506024096385543,15.08981114498645,0.17045454545454544,12230,sao jose dos campos,SP
698624c6632eeba1774924dbea24c700,1,35.129999999999995,5.0,6.968645833333333,0.0,1425,sao paulo,SP
6989574bd97d9773f10d232b6c07da59,7,2799.5,4.857142857142857,10.962650462962964,0.0,80040,curitiba,PR
698f5fa55a5f73d0740e9d9a773e8093,4,203.99,4.75,6.034730902777778,0.0,20751,rio de janeiro,RJ
69a43819c758c65a5befb0b471c954d7,2,400.76,4.0,12.98847800925926,0.0,86802,apucarana,PR
69b5eaa096c3f9d1e5c398c597f567d6,2,987.02,5.0,6.57519675925926,0.0,16200,birigui,SP
6a0cbc8af2e8abd1bdfb777943d174c6,35,4639.42,4.0588235294117645,15.508637322984749,0.08571428571428572,14312,batatais,SP
6a3139c7bf09ece22a4713d956acbe5e,1,76.64,5.0,3.8735185185185186,0.0,13790,sao sebastiao da grama/sp,SP
6a38087bc8ad4f89ff453561005f6dea,15,2381.35,4.6,10.229387345679013,0.0,75123,anapolis,GO
6a51fc556dab5f766ced6fbc860bc613,26,8370.25,3.769230769230769,14.152041859567902,0.07692307692307693,17500,marilia,SP
6a53b90c3ad9e0b56d9fe5c69165fff5,2,194.77999999999997,3.5,11.870266203703704,0.0,82220,curitiba,PR
6a8a889bde935bafa76d7848782dfaf9,26,1268.62,4.041666666666667,7.8881014066951565,0.07692307692307693,2839,sao paulo,SP
6a8b085f816a1f75f92dbac6eb545f8f,126,8218.18,4.142857142857143,14.626827396953404,0.09523809523809523,14709,bebedouro,SP
6aa3928696eab49a19a466e665a649fd,17,2411.49,4.705882352941177,9.373204656862745,0.058823529411764705,26285,nova iguacu,RJ
6b15924333bd1a741595fe981ea04822,21,885.28,4.666666666666667,7.780927579365079,0.09523809523809523,9541,sao caetano do sul,SP
6b1c4d4d9ccf0be3d8544eb0e71e5318,1,1759.04,5.0,12.218310185185185,0.0,91130,porto alegre,RS
6b243f80ed07b10f0e8aa0f21a205f3c,78,7844.56,4.256410256410256,11.174813776115858,0.038461538461538464,81825,curitiba,PR
6b2612338467c08c9b25f0cc55b1578d,1,113.87,4.0,16.55759259259259,0.0,86990,marialva,PR
6b333a05bf188ef3e1f1662a86bd9855,12,4554.88,4.333333333333333,10.705775462962963,0.08333333333333333,72304,brasilia,DF
6b3bd31ad8fcda4b2635ec9f3ff2ecdf,35,4945.9,4.085714285714285,13.455242374727668,0.08571428571428572,22775,rio de janeiro,RJ
6b536a23086fba0d58c08d68814397f6,19,2437.9700000000003,3.888888888888889,12.088557741769547,0.05263157894736842,24346,niteroi,RJ
6b803197e03abd5056b4313306b4f29d,7,580.17,4.714285714285714,5.328425925925926,0.0,1123,sao paulo,SP
6b89abe95848c850399130d149a39b63,8,1465.73,4.375,11.262706886574074,0.0,75640,piracanjuba,GO
6b90f847357d8981edd79a1eb1bf0acb,45,4059.73,4.340909090909091,5.575552469135802,0.044444444444444446,7152,guarulhos,SP
6b9b80d53ba3676eafe60268a810b5a1,10,1055.66,4.222222222222222,12.04213220164609,0.0,31160,belo horizonte,SP
6ba4733aa33f6386e9fb0c0fd3993b38,3,209.88,4.666666666666667,12.429888117283951,0.0,95560,torres,RS
6bb0724edf0b62fb91ac404873a97241,17,4416.52,4.466666666666667,14.394572440087146,0.17647058823529413,6700,cotia,SP
6bb62a4912377c7bfe7cb17b406bc7e6,4,904.49,4.25,4.566553819444445,0.0,13215,jundiai,SP
6bb66d9870c2e01c05655c7ed0e7ee13,3,321.02,3.6666666666666665,8.319984567901235,0.0,4101,sao paulo,SP
6bbcb8924baf70b7fe2fe2097e8cd407,10,2646.8300000000004,4.5,12.088065972222221,0.0,89031,blumenau,SC
6bcb2352a2a0c38b845f598298ab9d26,2,59.38,3.0,11.037233796296297,0.0,87050,maringa,PR
6bd503a8230299c9316fb0f726933927,4,453.89,4.75,9.820989583333333,0.25,75650,morrinhos,GO
6bd69102ab48df500790a8cecfc285c2,5,8359.02,3.0,16.254462962962965,0.2,4293,sao paulo,SP
6bef34c5be6f2bbd70aa5165f6df94b1,2,1330.88,2.0,16.186406249999997,0.0,89120,timbo,SC
6c12e40690c335dbc2f68a4134d30dc1,16,9624.26,4.071428571428571,13.344157262731482,0.0,84178,castro,PR
6c177e38df6d3f34182b1f1d427231bf,55,9376.53,4.036363636363636,14.409789482879106,0.03636363636363636,80430,curitiba,PR
6c17baf138731a4aaacc3210adf2037b,4,628.72,5.0,7.55021412037037,0.0,14400,franca,SP
6c1b6d0c604b776f844125f911eb7377,5,524.5,3.4,17.514010416666668,0.0,5051,sao paulo,SP
6c6cc59a5c00cacc5054ca06d65cc282,1,1255.71,5.0,9.252847222222222,0.0,97110,santa maria,RS
6c6e3d67f969468f3bfd33f827a31222,5,316.41,4.8,8.505372685185185,0.0,87035,maringa,PR
6c77cd583b36a13aacccf2b3ee23e233,1,31.689999999999998,5.0,6.026678240740741,0.0,17505,marilia,SP
6c7d50c24b3ccd2fd83b44d8bb34e073,111,12032.96,4.463636363636364,12.304773190621814,0.018018018018018018,19025,presidente prudente,SP
6c9875b2f94ba781186f0c1aed8d1687,2,127.28999999999999,5.0,4.057789351851851,0.0,17380,brotas,SP
6c99c983ce3b6ba0ab813e6790e81691,9,752.51,3.7777777777777777,6.133632973251029,0.0,38400,uberlandia,MG
6cd68b3ed6d59aaa9fece558ad360c0a,148,13866.960000000001,4.448275862068965,10.551065675050049,0.02027027027027027,31255,belo horizonte,MG
6cf476a4ca74498db55cbccdaa9dcfb6,6,1125.5,3.0,34.34511111111111,0.3333333333333333,2873,sao paulo,SP
6d04126aba80df143fd038e711b8fd96,1,108.86,1.0,37.079166666666666,1.0,20091,rio de janeiro,RJ
6d1b9c9579132c87d2703ec38c30f2c5,4,367.39,4.5,9.304976851851851,0.0,82515,curitiba,PR
6d22a1fcebb6dd08c9cd90b92a93e8d0,12,987.93,4.25,15.403934220679012,0.0,89215,joinville,SC
6d2f2e3b539480db1e0842b3a4e32e6e,3,474.26,3.6666666666666665,6.255354938271605,0.0,7051,guarulhos,SP
6d66611d7c44cc30ce351abc49a68421,164,16792.05,3.962962962962963,12.140789894833103,0.06097560975609756,4378,sao paulo,SP
6d7f8d9d594e28796b6b3205b00f459c,3,477.01,3.6666666666666665,15.28804012345679,0.0,80050,curitiba,PR
6d803cb79cc31c41c4c789a75933b3c7,58,9925.07,4.245614035087719,13.296695801404853,0.06896551724137931,14600,sao joaquim da barra,SP
6d988d6174a2c27441597174f8905515,19,781.75,4.105263157894737,20.590691398635478,0.10526315789473684,87070,maringa,PR
6da1992f915d77be95d7fa48b36904af,7,383.66,4.0,9.04173115079365,0.0,1026,sao paulo,SP
6dc9bec584588412a6a338830946a3e4,1,302.87,1.0,,0.0,3270,sao paulo,SP
6dd7dce75cd55c1ce255dc38d9f0cd46,1,96.33,4.0,12.228090277777778,0.0,88137,palhoca,SC
6ddc28b61be28373b4503a1f61cf98a9,10,1720.55,4.3,7.124047453703705,0.1,3543,sao paulo,SP
6df688df543f90e9b38f4319e75a9d88,40,2733.56,4.575,7.93724210588794,0.0,31230,belo horizonte,MG
6e0908ef4d4efadbc3cc2b74ea477cb0,7,701.25,4.142857142857143,13.233920304232806,0.14285714285714285,20910,rio de janeiro,RJ
6e13dd869aa7185f601c941423abcc8f,5,598.08,4.8,4.2793425925925925,0.0,5311,sao paulo,SP
6e1862e15f33d9994bc25922a85e1efc,8,879.96,4.428571428571429,3.7872585978835978,0.0,13505,rio claro,SP
6e2d3e2dc84fb30f6078f39dd3bddd6f,1,235.28,1.0,,0.0,83408,colombo,PR
6e386f64c84e482f0b9abf960797ee1b,30,13563.66,4.607142857142857,10.478848978288635,0.1,1539,sao paulo,SP
6e4a902d1054e4e17aa6eab87fac1c75,7,695.7,4.166666666666667,6.74422123015873,0.2857142857142857,18090,sorocaba,SP
6e4f5ff6b086632ba8dcb558fb10249e,5,1053.25,3.4,10.725724537037037,0.0,95270,flores da cunha,RS
6e85dc5ecd97a61094b89b046a509d8e,1,182.59,1.0,,0.0,15845,marapoama,SP
6e864f5c4669eff3d98140a07cc50202,13,932.36,4.461538461538462,9.844045584045585,0.07692307692307693,5639,sao paulo,SP
6eb94e1466490d327a09abf8f3552a50,10,1749.77,4.444444444444445,8.174558899176954,0.1,13219,jundiai,SP
6ebf4eceee4dd9847201c82e77ef8123,1,82.03,5.0,15.017141203703703,0.0,23587,rio de janeiro,RJ
6ec1a01e866584bb679eb9b098345919,31,5105.05,4.133333333333334,13.770480709876544,0.1935483870967742,11040,santos,SP
6edacfd9f9074789dad6d62ba7950b9c,201,15911.91,4.442211055276382,9.020209327066967,0.05970149253731343,7135,guarulhos,SP
6ee85be3693ed79a8e80718743d80655,9,655.32,2.3333333333333335,29.121037037037034,0.2222222222222222,3937,sao paulo,SP
6eeed17989b0ae47c9f11ece6f38ea90,3,819.53,3.6666666666666665,6.500030864197531,0.0,4123,sao paulo,SP
6f1a1263039c76e68f40a8e536b1da6a,4,356.84000000000003,1.5,51.000538194444445,0.25,3581,sao paulop,SP
6f229cc508fc6915ed5c499efd93baa4,13,2988.68,4.384615384615385,9.2466176994302,0.15384615384615385,21931,rio de janeiro,RJ
6f835fd4be26989b1b064399da346143,2,229.25,5.0,6.953078703703703,0.0,81280,curitiba,PR
6f83d9e4da896daae20b9b6b2d3ff8d2,11,1217.56,4.363636363636363,15.023242845117846,0.0,84925,pinhalao,PR
6f892e20a171e98efe17fdb971ff319b,44,7342.860000000001,3.9302325581395348,17.35576219512195,0.09090909090909091,8270,sao paulo,SP
6fa9202c10491e472dffd59a3e82b2a3,3,7939.249999999999,4.333333333333333,8.464201388888888,0.0,18030,sorocaba,SP
6fc26fe110feebd80a433e1f012a84f9,35,5128.06,3.911764705882353,12.877805224867725,0.11428571428571428,15601,fernandopolis,SP
6fd52c528dcb38be2eea044946b811f8,67,8881.58,3.393939393939394,21.561034238529572,0.13432835820895522,8180,sao paulo,SP
7008613ea464bad5cb9b83456e1e6a8f,127,10860.05,4.261904761904762,14.4758306044866,0.047244094488188976,89460,canoinhas,SC
700f03c207639c22d933381ff60b35c2,4,1326.31,4.0,29.76735821759259,0.5,14784,barretos,SP
70125af26c2d6d4ef401a1d02ae7701f,5,629.62,4.6,10.582993055555557,0.4,74435,goiania,GO
70126eecc6aa1274392a1743866e9678,3,144.74,5.0,5.5894405864197525,0.0,6449,barueri,SP
701938c450705b8ae65fc923b70f35c7,75,15792.119999999999,4.013513513513513,12.979548298298297,0.06666666666666667,15014,s jose do rio preto,SP
702835e4b785b67a084280efca355756,1,18.560000000000002,5.0,1.8040393518518518,0.0,36046,juiz de fora,MG
7040e82f899a04d1b434b795a43b4617,209,13038.27,3.603864734299517,10.498281842818427,0.09569377990430622,1026,sao paulo,SP
70849ca4f400aaabb62cb7462a6f1428,12,1143.24,4.416666666666667,10.915981867283952,0.16666666666666666,31210,belo horizonte,MG
709e16e2b25c7474d980076c6bfc4806,59,6330.11,4.5,10.640604402071563,0.03389830508474576,16200,birigui,SP
70a12e78e608ac31179aea7f8422044b,312,36318.11,3.7857142857142856,14.784197493407648,0.10897435897435898,12327,jacarei,SP
70b52a4cfc823994561b00bad161b4ed,8,685.35,4.375,12.888871527777777,0.0,2727,sao paulo,SP
70bf57d811208f8923b41bbd499a67a4,7,869.73,4.142857142857143,4.817481812169312,0.0,7866,franco da rocha,SP
70c0fda4c313d87115644d39e62eec60,1,63.08,5.0,9.881921296296296,0.0,55004,caruaru,PE
70c27847eca8195c983ed7e798c56743,77,13985.44,4.233766233766234,11.206502675565174,0.09090909090909091,20930,rio de janeiro,RJ
70c4eedec9cb4a85cda2f3f9673557b4,2,512.5500000000001,5.0,7.002696759259259,0.0,1208,sao paulo,SP
70ee69419916dc13e3aed619061f996c,1,53.72,3.0,14.4346875,0.0,8780,mogi das cruzes,SP
70eea00b476a314817cefde4aad4f89a,106,34498.98,4.362745098039215,13.421578191773504,0.07547169811320754,13250,itatiba,SP
70f7e8018e3d46c748c92f026aa2585a,1,277.68,5.0,7.02681712962963,0.0,1314,sao paulo,SP
70f84699be677ec988d1fa824aef7d90,5,1704.4399999999998,4.6,17.529266203703706,0.0,35700,sete lagoas,MG
71039d19d4303bf9054d69e9a9236699,35,4243.09,3.8,13.89009656084656,0.22857142857142856,3018,sao paulo,SP
710e3548e02bc1d2831dfc4f1b5b14d4,134,27630.29,3.3684210526315788,14.597361380275625,0.04477611940298507,86600,rolandia,PR
71271995e85f5b8530be99ed54a91b89,8,896.83,2.5,12.30955825617284,0.125,91360,porto alegre,RS
712e6ed8aa4aa1fa65dab41fed5737e4,79,46704.13,3.3846153846153846,24.691598875661377,0.21518987341772153,89560,videira,SC
712efd3b68f9686dc856b84abd0f21ae,1,156.16,4.0,7.23662037037037,0.0,82130,curitiba,PR
7139dc5186aa238b006e066d8fbab2e4,22,2247.93,4.0,14.807957175925925,0.13636363636363635,13901,amparo,SP
713e3a23ca5e47786eb6f0d99f94cfac,4,1213.03,4.75,10.095622106481482,0.0,81050,curitiba,PR
7142540dd4c91e2237acb7e911c4eba2,319,44730.36,4.050632911392405,14.741313767287856,0.08150470219435736,16301,penapolis,SP
714b9a1332840f257b49f476bea4e341,6,1658.0900000000001,3.3333333333333335,32.30243055555555,0.3333333333333333,15910,monte alto,SP
71592660bbcb6a4664e97b6f8b68babc,6,2200.5499999999997,4.333333333333333,12.457635030864196,0.0,15055,sao jose do rio preto,SP
71593c7413973a1e160057b80d4958f6,2,345.34999999999997,3.0,9.129704861111112,0.0,3407,sao paulo / sao paulo,SP
715bbd5ba4e6b74cb0d2f29eb45058b0,61,5309.88,4.459016393442623,12.02894600030358,0.08196721311475409,13930,serra negra,SP
7178e1eaa97257d8b6d4b80efd77a025,1,184.71,5.0,7.122962962962963,0.0,18270,tatui,SP
7178f9f4dd81dcef02f62acdf8151e01,203,41478.92,4.044554455445544,15.745930738907225,0.04926108374384237,89560,videira,SC
717b78b0950b51ed00b1471d858b0edc,5,219.75,4.0,21.32962037037037,0.2,18220,alambari,SP
718539d38d07dd351c76db862760e2e2,37,1996.84,4.4324324324324325,8.635720899470899,0.0,13088,campinas,SP
71dc18fd8cbf5fd77f45dd8b427abb34,4,1229.4,5.0,10.731825810185185,0.0,82520,curitiba,PR
7202e2ba20579a9bd1acb29e61fe71f6,53,13916.16,3.8653846153846154,13.34460443899782,0.05660377358490566,14401,franca,SP
720e6cf846ea7572cbb66b743fb91e6c,1,68.55,5.0,16.14633101851852,0.0,8717,mogi das cruzes / sp,SP
7210cd29727d674c00741e5e387b3ccd,9,874.18,4.444444444444445,3.7764146090534982,0.1111111111111111,3279,sao paulo,SP
72146da5774cabf2632faedcae097a76,4,311.43,4.0,35.939108796296296,0.25,85960,marechal candido rondon,PR
7238a95bb63ef7e498389fb863b834a1,15,2835.1099999999997,4.733333333333333,7.956341820987655,0.06666666666666667,13487,limeira,SP
7238f877570096ae403c51898fa64566,3,1249.52,5.0,8.923016975308643,0.0,6519,santana de parnaiba,SP
723a46b89fd5c3ed78ccdf039e33ac63,1,90.03999999999999,4.0,7.9987615740740745,0.0,93310,"novo hamburgo, rio grande do sul, brasil",RS
723cd880edaacdb998898b67c8f9da30,11,2647.37,4.090909090909091,9.960010521885522,0.09090909090909091,14940,ibitinga,SP
72431a818f97fe6ab9c81eee3e297e54,1,249.39000000000001,5.0,12.434548611111111,0.0,13390,rio das pedras,SP
725af026f869236a8dd0ceb98564d156,7,1362.67,3.4285714285714284,13.673094907407409,0.0,35530,claudio,MG
725c32fa80c2faacc4fc88450d27314e,88,9012.810000000001,4.523255813953488,9.336064551767677,0.011363636363636364,3320,sao paulo,SP
7299e27ed73d2ad986de7f7c77d919fa,337,41910.07,4.4183976261127595,11.320253312818807,0.04747774480712166,38440,araguari,MG
729b2d09b2a0bdab221076327f13d050,49,2768.66,4.489795918367347,12.483082320601852,0.08163265306122448,17320,mineiros do tiete,SP
729f06993dac8e860d4f02d7088ca48a,95,25685.57,4.159574468085107,11.79156673138192,0.11578947368421053,13481,limeira,SP
72bc2cce903c872fe376a8faaa81d237,17,2404.97,4.647058823529412,8.81390114379085,0.0,4693,sao paulo,SP
72c38a04bd6a1c3dbc5298425a0db86d,4,760.65,3.75,8.807887731481483,0.0,85804,cascavel,PR
72c5da29406b4234927b81855e7b64f6,31,12723.050000000001,4.129032258064516,10.797208781362007,0.03225806451612903,7077,guarulhos,SP
72c73be2b085b9d57650dd53eb2004c9,1,47.32,5.0,17.34197916666667,0.0,2116,sao paulo,SP
730937bf88cb151eb2eb849f642fc213,22,3329.41,4.409090909090909,6.470883312289562,0.045454545454545456,13500,rio claro,SP
7315baebc0572ff220d226283dc66728,2,76.22,4.0,8.092291666666668,0.0,13560,sao carlos,SP
731ef20c231d9a7103a425e83fd91271,2,2197.6,3.5,12.976006944444446,0.0,88501,lages - sc,SC
734def04b237117a09321dd6d8f3f2a2,2,1281.23,5.0,2.288153935185185,0.0,13604,araras,SP
7354220fb240bde543b3c40c060d41e7,7,837.13,4.571428571428571,11.098485449735449,0.0,71215,brasilia,DF
7357b52d27cbaa90f81a96cbc1279396,12,1545.83,4.333333333333333,9.850832368827161,0.08333333333333333,33400,lagoa santa,MG
739c7d7be81f63812dea0d1b1451c651,2,149.3,4.0,17.126261574074075,0.0,58400,campina grande,PB
73a63f72308aa20a46f4b1632018f196,26,10110.130000000001,4.28,11.546200327932098,0.0,82510,curitiba,PR
73b8eb4a9a729d4019b24ed1be748cbf,8,797.98,4.375,4.136651785714286,0.0,13070,campinas,SP
73da1880b39c71de2b262bc7720c1494,2,444.99,5.0,8.223836805555555,0.0,13560,sao carlos,SP
740205fedfe4e90ca6857bc77db0f2b4,1,251.83,5.0,3.4825694444444446,0.0,95055,caxias do sul,SP
7402d13c03a7e91366337cd1de471144,4,659.57,3.5,9.903695987654322,0.0,86181,cambe,PR
741f8c587cb4248ebc5b779a0e8e0e51,5,157.64000000000001,4.0,13.239328703703702,0.2,9110,santo andre,SP
744dac408745240a2c2528fb1b6028f3,79,24664.61,4.569620253164557,11.029073480531814,0.012658227848101266,83408,colombo,PR
74636e24f01da9268b0ed88dacd8513e,4,1048.6100000000001,4.0,13.129348958333333,0.25,2941,sao paulo,SP
747c1cdcd1737dcfbd1547f6eb6f2cf3,1,121.6,4.0,10.058460648148149,0.0,14940,ibitinga,SP
747e73c01a4593d4cf60dcf970fd2689,3,2341.76,4.333333333333333,10.688094135802467,0.0,55602,vitoria de santo antao,PE
74871d19219c7d518d0090283e03c137,6,637.9100000000001,5.0,3.870761959876543,0.0,4650,sao paulo,SP
7494d0dcba8551df6cf37f1b905dc2f7,1,178.21,3.0,6.993611111111111,0.0,11013,santos,SP
749e7cdabbaf72f16677859e27874ba5,1,61.739999999999995,1.0,11.03644675925926,0.0,7122,guarulhos,SP
74a9b9bddf14ece02beb81f52c41a88d,2,222.2,3.5,12.172760416666668,0.0,1156,sao paulo,SP
74bafed391319577bce6f4d2acc0589a,3,2084.73,2.6666666666666665,7.0314351851851855,0.0,1311,sao paulo,SP
74c7dec0a384d8a05950e629bd23bde9,5,248.88,3.6,11.539169560185186,0.0,13845,mogi guacu,SP
750303a20e9c56b2a6bc45cdce0b897d,54,9394.81,4.2407407407407405,14.103843029350104,0.037037037037037035,74333,goiania,GO
751bdc4d83a466c7206cd42e8f426b03,54,7938.21,3.8076923076923075,10.857696759259259,0.018518518518518517,9405,ribeirao pires,SP
751e274377499a8503fd6243ad9c56f6,1,235.84,5.0,1.9974652777777777,0.0,13097,campinas,SP
75745ef7bc7d4f3ea3380f6f5303f514,3,277.32000000000005,5.0,5.69443287037037,0.0,70384,brasilia,DF
7586919161935337bf6b6d7ff5779648,11,1994.93,3.8181818181818183,17.498301767676768,0.18181818181818182,21921,rio de janeiro,RJ
75a4764c108403a7a0575140cb22287c,5,927.0500000000001,4.6,11.546094907407408,0.0,95072,caxias do sul,RS
75d34ebb1bd0bd7dde40dd507b8169c3,62,16479.510000000002,3.7419354838709675,16.047814733593242,0.14516129032258066,41820,salvador,BA
75fbb52eda0cbc24f479d3b2fbfa8d3e,40,2159.06,4.358974358974359,13.753061342592593,0.05,74560,goiania,GO
75fdd0a732287f9497b179f6bd445d32,1,76.08,5.0,10.883761574074073,0.0,9350,maua,SP
761681a821d8275bc79f552116d06869,3,514.9000000000001,5.0,8.154621913580245,0.0,17606,sao paulo,SP
762ed976527cddf02787edba70fffa2a,3,240.11999999999995,2.3333333333333335,7.851986882716051,0.0,86026,londrina,PR
762fafdaa57a532ee0119731697579dd,4,215.28,5.0,4.281822916666666,0.0,13311,itu,SP
76623fde66e6b63b59440fd34160512d,3,88.74000000000001,4.0,3.3888425925925922,0.0,7124,guarulhos,SP
7681ef142fd2c19048da7430856b5588,57,34500.23,4.214285714285714,10.599301008597882,0.14035087719298245,7074,guarulhos,SP
76833248bbc0e65a0293ec62023e4396,2,2630.6800000000003,5.0,18.68045138888889,0.0,16200,birigui,SP
768a86e36ad6aae3d03ee3c6433d61df,16,730.05,4.625,5.070319733796296,0.1875,1529,sao paulo,SP
768de2a4fc06aacecb9a586ccc30746a,14,713.53,4.428571428571429,14.864153311965813,0.0,70645,brasilia,DF
76c47a299e4a8fe992316a85865acbe9,6,1246.34,4.666666666666667,20.242797067901236,0.3333333333333333,14075,ribeirao preto,SP
76d336555bb25f3165d2f0d6da719c40,2,353.63,2.0,11.495,0.0,18015,sorocaba,SP
76d5af76d0271110f9af36c92573f765,130,37594.6,4.158730158730159,11.969440981335667,0.09230769230769231,3194,sao paulo,SP
76d64c4aca3a7baf218bf93ef7fa768d,64,21127.6,4.2265625,10.974288375289351,0.03125,80215,curitiba,PR
76de363de16dacc923eec8daf91df504,2,410.41999999999996,2.5,13.318443287037038,0.0,89825,xaxim,SC
76ea5315acb3f5f7ade3cd261faf922a,15,1524.69,4.266666666666667,8.683984567901234,0.06666666666666667,4213,sao paulo,SP
77128dec4bec4878c37ab7d6169d6f26,1,15.22,5.0,11.992465277777777,0.0,2610,sao paulo,SP
7722b1df1b0e383e000397b2c11e3e19,130,9175.01,4.2734375,8.43848828237152,0.03076923076923077,9715,sao bernardo do campo,SP
77530e9772f57a62c906e1c21538ab82,313,54894.619999999995,4.148387096774194,15.08751529295689,0.11501597444089456,80310,curitiba,PR
77714512e8d4dda9c234da8e3faf16e4,4,348.97999999999996,4.25,12.183356481481482,0.0,7056,guarulhos,SP
777a0c55737f34ffeb78010f7542ab41,6,528.33,4.333333333333333,4.23389274691358,0.0,1541,sao paulo,SP
778323240ce2830d68aab11794e00bfb,3,242.43,4.333333333333333,10.546203703703704,0.0,13600,sao paulo,SP
77a515caa36327151d1cc6c32a9f00e1,26,2613.58,4.423076923076923,10.33738425925926,0.11538461538461539,9912,diadema,SP
77dcbb67ccb3659bd58eaf5661560a30,2,1082.56,1.0,,0.0,95900,lajeado,RS
77e4abfd739aed9c46480f90f81c0eb4,17,3950.34,4.764705882352941,9.564037990196079,0.0,70767,brasilia,DF
77fccaae319668a8ab6cd0fd16aec48c,11,1888.44,4.454545454545454,9.411440446127946,0.0,28035,campos dos goytacazes,RJ
7813ea3ebd9411dc600b4dd01f7a97b9,9,1745.99,3.888888888888889,13.03318544238683,0.1111111111111111,6018,osasco,SP
7816cd9c5b1238e320545f5bf7eb80e8,1,511.76,4.0,10.901851851851852,0.0,14801,araraquara,SP
781a66c0d89e30814d49fe8b5e14cd07,1,136.3,1.0,33.1228587962963,1.0,13064,campinas,SP
782f78b632a43875dd5b53e3e49c9564,2,187.57,3.0,9.88162037037037,0.0,13030,campinas,SP
784ba75dd9d20200c4caed3d7a77141a,21,8924.949999999999,3.857142857142857,13.691990740740742,0.09523809523809523,1040,sao paulo,SP
78744a20ee2f80ba64f6804c25def2b8,6,3068.85,4.166666666666667,18.961849922839505,0.16666666666666666,50751,recife,PE
78813699ffac347fe27dba345a5f1551,1,200.54,5.0,9.042847222222223,0.0,95711,bento goncalves,RS
788e857f317e53de488d393e65a80f45,11,1394.95,4.909090909090909,7.407333754208754,0.0,8280,sao paulo,SP
788f22bafdd7ab0e1e79f19db72f16a4,2,152.04000000000002,4.5,3.541741898148148,0.0,4137,sao paulo,SP
78a4d36f65a019172c6154468831a69f,7,1768.9,4.285714285714286,15.5092791005291,0.14285714285714285,17018,bauru,SP
78ba5933c21686d1c2f64669c8c459e7,2,212.57000000000002,4.0,6.5282175925925925,0.0,8810,mogi das cruzes,SP
78c99c6dff4eeae5be99bf635ed21e3f,31,2827.33,4.419354838709677,13.445802344683393,0.0967741935483871,17510,marilia,SP
78ef7e885d17f35e2382a47aae8b8cce,3,453.44,4.666666666666667,8.66204861111111,0.0,96816,santa cruz do sul,RS
7901646fdd36a55f564ffaf2dbccaaf7,22,12478.83,4.5,9.824321864478115,0.13636363636363635,20021,rio de janeiro,RJ
791cfcfe22fe4a771ece27f90017da92,2,653.75,1.5,28.20550925925926,0.5,14010,ribeirao preto,SP
79565f7d5603b24ddf07ade262547f2f,8,494.07,4.0,13.240676256613757,0.25,14804,araraquara,SP
7957cac1a02f45d0a4a7e45626382ec2,1,364.64,4.0,26.32175925925926,0.0,80320,curitiba,PR
7963e546f34e098b578f9ad102494601,1,82.22,5.0,18.14728009259259,0.0,5624,sao paulo,SP
7994081388d55b9cf976c050653dd359,2,1109.6499999999999,3.0,12.970185185185185,0.0,1244,sao paulo,SP
7994b065a7ffb14e71c6312cf87b9de2,5,597.3399999999999,5.0,9.00992824074074,0.0,29142,cariacica / es,ES
79a679c36c08d606b3fd47ead9de109b,3,1072.22,2.0,11.681172839506173,0.3333333333333333,2611,sao paulo,SP
79b93a308a97792cf53ac75f46da00b5,1,116.04,5.0,22.515162037037037,0.0,22420,rio de janeiro,RJ
79ebd9a61bac3eaf882805ed4ecfa12a,128,18729.84,4.1328125,15.72790537037037,0.0625,85802,cascavel,PR
79ed755314cfe6df0daef2c6cd3022cd,23,4366.66,4.7272727272727275,9.259990942028987,0.0,13503,rio claro,SP
79ee721b6f766066a80264402548d359,2,568.3599999999999,1.0,,0.0,17011,bauru,SP
7a073a40a9d3f1fee8bc45670ea1e909,1,112.78,1.0,,0.0,86040,londrina,PR
7a188843479798ca813108fa7b959286,1,175.85999999999999,1.0,,0.0,4276,sao paulo,SP
7a241947449cc45dbfda4f9d0798d9d0,62,10038.76,3.8688524590163933,13.22058097718254,0.06451612903225806,37590,jacutinga,MG
7a2d2949aea47fab95fd98d6c9f618b1,11,1850.23,4.2727272727272725,10.44878787878788,0.0,81350,curitiba,PR
7a425d299613df3e613bcf9d2eaf5c49,18,1505.47,4.111111111111111,11.79452996399177,0.05555555555555555,22790,rio de janeiro,RJ
7a67c85e85bb2ce8582c35f2203ad736,1150,163644.27,4.263803680981595,11.233352851199218,0.059130434782608696,3426,sao paulo,SP
7a704e63bb29c446869efde5d57524c8,1,109.89999999999999,5.0,7.512939814814815,0.0,85601,francisco beltrao,PR
7a91bf945c6fae0779f1c61ce97fe45c,5,882.07,3.8,43.84916666666666,0.2,26562,mesquita,RJ
7a9c12e235c36247c3c81f50d6ea9cea,5,1099.5900000000001,4.6,12.8360625,0.0,9541,sao caetano do sul,SP
7aa4334be125fcdd2ba64b3180029f14,215,20350.79,4.112676056338028,16.12458983010133,0.13488372093023257,18500,laranjal paulista,SP
7aa538dd6e114e503a2e6154ea352253,5,1118.6,4.4,8.87823611111111,0.0,15807,catanduva,SP
7ab0dd5487bab2dc835337b244f689fb,1,23.46,,5.7457060185185185,0.0,15013,sao jose do rio preto,SP
7ad32824caee82087b3e2e5f33b1bf32,148,26125.93,3.86013986013986,12.24364502957819,0.14189189189189189,14940,ibitinga,SP
7ad41305e96a6cab8294cd65891e9a86,2,237.6,5.0,11.66113425925926,0.0,28810,rio bonito,SP
7adbd3210a7b3cc2235e225eef33574d,3,204.86,4.666666666666667,10.077029320987654,0.0,2544,sao paulo,SP
7ade73f1b9b4e965f9009a4c3a7e2c15,27,2382.55,4.769230769230769,9.665827101139602,0.0,17051,bauru,SP
7b07b3c7487f0ea825fc6df75abd658b,92,11053.25,4.34065934065934,9.65929732510288,0.043478260869565216,2016,sao paulo,SP
7b0df942f46435babab05d49b744b2c4,32,23272.78,4.387096774193548,11.085880353009259,0.09375,12924,braganca paulista,SP
7b1222c3624aa89b9558b50a2594188c,22,10561.09,4.454545454545454,17.665475063131314,0.13636363636363635,15041,sao jose do rio preto,SP
7b3447b497e55af8c15fc7bd89d7b81a,1,70.65,5.0,13.094965277777778,0.0,8225,sao paulo,SP
7b3f6ce5c6c22e9b96e7581ebf0df6e1,1,42.49,3.0,10.947905092592592,0.0,13710,tambau,SP
7b7ed56ae755e2880f2b69632e839c1e,5,456.6,4.2,7.304652777777778,0.2,74230,goiania,GO
7b7f91e98f8c6def45a1407923304402,11,620.49,4.181818181818182,13.368617424242423,0.09090909090909091,6154,osasco,SP
7b8e8ec35bad4b0ef7e3963650b0a87b,5,2616.2999999999997,4.8,21.90199074074074,0.2,88705,tubarao,SC
7b98de631987e26dd6d803490c43a13c,8,778.6300000000001,4.625,10.583616898148149,0.0,87900,loanda,PR
7bac63f6603d382cc8d0832eb6c100a8,19,8114.6,4.0,15.764658869395712,0.15789473684210525,5713,sao paulo,SP
7bb8fac2913a6064ec412e583c6d8b4d,1,125.52,5.0,4.895717592592592,0.0,17017,bauru,SP
7bcd7c5f8631701474db233ccf1c094b,11,860.94,3.6363636363636362,14.234526909722224,0.09090909090909091,2047,sao paulo,SP
7c1fea10b5b006671d608b1d7c446ec4,12,565.85,4.0,16.91726851851852,0.08333333333333333,18550,boituva,SP
7c4402417d51474d4d0cda9557340e40,1,147.59,5.0,7.122175925925926,0.0,9530,sao caetano do sul,SP
7c4618c82226628831613e95e9c22f44,12,451.34999999999997,4.25,11.60043113425926,0.16666666666666666,18136,sao roque,SP
7c462184585ae80bd6e5774c62ce50f2,1,77.64,3.0,16.04199074074074,1.0,13086,campinas,SP
7c4adcc13272c0e26fa23aac642adb7b,2,165.63,3.0,17.025104166666665,0.5,24725,sao goncalo,RJ
7c51de0ab286204ce75ff42bf7c10d92,4,908.64,4.5,9.790217013888888,0.0,88380,picarras,SC
7c5b05cbdb5542049f38d90d7815b97d,22,1345.46,4.363636363636363,7.548407186948855,0.045454545454545456,5201,sao paulo,SP
7c67e1448b00f6e969d365cea6b010ab,975,237666.63,3.495833333333333,22.437306703377807,0.10051282051282051,8577,itaquaquecetuba,SP
7c9130f5f3729edd32aa059141d92484,3,193.14999999999998,3.3333333333333335,7.452966820987655,0.0,17400,garca,SP
7caa63f175b1cecbfaadd8b5ab9998c7,2,89.64,2.0,2.154710648148148,0.0,2750,sao paulo,SP
7cb946b1ad19faebe28c3e86c2794ec3,1,40.1,5.0,18.151435185185186,0.0,35701,sete lagoas,MG
7cf4ea70955b00d6b3c22542598e2715,1,204.81,5.0,7.103148148148148,0.0,1125,sao paulo,SP
7d13fca15225358621be4086e1eb0964,562,124131.96,4.04129263913824,15.756442067067066,0.12099644128113879,14050,ribeirao preto,SP
7d294cf9a6a69dc6a0c3e540fff0e039,5,451.38,4.4,8.816810185185187,0.0,88390,barra velha,SC
7d456afc660226829370f3173d14520c,55,10134.47,4.418181818181818,8.5696622085048,0.05454545454545454,8820,mogi das cruzes,SP
7d484ca289afaac6bf5fc6a1e96d2226,2,248.42000000000002,4.0,12.156967592592594,0.5,79104,campo grande,MS
7d76b645482be4a332374e8223836592,176,6632.37,3.9597701149425286,13.625463635874246,0.11363636363636363,1511,sao paulo,SP
7d7866a99a8656a42c7ff6352a433410,5,207.38,4.4,4.886585648148148,0.0,1320,sao paulo,SP
7d7d2b7a51328016102d4528c411d630,6,1031.3899999999999,4.0,10.112744984567902,0.16666666666666666,14940,ibitinga,SP
7d81e74a4755b552267cd5e081563028,1,39.99,4.0,2.209490740740741,0.0,4735,sao paulo,SP
7d948535954aaf8c5d39db007f74372e,4,237.8,3.75,5.600842013888889,0.0,11442,guaruja,SP
7daca0837f033a41a6f3428c18657533,7,1397.14,3.5714285714285716,14.333244047619049,0.2857142857142857,15170,tanabi,SP
7dc8c42cc750eeafea6c85712ffee9bf,41,7594.72,4.195121951219512,9.15091548102981,0.04878048780487805,5424,sao paulo,SP
7dc9a3355bae96dd82008b313d3a456c,1,949.62,5.0,12.486354166666667,0.0,36213,dores de campos,MG
7ddcbb64b5bc1ef36ca8c151f6ec77df,334,63758.47,3.963636363636364,12.710487179487181,0.08383233532934131,4403,sao paulo,SP
7dea6f73af847b42cc3985bd620f994d,2,380.17,4.0,5.594658564814814,0.0,85813,cascavel,PR
7df1fc11cc5cbc518b39faa60cf5d67c,5,1171.96,4.2,7.718787037037037,0.0,79112,campo grande,MS
7e1fb0a3ebfb01ffb3a7dae98bf3238d,158,30235.94,4.153846153846154,15.593530092592594,0.12658227848101267,14403,franca,SP
7e26c750b4cb9f6766f58265ff9ebe95,23,1733.1799999999998,4.434782608695652,9.22936191626409,0.0,30270,belo horizonte,MG
7e3dde9ffba72d5340f9aaf09b4424be,1,242.03,1.0,,0.0,86185,cambe,PR
7e3f87d16fb353f408d467e74fbd8014,92,6247.41,4.130434782608695,12.572568172568173,0.11956521739130435,4809,sao paulo,SP
7e79d65b5c6f1f544b7daea036acf720,4,579.8900000000001,4.5,8.56722511574074,0.0,9572,sao caetano do sul,SP
7e93a43ef30c4f03f38b393420bc753a,335,182347.63,4.224550898203593,11.327970497030048,0.05373134328358209,6429,barueri,SP
7e959205cebc10adefcb331f934238a4,2,546.5500000000001,1.0,,0.0,1223,sao paulo,SP
7ea5bfa6c340f58f8e71fc1f0412b0d6,94,12073.289999999999,4.247311827956989,13.021459088164251,0.07446808510638298,30180,belo horizonte,MG
7ecd59e5e20407131822c1a68ac59c1f,24,2054.52,4.416666666666667,17.207231385030862,0.16666666666666666,70719,brasilia,DF
7ecef8194babfec876ca720714327841,7,1114.26,4.285714285714286,10.141066468253968,0.14285714285714285,13041,campinas,SP
7f02656561b680def9986c0795a8a080,2,111.83000000000001,3.0,14.175138888888888,0.0,1417,sao paulo,SP
7f152321c60a266edc53af1925ef96c1,19,4220.41,3.9473684210526314,24.430933235867446,0.3157894736842105,88801,criciuma,SC
7f2617c58d5d06806987308b45654351,22,3983.2700000000004,3.8181818181818183,12.480531355218856,0.09090909090909091,4571,sao paulo,SP
7f35f9daf223da737b78738fbae4d977,5,353.01,4.0,7.866502314814815,0.0,13272,valinhos,SP
7f40d06aa0b5f1aa4f41af8c0480e2ef,6,1435.6200000000001,4.833333333333333,4.130244984567901,0.16666666666666666,13506,rio claro,SP
7f5e4d5efad7e44b91115dd1decb65f3,3,257.32,5.0,7.696072530864197,0.0,12306,jacarei / sao paulo,SP
7f7b8245c336066a1f9933c359f11d77,38,2630.23,4.552631578947368,8.170569261695908,0.02631578947368421,13800,mogi mirim,SP
7fc87cc3e89b3d1d5cabdca32f8485aa,14,2835.82,3.5714285714285716,19.740683697089946,0.2857142857142857,7123,guarulhos,SP
7fdb0720c8d7c9075538b365dc8c3a22,8,2228.35,2.625,20.99484230324074,0.125,85904,toledo,PR
7fe21dd00d2f4943ae09525efa2fd674,4,356.96000000000004,3.0,7.602222222222222,0.0,20551,rio de janeiro,RJ
7ff588a03c2aeae4fbd23f9ae64b760d,14,1403.3799999999999,4.642857142857143,4.787471064814815,0.0,7183,guarulhos,SP
800214c63934acd05d47e84214db8ba8,4,321.34000000000003,5.0,11.791327160493827,0.0,89251,jaragua do sul,SC
80146bc52c4f6af5239b23de2a20262b,1,76.78,3.0,,0.0,6753,taboao da serra,SP
804287717b9156fb7a787acd9af4fac1,1,33.9,5.0,9.156145833333333,0.0,87030,maringa,PR
8060d731897e33b5c5ae575ce1e209e1,5,290.95,4.8,7.804481481481481,0.0,89052,blumenau,SP
808d4348b916efa08e766ebad39f61eb,21,1014.9200000000001,4.428571428571429,7.961432870370371,0.047619047619047616,2336,sao paulo,SP
8090490573c6c0aa343a7231ebcb8c86,26,4298.03,4.1923076923076925,10.091355056980056,0.07692307692307693,4130,sao paulo - sp,SP
809413606dbfe5deefd2db646693ef67,3,247.05,4.333333333333333,7.579143518518518,0.0,4602,sao paulo,SP
80ceebb4ee9b31afb6c6a916a574a1e2,1,6922.21,,20.866354166666667,1.0,86026,londrina,PR
80cfd480be3eb6d6267139f5cb793555,1,126.34,4.0,14.254143518518518,0.0,8223,sao paulo,SP
80e6699fe29150b372a0c8a1ebf7dcc8,97,14153.67,4.3052631578947365,11.620566033138402,0.041237113402061855,83323,pinhais,PR
80f2cf9abf6b5a0e5c612b5eea6646e6,6,956.5,4.333333333333333,11.822266203703705,0.16666666666666666,15046,sao jose do rio preto,SP
8132b9bd16876e1b0f8808d43825dd48,2,768.9399999999999,3.0,16.81113425925926,0.0,88058,florianopolis,SC
813348c996469b40f2e028d5429d3495,177,14628.34,4.07514450867052,10.211443627450981,0.05084745762711865,13206,jundiai,SP
81336a0f57a33776419727a300249e90,16,1670.88,3.875,17.475448302469136,0.1875,13560,sao carlos,SP
8160255418d5aaa7dbdc9f4c64ebda44,373,54445.57,3.964673913043478,16.316416597473832,0.16621983914209115,14940,ibitinga,SP
817245bcc3badd82bbd222e0366951a6,29,6303.08,4.0,12.42172123015873,0.034482758620689655,17056,bauru,SP
81783131d2a97c8d44d406a4be81b5d9,12,1908.1,3.3636363636363638,7.175694444444445,0.08333333333333333,18015,sorocaba,SP
817f85dbb65aa3e70831d90fe75cdf89,11,1783.8899999999999,4.545454545454546,18.119800084175083,0.0,18530,tiete,SP
8185694b58b2ba6de20fd41ae608bbea,8,1602.57,4.5,11.058253761574074,0.0,6764,tabao da serra,SP
818d28f936e791926d33bcb6ee94ef79,5,216.7,4.0,12.943929398148148,0.0,4141,sao paulo,SP
81a1104df0f08b59c68aa5b03cfe398e,73,11235.27,4.267605633802817,12.830092431841564,0.0547945205479452,83020,sao jose dos pinhais,PR
81ed90f07c0bacb7594940ba2ef676aa,2,257.46,4.5,16.095561342592593,0.0,35500,divinopolis,MG
81f89e42267213cb94da7ddc301651da,45,4650.73,3.7333333333333334,7.498508487654321,0.0,19063,presidente prudente,SP
820c7c9eaf76d2b226b6c242bcf3f34d,1,577.0,4.0,17.76011574074074,0.0,4756,sao paulo,SP
820cc752a266cdc6c1a1e61dd4583330,15,3078.77,4.133333333333334,13.962199074074075,0.13333333333333333,87050,maringa,PR
821fb029fc6e495ca4f08a35d51e53a5,28,20740.25,3.4074074074074074,16.792825520833333,0.32142857142857145,2030,sao paulo,SP
822166ed1e47908f7cfb49946d03c726,67,5699.21,4.015151515151516,12.800632773631841,0.014925373134328358,25803,tres rios,RJ
822b63912576852aea9a8436d72317b7,8,5097.07,3.875,23.300331790123455,0.0,13840,mogi guacu,SP
822bad9bc42b51213ba522fe87b7ab5d,17,5397.24,4.235294117647059,27.299243600217864,0.29411764705882354,88330,balneario camboriu,SC
827f8f69dfa529c561901c4f2e0f332f,91,5003.96,4.295454545454546,13.683475910663411,0.0989010989010989,81880,curitiba,PR
82921991ff5b557b045605b8bbf08d49,1,37.129999999999995,5.0,4.079814814814815,0.0,1023,sao paulo,SP
82bd0703a4aefd6b599e5bfdaed378fb,20,3002.0,3.95,11.5280147417154,0.05,17510,marilia,SP
82cb9f452fe8334df74b22d37824b431,13,1042.1,4.6923076923076925,8.332204415954417,0.0,95013,caxias do sul,RS
82e0a475a88cc9595229d8029273f045,42,12498.76,3.6097560975609757,16.00178071364047,0.09523809523809523,3417,sao paulo,SP
830379336fad8c6f3b15a4a3ddb5c66e,2,438.38,4.5,6.126064814814815,0.0,2518,sao paulo,SP
83353a83fd769dfafa4f21a72b15e3e5,5,674.33,3.8,18.56,0.2,5786,sao paulo,SP
834f3294fba9f932f56edc879193f925,65,43471.45,4.553846153846154,14.173805377492878,0.06153846153846154,14808,araraquara,SP
834f8533b2ecb6598dd004ff3de7203a,42,5416.57,3.7857142857142856,14.758698495370371,0.14285714285714285,5181,sao paulo,SP
835f0f7810c76831d6c7d24c7a646d4d,43,6073.93,3.395348837209302,18.388167344173443,0.3023255813953488,8030,sao paulo,SP
83645b1645cdee8953ee54c29ceed564,14,1245.1000000000001,4.428571428571429,10.400109126984129,0.0,85875,santa terezinha de itaipu,PR
8378eb36b6b70c5734e83ad7b8cdc3b7,7,1956.67,3.857142857142857,16.56947585978836,0.14285714285714285,88301,itajai,SC
83a75eea11694e36e56dd0cb2240229a,3,529.47,5.0,4.093989197530864,0.0,13905,amparo,SP
83b08de96980757220871b31bf6cffca,5,1758.38,4.0,13.858328703703705,0.4,21820,rio de janeiro,RJ
83c465a786b06574376909b35ef6752a,3,330.46,5.0,5.269764660493827,0.0,13560,sao carlos,SP
83c8aafbefb034674a70de0eac5b8954,2,185.87,5.0,5.073425925925926,0.0,85601,francisco beltrao,PR
83d458c0d6d4f94295d63f091460bd60,1,105.74000000000001,5.0,,0.0,29101,vila velha,SP
83d7070a0b9a8b4625fa8682b819fabb,2,822.4,1.0,,0.0,6717,cotia,SP
83deb69e889cf80f82be1dc6d5f2d486,40,6276.65,4.325,15.945520833333333,0.05,88056,florianopolis,SC
83e197e95a1bbabc8c75e883ed016c47,47,7680.06,4.808510638297872,10.44315619967794,0.02127659574468085,25900,mage,RJ
83f2b4881141ce3fcd4e985125d3279e,3,101.38,5.0,18.191948302469136,0.3333333333333333,14055,ribeirao preto,SP
8444e55c1f13cd5c179851e5ca5ebd00,98,25157.05,3.231578947368421,21.26306305962556,0.061224489795918366,37584,congonhal,MG
845e8036c3f7bf62099352f5ed910240,21,2458.91,3.9523809523809526,7.565779872134039,0.0,21041,rio de janeiro,RJ
8476243f92442881ddd5b578975cf115,12,8190.04,4.083333333333333,17.33558063271605,0.08333333333333333,93700,campo bom,RS
84c945f15571830c1a91a33978e94009,2,78.03999999999999,4.5,9.44066550925926,0.0,2851,sao paulo,SP
84deb808079d1be601c209c1e771b1cc,2,58.14,5.0,7.539299768518519,0.0,81200,curitiba,PR
8501d82f68d23148b6d78bb7c4a42037,1,30.66,1.0,,0.0,89031,blumenau,SC
85044848b1b767db2a4a58526adef4b4,4,305.51,3.25,8.78732349537037,0.0,6018,osasco,SP
850857dfac77488c307e2b1cbd84ab5a,1,1638.72,5.0,2.9255555555555555,0.0,85802,cascavel,PR
850913d59ce317156b00f3705f1c3edb,31,3208.52,3.4838709677419355,13.731488095238095,0.16129032258064516,12942,atibaia,SP
850f4f8af5ea87287ac68de36e29107f,186,48597.65,4.314917127071824,10.170151526526526,0.06451612903225806,4367,sao paulo,SP
851773c885feb5e2da3b4f82bc2b17ce,10,837.13,4.2,16.660394675925925,0.2,18683,lencois paulista,SP
855668e0971d4dfd7bef1b6a4133b41b,310,39992.04,3.7828947368421053,16.28630631680338,0.13548387096774195,13257,itatiba,SP
8581055ce74af1daba164fdbd55a40de,385,74427.64,4.25984251968504,13.126087717359269,0.0987012987012987,7112,guarulhos,SP
85cc55e048b6bcc90c75afe7f0e72f72,9,501.76,4.444444444444445,13.153153292181068,0.2222222222222222,27345,barra mansa,RJ
85d9eb9ddc5d00ca9336a2219c97bb13,508,24030.18,4.200400801603206,14.661061328647925,0.03543307086614173,31255,belo horizonte,MG
85e7c62c1d6ea078c3897424f867a7c8,2,87.7,4.5,7.850451388888889,0.0,88220,itapema,SC
85ecf03781da592876b7844acc1b729f,2,294.9,4.5,15.553564814814814,0.5,3658,sao paulo,SP
8602a61d680a10a82cceeeda0d99ea3d,14,1159.41,4.571428571428571,8.353863260582012,0.07142857142857142,1001,sao paulo,SP
8603f0038fe0e52fedd3382d266723de,10,2845.12,4.25,21.26354513888889,0.0,88495,garopaba,SC
8629a7efec1aab257e58cda559f03ba7,1,64.11,1.0,59.22667824074074,1.0,74223,goiania,GO
8629c241b3622ac12cd4118afdc8d394,13,1502.02,4.076923076923077,15.116361289173788,0.07692307692307693,14090,ribeirao preto,SP
863d2ebcd347ce4922de7a0f9a5581d6,18,1691.1699999999998,3.888888888888889,11.506793981481481,0.16666666666666666,21041,rio de janeiro,RJ
8648b1e89e9b349e32d3741b30ec737e,93,8754.07,4.092391304347826,9.10446822853073,0.10752688172043011,12308,jacarei,SP
86649b1632b1c0e6c0bcb2c90a8b75d8,1,77.66,1.0,,0.0,85884,medianeira,PR
866558b3bccef2dbc6d29a2b5995016f,5,1870.75,4.8,11.550611111111111,0.0,86706,arapongas,PR
86bb7c4b535e49a541baf3266b1c95b1,16,8487.22,3.2,20.137781394675926,0.1875,14401,franca,SP
86bf77bdb52e615674772d5817c6212f,4,379.38,4.75,7.522086226851852,0.0,94410,viamao,RS
86ccac0b835037332a596a33b6949ee1,172,20053.62,4.244186046511628,12.222360770697167,0.03488372093023256,89041,blumenau,SC
86ff3eaef0267069cc891a2ed9d10a17,7,550.36,4.714285714285714,8.963817791005292,0.0,88135,palhoca,SC
870d0118f7a9d85960f29ad89d5d989a,44,4407.37,4.073170731707317,14.58031013257576,0.045454545454545456,37708,pocos de caldas,MG
87142160b41353c4e5fca2360caf6f92,302,37785.69,4.411666666666667,10.969785764655384,0.056291390728476824,90230,porto alegre,RS
8759e7aedd644f487315e5860962f162,3,793.3399999999999,3.6666666666666665,32.80336033950618,0.3333333333333333,9251,santo andre,SP
876182d1918783bbe15233febfbd4926,3,155.0,4.0,9.279259259259259,0.0,4208,sao paulo,SP
87b4428a334b8f676fd9a7f3bf544fb5,1,48.98,5.0,6.9279166666666665,0.0,16480,guaimbe,SP
87b740daf17b5d1be335a64164ec6842,12,15238.61,3.5,17.403613425925926,0.08333333333333333,8615,suzano,SP
87d30a6a0cbf89356e49324971ab1d24,17,2349.91,4.352941176470588,11.212977260348584,0.058823529411764705,2036,sao paulo,SP
87d3c3aeb3ead335511b3ce315eb341e,15,963.06,3.5,6.565039351851851,0.06666666666666667,3059,sao paulo,SP
87d73636a3acf123e842bb890a4db036,1,313.60999999999996,5.0,13.000717592592592,0.0,15190,nhandeara,SP
87e24fc7052259b1f7f607d61c10d8be,8,7709.860000000001,3.5,15.341284722222222,0.125,5734,sao paulo,SP
87f3e35268860433e13d577825aada95,3,203.48000000000002,1.0,51.49710648148148,0.0,12955,bom jesus dos perdoes,SP
880ce4951cf857ab1d9e0b75c1d856f4,1,197.72,5.0,15.04616898148148,0.0,31255,belo horizont,MG
880eda903e719a5f179f7e9fceb3a69d,1,291.72,1.0,,0.0,14610,ipua,SP
883dd81e82754ac2c65e9790a7db8c9a,4,323.8,5.0,8.000182291666667,0.0,81070,curitiba,PR
88460e8ebdecbfecb5f9601833981930,240,38383.04,3.4279661016949152,17.970234593837535,0.2,87030,maringa,PR
888faa8bfb0b159c37de6d898b961c31,17,2414.76,4.235294117647059,8.317935729847495,0.0,88750,braco do norte,SC
889009a0ed0bb52c87819941192931b8,1,122.98,4.0,12.207511574074074,0.0,18682,lencois paulista,SP
88ae906ea2acf6971f26c3e8b7cb4357,3,417.03000000000003,3.3333333333333335,15.088244598765433,0.3333333333333333,1550,sao paulo,SP
88af55b4a7ca402b27df16f7c7c9b5d2,1,141.52,1.0,,0.0,6775,taboao da serra,SP
88cd3681e0a2ba85e190f7d817629c4c,1,199.36,4.0,7.015775462962963,0.0,88354,brusque,SC
88cf19ec1fc2c58f161aee259d57142c,14,1607.68,4.5,6.444143518518518,0.0,13570,sao carlos,SP
88ef59b51bdaa941d10a853429f2b6ce,2,294.7,2.0,6.199189814814815,0.0,83280,guaratuba,PR
891071be6ba827b591264c90c2ae8a63,91,5432.29,3.7888888888888888,13.807456872795415,0.16483516483516483,3872,sao paulo,SP
8931a84a914b3fe9b1ddaa4d704947ca,29,5092.89,4.071428571428571,11.88358437100894,0.06896551724137931,8410,sao paulo,SP
8936ba0de1073ee888cb3185ae5dc661,1,412.21000000000004,5.0,13.190671296296296,0.0,3372,sao paulo,SP
897060da8b9a21f655304d50fd935913,315,31658.91,3.62540192926045,15.002658357861172,0.11428571428571428,14092,ribeirao preto,SP
89757206b887aed36f3e18d858460fea,2,176.14,5.0,9.605752314814815,0.0,3121,sao paulo,SP
89a51f50b8095ea78d5768f34c13a76f,10,854.26,4.7,7.424040509259259,0.0,71931,brasilia,DF
89ad3263c0931c47f976d7c5778e60f6,6,764.62,4.166666666666667,6.547744984567902,0.0,5127,sao paulo,SP
89bc797e2e29667aa035d4368f9b7f92,17,659.45,3.7058823529411766,15.388719618055555,0.17647058823529413,2969,sao paulo,SP
89c127985a8b130cfa45c1d36764017a,7,1540.2,3.0,10.99207561728395,0.0,6016,osasco,SP
89d9a386b0b6e5fc8403071b03f7206a,2,235.25,4.0,13.494710648148148,0.0,3103,sao paulo,SP
89dda63a3c907c468ec88c310ed91213,2,777.13,3.0,25.440254629629628,0.0,9380,maua/sao paulo,SP
89de2d6f23e9746ff309705b23581faa,8,500.08,2.7142857142857144,9.644796006944444,0.0,86060,londrina,PR
89f69225956f951295ca4c7fb1266553,11,1318.71,4.2727272727272725,9.72122159090909,0.09090909090909091,27700,vassouras,RJ
8a130737016f838139d31878787a39c9,56,5064.32,4.446428571428571,10.189485160383597,0.07142857142857142,3187,sao paulo,SP
8a1ff5c35f6595a73fef4c7b96e4908a,2,1882.8,5.0,10.34066550925926,0.0,83091,sao  jose dos pinhais,PR
8a207b6080964f3c1fc9d35bd6096ba4,2,730.0400000000001,5.0,22.713935185185186,0.5,15155,jaci,SP
8a2d12a90e92f012ce5226fc6592b653,18,2010.48,4.5625,9.35801440329218,0.0,81210,curitiba,PR
8a32e327fe2c1b3511609d81aaf9f042,132,9357.52,3.8294573643410854,8.874441229423867,0.030303030303030304,2443,sao paulo,SP
8a40ae794fa3f9892cee24bd5af0488b,6,946.26,3.1666666666666665,27.80233024691358,0.3333333333333333,82620,curitiba,PR
8a43128d7f9a3db592b866e6861a6cce,3,1058.49,2.3333333333333335,6.244818672839506,0.0,8080,sao paulo,SP
8a432f4e5b471f8da497d7dc517666e2,92,9417.83,4.21978021978022,7.906443362520129,0.05434782608695652,19042,presidente prudente,SP
8a87611c08849ffeeccab52aa798b6c7,12,2671.83,2.6666666666666665,9.788909722222222,0.0,82940,curitiba,PR
8a8835a43bda99fd37310ad76c457510,2,258.54,4.5,7.462633101851852,0.0,9540,sao caetano do sul,SP
8a9260f2b0340411d6d2a56bcf4f7378,8,1396.94,4.75,10.00283130787037,0.125,32180,contagem,MG
8ab42aa58097fd4668d60cc648225d5f,20,3379.91,4.2,10.358764467592593,0.0,74150,goiania,GO
8ae520247981aa06bc94abddf5f46d34,65,17766.34,4.446153846153846,10.97949643874644,0.015384615384615385,88370,navegantes,SC
8b11118053756a9a2932f447e11fc1b5,1,91.16,3.0,11.909560185185185,0.0,17350,igaracu do tiete,SP
8b181ee5518df84f18f4e1a43fe07923,1,54.98,5.0,14.560891203703704,0.0,87360,goioere,SP
8b2492b7ff4468839593fafeed55bad9,29,4336.26,4.172413793103448,12.439672733077906,0.06896551724137931,24451,sao goncalo,RJ
8b28d096634035667e8263d57ba3368c,140,11902.51,4.0,14.1862698291122,0.11428571428571428,12243,sao jose dos campos,SP
8b2d4ab22f42c5cfc338b846decfda60,6,643.3199999999999,4.833333333333333,15.661452546296296,0.0,83820,fazenda rio grande,PR
8b321bb669392f5163d04c59e235e066,939,31947.72,4.085653104925053,12.695565179785618,0.1033013844515442,1212,sao paulo,SP
8b655f0855926bcb49f5835d38dfddf6,5,1162.81,4.8,5.609800925925926,0.2,6192,osasco,SP
8b87cd0d43d49b9bdf40f56229364d59,5,1853.9,2.6,15.342019675925926,0.0,4111,sao paulo,SP
8b8cfc8305aa441e4239358c9f6f2485,15,13110.7,4.2,12.536666666666667,0.13333333333333333,86020,londrina,PR
8b9d6eec4a7eb7d0f9d579ce0b38324d,48,6150.49,4.041666666666667,10.554455279747833,0.16666666666666666,26562,mesquita,RJ
8bb48dc19fccaa8613b6229bf7f452a2,81,6100.0599999999995,4.407407407407407,11.565138745999086,0.024691358024691357,19803,assis,SP
8bd0e3abda539b9479c4b44a691be1ec,7,845.34,2.0,23.688628472222224,0.2857142857142857,98910,tres de maio,RS
8bd0f31cf0a614c658f6763bd02dea69,32,5197.1,4.258064516129032,10.254700520833333,0.03125,1222,sao paulo,SP
8bdd8e3fd58bafa48af76b2c5fd71974,11,2515.55,4.545454545454546,10.378738425925926,0.09090909090909091,1552,sao paulo,SP
8c0de775f52fe41590b376a3b7c50f68,9,808.0300000000001,3.888888888888889,6.2137239583333335,0.0,13178,sumare,SP
8c16d1f32a54d92897cc437244442e1b,107,7708.82,4.419047619047619,10.895477349428868,0.009345794392523364,89023,blumenau,SC
8c351ed7c326c62123318f4f3246e906,2,150.66,5.0,10.105011574074075,0.0,11701,praia grande,SP
8c3b533c63cca56240f94f1e3a6b18ef,5,4522.69,1.5,43.6256712962963,0.4,31050,belo horizonte,MG
8c5e007d7bd5693fa1386ffefbc99f6c,9,1407.41,4.333333333333333,10.242138631687244,0.0,13347,indaiatuba,SP
8c91bfea4263b8fba54081460693e2a1,2,785.75,5.0,12.129247685185184,0.0,98920,horizontina,RS
8c9348f33ae3dada25c99c99ade2af78,2,364.93,5.0,10.17058449074074,0.0,6340,carapicuiba,SP
8ca1551acf9832a4cf467bbbac15851f,11,2523.61,3.909090909090909,13.264915824915825,0.09090909090909091,83607,campo largo,PR
8ca5b19e0263150d2c57afdde2b3d011,3,224.68,4.666666666666667,4.8608217592592595,0.0,9336,maua,SP
8cb7c5ddf41f4d506eba76e9a4702a25,2,182.37,3.0,16.01363425925926,0.0,75110,anapolis,GO
8cbac7e12637ed9cffa18c7875207478,67,4846.05,4.119402985074627,13.94055345117845,0.05970149253731343,89254,jaragua do sul,SC
8cc6a0e5738e61a87b03c78b2ba9db4b,24,13838.22,4.333333333333333,16.772033514492755,0.08333333333333333,37795,andradas,MG
8ccf3cf69651cc1d8a02c8bfaf3b8568,2,288.63,3.5,25.706637731481482,0.5,13504,rio claro,SP
8cf21434553b02cbd37c0bbd07e041b0,2,162.13,2.5,11.212523148148149,0.0,88102,sao jose,SC
8d46553a36e68f95350a200c12f8f2e2,13,969.6,3.230769230769231,17.568221450617287,0.0,13056,campinas,SP
8d79c8a04e42d722a75097ce5cbcf2ef,26,3465.12,4.423076923076923,19.289883796296298,0.15384615384615385,61658,caucaia,CE
8d899e15a5925f097cca50faa49b15e3,4,795.98,3.75,6.067864583333333,0.25,18131,sao roque,SP
8d92f3ea807b89465643c219455e7369,3,252.77000000000004,1.0,45.54934027777778,0.6666666666666666,3052,sao paulo,SP
8d956fec2e4337affcb520f56fd8cbfd,210,14371.42,4.204761904761905,9.283275518341307,0.10476190476190476,9780,sao bernardo do campo,SP
8daab2245ebdc277c51098d01c5ad8ef,16,1888.64,4.625,10.034896556712964,0.0625,8411,sao paulo,SP
8dd386be0767c330276ea6a3f96532d3,1,134.48000000000002,5.0,10.293009259259259,0.0,88490,paulo lopes,SC
8de8fe3af4449ed695d2434c933ed73e,1,2155.35,5.0,10.056851851851851,0.0,1215,sao paulo,SP
8def3db7f272735afb2ecd03aeca09a7,2,229.64,5.0,2.659195601851852,0.0,28035,rio de janeiro,RJ
8dfbc5ff27df12f6cef751d3b9554222,4,316.12,4.5,10.066796875,0.0,80220,curitiba,PR
8e29d051f810eb22959ede205b462b9f,2,813.28,4.0,31.752569444444443,0.5,15131,mirassol,SP
8e2b3afb420011ef0c88c9d5f11ea526,11,1606.42,4.2727272727272725,10.559795875420876,0.09090909090909091,13060,campinas,SP
8e34331b7eedd03be4e5d965c1956225,5,210.44,4.8,13.948203703703703,0.2,4009,sao paulo,SP
8e4f041ff58e7845456d3482524014b3,2,182.39000000000001,3.0,24.080474537037034,0.5,90250,porto alegre,RS
8e670472e453ba34a379331513d6aab1,1,1083.96,1.0,86.00116898148148,1.0,36087,juiz de fora,MG
8e6cc767478edae941d9bd9eb778d77a,106,9320.46,3.946078431372549,16.615996527777778,0.07547169811320754,38442,araguari,MG
8e6d7754bc7e0f22c96d255ebda59eba,80,15497.25,3.688311688311688,15.586442364041256,0.175,12233,sao jose dos campos,SP
8e8a7ce9f2f970dc00e2acf6f6e199f6,65,10284.82,4.03125,12.24611956202234,0.09230769230769231,24710,sao goncalo,RJ
8ea394aed8138685abe1eb9f25e1021d,2,1417.6,4.0,11.29025462962963,0.0,18053,sorocaba,SP
8eb88b0acb3f90a717ad659221471fa7,2,160.67,4.5,12.252141203703705,0.0,89504,cacador,SC
8ec76bb0965af3f007692b26fa9d6623,1,2028.75,5.0,11.309363425925927,0.0,88804,criciuma,SC
8ed8ea9a57c862f2c18c2fe41f601d56,19,4562.97,4.473684210526316,8.578249878167641,0.0,89030,blumenau,SC
8f0fbe2cd4d472157dc1cdef6edecaa9,1,40.989999999999995,5.0,10.945347222222223,0.0,2755,sao paulo,SP
8f119a0aee85c0c8fc534629734e94fd,76,4885.32,4.2894736842105265,10.155585116366368,0.05263157894736842,6440,barueri,SP
8f2b51a30523cdecddc2f179f351c7d6,7,1176.23,4.142857142857143,13.126109457671959,0.0,4833,sao paulo,SP
8f2ce03f928b567e3d56181ae20ae952,153,25550.010000000002,4.125827814569536,14.380811871474123,0.1503267973856209,5141,pirituba,SP
8f54d64f28a993550aa7943f12572959,15,3133.12,3.7333333333333334,14.054725308641975,0.06666666666666667,35160,ipatinga,MG
8f580d36c1e9d6fbce95283403c7d447,8,4993.400000000001,4.375,12.273006365740741,0.125,14090,ribeirao preto,SP
8f78f0903005064036736c7173a5c2ed,13,2745.95,3.769230769230769,17.417435007122506,0.07692307692307693,36325,tiradentes,MG
8fb67a334bacec338885b4e9e1708073,1,98.42,5.0,8.214791666666667,0.0,85905,toledo,PR
8fb791022c1fc8909664f48ab7dc636d,5,8483.35,4.2,5.729247685185185,0.0,3976,sao paulo,SP
8fbd63429be6d3e5e6d1a709b6464802,6,1240.97,4.833333333333333,8.406583719135803,0.0,9130,santo andre,SP
8fbe2ee446b97e128471be4ce983dc0d,3,188.5,3.0,8.099621913580247,0.3333333333333333,18103,sorocaba,SP
8fd3b4468f6425810648177996c14cbd,1,376.57,5.0,9.97412037037037,0.0,15015,sao jose do rio preto,SP
8fdca8e349553f99bc738833a62c8802,22,1370.22,4.25,10.546610900673402,0.045454545454545456,2189,sao paulo,SP
8fe8786ee000001ab51d030dfd4a7bf1,5,2456.44,4.6,15.866671296296298,0.0,88490,paulo lopes,SC
8fec2e460530482132c436cfb5439925,3,548.61,4.333333333333333,21.85567901234568,0.3333333333333333,18500,laranjal paulista,SP
8ff1a9df749e454105c55cda13e79143,12,1491.62,4.0,12.60057388117284,0.0,17509,marilia,SP
8ff38bc3969e67c36c48343a07090f66,2,3859.56,2.5,16.915497685185183,0.0,8260,sao paulo,SP
8fff28c4263ddec387f28d237fb42773,4,421.68,3.0,5.756741898148148,0.0,5594,sao paulo,SP
900ba814c251a692506d7834c1218441,87,31182.2,4.178571428571429,12.561156181917212,0.13793103448275862,13328,salto,SP
901b460cdce0c64e471230d7f2f9f3a3,5,2012.56,4.4,15.51374537037037,0.0,90620,porto alegre,RS
902c99f1ac505c0d18778b61bcd636f7,4,258.12,4.0,4.851431327160494,0.0,13840,mogi guacu,SP
903037660cf848a717166eb7a06d616e,43,8981.8,3.86046511627907,12.15383735670194,0.13953488372093023,5734,sao paulo,SP
90b36c5aeb728d5504a39f435bef0c5f,5,340.23,4.2,11.74271412037037,0.0,13835,conchal,SP
90b57083da5d803237da74daec6dcb2b,2,241.20999999999998,5.0,7.904450231481482,0.0,80730,curitiba,PR
90d4125885ab6c86e8820a722be71974,3,1342.9500000000003,1.0,,0.0,6780,taboao da serra,SP
910a922b426b7ff95eaee129ad6c0e1f,2,150.95999999999998,5.0,14.63134837962963,0.0,15025,sao jose do rio preto,SP
913fd0ebba70bb919f7254a02239173c,1,179.12,1.0,13.430914351851852,0.0,89065,blumenau,SC
9140bd1d9de28b197dce077bdd687438,6,1442.93,4.166666666666667,6.242758487654321,0.0,13900,amparo,SP
9140ef75cc8211c4035935e80e567204,1,72.18,5.0,12.179131944444444,0.0,87015,maringa,PR
91543f9849d68d023e17194926598543,4,1100.57,4.5,12.869427083333333,0.0,89041,blumenau,SC
916748bc99315c2d202898ae58b1617e,25,746.51,4.28,10.472281944444443,0.0,18040,sorocaba,SP
916c9de0b5ad957346eeeb12f332687e,23,5973.78,4.565217391304348,8.834843750000001,0.0,80240,curitiba,PR
918717417d88a9f9ae9735567e6c7682,4,389.22,5.0,8.146559606481482,0.0,5547,sao paulo,SP
918f6fbcf3ab724d805867303e593a1b,2,112.58,4.0,4.872783564814815,0.0,13273,valinhos,SP
9198786624eaeb375793215cad26cfa6,9,1118.3700000000001,3.7777777777777777,12.971222511574075,0.0,89136,rodeio,SC
91f0eec23d4a61d7d7caeefa3f0ad1ca,11,2545.26,3.5454545454545454,26.144559132996633,0.2727272727272727,88704,tubarao,SC
91f5779a8731baca4809fdeade81803f,6,2117.09,4.4,16.374195601851852,0.0,27321,barra mansa,RJ
91f848e9f4be368f4318775aac733370,63,7168.16,4.278688524590164,9.941640817901234,0.031746031746031744,3029,sao paulo,SP
9200e6ce317b67196b6b0bad4d4bd567,1,51.42,3.0,16.296388888888888,0.0,20771,rio de janeiro,RJ
921323538c9f1c4e816f2720eac02bea,15,1642.2,3.933333333333333,8.533717592592591,0.2,1319,sao paulo,SP
9261d76c62caaf0b24677c2ceb7f8f20,6,1216.24,3.8333333333333335,7.901643518518519,0.0,88138,palhoca,SC
92992bec39dde5766f590d3b1f46d465,1,121.67,1.0,,0.0,4310,sao paulo,SP
929f342384a6607afe143d789ade1316,4,272.76,5.0,4.4983478009259255,0.0,86065,londrina,PR
92c8bc6e8f925792247656fed09aad65,3,299.57000000000005,2.3333333333333335,13.436047453703704,0.3333333333333333,3384,sao paulo,SP
92d14edfb62ee5ae7fdff70b0f4e7233,8,594.53,3.375,8.299565972222222,0.0,9810,sao bernardo do campo,SP
92eb0f42c21942b6552362b9b114707d,337,11418.11,4.0,13.655960578002244,0.0771513353115727,3504,sao paulo,SP
933446e9a59dece7ae9175103820ca8f,2,438.84999999999997,3.0,24.027141203703703,0.0,81730,curitiba,PR
934ed5cd1b9c1c7382d0a94a94b9e639,1,152.47,5.0,13.127384259259259,0.0,81070,curitiba,PR
939e6227d6964a11a70aa91243e418f2,4,488.25,4.25,5.3417332175925925,0.0,36408,conselheiro lafaiete,MG
939f6e231201f26803cb5c3a3d2940b3,3,225.62,4.666666666666667,10.861435185185186,0.0,17051,bauru,SP
93b9a99027bd8bd6af682aff18dd19bf,19,2343.25,4.052631578947368,11.954646990740741,0.0,7600,mairipora,SP
93bef6edaa84956e8e575016449b6351,1,129.56,5.0,9.925324074074075,0.0,3568,sao paulo,SP
93dc87703c046b603023e75222018b45,34,8744.42,4.0,20.379621310763888,0.08823529411764706,30315,belo horizonte,MG
94144541854e298c2d976cb893b81343,68,18715.65,4.253731343283582,12.93787326388889,0.04411764705882353,94451,viamao,RS
941554c5757b73ba0e50aa7732310afc,3,166.35000000000002,4.666666666666667,8.114648919753087,0.0,4142,sao paulo,SP
94165aea8a35c3c21499cbcae239b16c,1,196.11,2.0,6.158113425925926,0.0,38412,uberlandia,MG
94231344608e603693b0a8891143f65d,3,824.1800000000001,4.0,12.531454475308642,0.0,91520,porto alegre,SP
9449f25aeaf531019b76999ea49a6949,10,2225.84,4.0,13.614467592592593,0.2,21040,rio de janeiro,RJ
9485a23c0430ba1d58d359391606fce6,5,1195.15,3.2,13.413342013888888,0.2,9015,santo andre,SP
94b9108d4b637ba65bb4f1e53cfcf8d8,7,334.09,4.428571428571429,17.020074404761907,0.14285714285714285,7221,guarulhos,SP
94c49f20a123aeb9360dbf80ff912bf6,3,339.29,3.6666666666666665,14.152438271604938,0.0,18015,sorocaba,SP
94ca168e8bcb407ab85c5da308863027,5,311.65999999999997,5.0,12.487648148148148,0.0,16250,clementina,SP
94d76e96eedd976258cd3278ce56d5f2,1,454.17,5.0,7.032673611111111,0.0,18132,sao roque,SP
94e93ce877be27a515118dbfd2c2be41,30,6542.72,3.9310344827586206,13.608297014687102,0.0,15502,votuporanga,SP
951e8cef368f09bb3f3d03c00ca4702c,62,5326.74,4.1525423728813555,9.299593557098765,0.08064516129032258,14940,ibitinga,SP
9523fb39dd240aa958e040f8183d64f3,1,168.29000000000002,1.0,21.88304398148148,0.0,1541,sao paulo,SP
9535a841eecebed61a9fb1ac1cbb5597,2,818.33,3.0,9.502650462962963,0.0,1208,sao paulo,SP
9539213aa8e023c01937bef95dc006da,9,319.03999999999996,4.555555555555555,11.792710905349795,0.3333333333333333,3673,sao paulo,SP
954e95f20808d7e5d11f0de292d078e0,3,277.96,4.666666666666667,9.138657407407408,0.0,35930,joao monlevade,MG
9558aa23f77a9e0a0eca83540999f43b,2,155.57999999999998,3.0,20.871423611111112,0.0,86801,apucarana,PR
955fee9216a65b617aa5c0531780ce60,1281,160710.69,4.162863886703383,10.76196809982293,0.07650273224043716,4782,sao paulo,SP
9591fc341b1bfb7ef561e2968ec6e011,1,94.21000000000001,1.0,,0.0,4456,sao paulo,SP
9596c870880d900012f2e8e6e30d06d7,22,10615.33,4.136363636363637,13.834508928571429,0.045454545454545456,37074,varginha,MG
9599519be538b98748162a2b48248960,1,630.06,1.0,22.617453703703703,0.0,5008,sao paulo,SP
95b293867b5862941c9cd74f756a3c68,9,746.22,3.5555555555555554,21.46414480452675,0.4444444444444444,8223,sao paulo,SP
95cca791657aabeff15a07eb152d7841,1,28.22,5.0,3.7175,0.0,85950,palotina,PR
95e03ca3d4146e4011985981aeb959b9,172,14242.37,4.044910179640719,12.602756615713346,0.03488372093023256,21210,rio de janeiro,RJ
95ec4458365c4d11f452ccf538377619,26,2368.95,4.791666666666667,6.536693821225072,0.038461538461538464,13481,limeira,SP
95f83f51203c626648c875dd41874c7f,50,4968.780000000001,3.693877551020408,11.626066261574074,0.04,37564,borda da mata,MG
960945e1a9535cbc0cd6ddd35fbe7ae8,28,3954.03,4.642857142857143,6.186472387566137,0.0,8290,sao paulo,SP
9616352088dcf83a7c06637f4ebf1c80,92,7490.57,4.304347826086956,12.439302248677249,0.0,87504,umuarama,PR
961dff0a659b4561334372337dd897d9,4,10082.56,3.75,20.515949074074076,0.5,21510,rio de janeiro,RJ
9646c3513289980f17226a2fc4720dbd,71,4247.32,4.352112676056338,11.201072195383789,0.028169014084507043,12215,sao jose dos campos,SP
96493fab2fbb13a14d0c0e8772eef5c3,63,20181.23,4.064516129032258,13.384796259553205,0.06349206349206349,5537,sao paulo,SP
964ff64dc05b13811c6d0f41e0aa5f6b,1,204.06,5.0,6.680775462962963,0.0,4154,sao paulo,SP
966cb4760537b1404caedd472cc610a5,74,51936.53,3.8472222222222223,9.879037072109988,0.02702702702702703,9920,diadema,SP
9674754b5a0cb32b638cec001178f799,85,6161.89,4.085365853658536,8.442924196787148,0.03529411764705882,4438,sao paulo,SP
96804ea39d96eb908e7c3afdb671bb9e,37,4342.61,4.135135135135135,13.049579796810699,0.02702702702702703,38950,ibia,MG
968268a686aa05d1f529fb07dff08130,12,4880.84,3.5,9.403155864197531,0.0,1530,sao paulo,SP
968ee78631915a63fef426d6733d7422,2,521.67,3.0,15.264716435185186,0.0,99700,erechim,RS
96e5dc09087bad639b4ee193104ec2e5,2,154.44,4.5,7.808726851851851,0.0,28660,bom jardim,RJ
96f7c797de9ca20efbe14545bed63eec,1,176.97000000000003,1.0,1.946226851851852,0.0,14140,cravinhos,SP
972d0f9cf61b499a4812cf0bfa3ad3c4,78,9728.09,3.108108108108108,18.402736202485382,0.11538461538461539,88359,brusque,SC
973f21788dfab357250f69a8dcb7ddee,9,1233.1200000000001,2.111111111111111,25.691666666666666,0.5555555555555556,35530,claudio,MG
974cf2cb8f4b7add98709c30df02fe10,33,3559.68,4.0606060606060606,11.269405092592592,0.030303030303030304,14802,araraquara,SP
97512d3fc193b2d1dfcdba0f9d1f0f8a,12,1800.42,4.25,8.47090374228395,0.08333333333333333,8270,sao paulo,SP
977f9f63dd360c2a32ece2f93ad6d306,20,3908.06,3.75,13.874105750487328,0.15,14910,tabatinga,SP
979e9f8b5b39dd243a2550c8b05aecf0,3,571.88,5.0,9.339444444444444,0.0,4160,sao paulo,SP
97e4a63591ca439a2b8b7efd20e6e19e,5,428.5,4.4,6.431298611111112,0.0,20520,rio de janeiro,RJ
97e50a621f8e801f4baf69e08687c192,1,97.78,5.0,9.454490740740741,0.0,4209,sao paulo,SP
97e995629983723d11830a829bc2b246,5,598.87,4.8,17.008074074074074,0.0,12604,lorena,SP
9803a40e82e45418ab7fb84091af5231,11,4791.38,3.727272727272727,15.639769570707072,0.0,75901,rio verde,GO
980640c45d7a4635885491d077167e4d,14,1246.6599999999999,4.642857142857143,7.608943452380951,0.07142857142857142,13501,rio claro,SP
98115075dd26cb8835946fc6086f5d30,4,491.2,4.75,4.25859375,0.0,9687,ao bernardo do campo,SP
984c273121e743dd14767befe6cb17f5,1,280.91,1.0,33.85025462962963,1.0,13474,americana,SP
9853a239ab7b7ebbdc3a21248d5b8e1f,5,471.01,3.8,17.958078703703706,0.2,83602,campo largo,PR
985c92cc412091f8529c12d7f23d3fef,12,1606.6299999999999,4.75,7.550009645061729,0.08333333333333333,36300,sao joao del rei,MG
989becdce12ebc39863c2bceab6f3ca1,18,8893.33,4.555555555555555,13.739216820987654,0.1111111111111111,81730,curitiba,PR
98dac6635aee4995d501a3972e047414,90,7040.62,4.125,9.645754287668352,0.08888888888888889,2030,sao paulo,SP
98dddbc4601dd4443ca174359b237166,2,211.67,5.0,8.23082175925926,0.0,87111,sarandi,PR
98e164d549402270247f3c96a1a158ef,2,187.42,2.5,8.833802083333333,0.0,5083,sao paulo,SP
98f52e1020fe788c10c0418de4393fec,1,36.7,4.0,9.267129629629629,0.0,27963,macae,RJ
99002261c568a84cce14d43fcffb43ea,36,5228.65,3.7222222222222223,16.837109374999997,0.08333333333333333,78095,cuiaba,MT
9906e7aa42a3c067b7c9a564d01c4320,12,3263.3700000000003,4.5,16.465471643518516,0.16666666666666666,87065,maringa,PR
994f04b3718c2bab35c2adfa8afecd2a,48,4162.28,4.3125,14.21344303542673,0.08333333333333333,13912,jaguariuna,SP
9996ae921c50e8dff411ac69c0b4bb8b,2,101.74000000000001,2.0,14.381655092592592,0.0,17605,tupa,SP
999f6d9a1c7c81f43be44c6b7d076210,2,50.83,4.5,4.6904918981481485,0.0,5269,sao paulo,SP
99a25c39b28a74d1151c35c18d178292,1,218.7,5.0,2.230983796296296,0.0,2236,sao paulo,SP
99a54764c341d5dc80b4a8fac4eba3fb,44,5082.26,3.5813953488372094,7.83239394918174,0.20454545454545456,3273,sao paulo,SP
99cd94252748d2bdde08e17858233602,2,181.32,4.5,3.0130844907407406,0.0,12401,sao paulo,SP
99eaacc9e6046db1c82b163c5f84869f,66,14274.52,3.878787878787879,14.98057319223986,0.10606060606060606,14400,franca,SP
9a03a4e9eb0b947652fae4f6121a3f5e,7,1803.72,3.857142857142857,13.86299107142857,0.14285714285714285,15805,catanduva,SP
9a1aea68d3efa00862ec88c0768037d0,7,1501.71,4.428571428571429,13.021289682539683,0.0,15806,catanduva,SP
9a208dee8f95cfdf00760c4d627828ec,1,295.98999999999995,1.0,,0.0,26125,belford roxo,RJ
9a84ba99f5367fdbd4598363496f1ea2,16,2720.9300000000003,3.625,10.512725308641974,0.0,72801,luziania,GO
9aa388272ee334b6ae07bc73706e254a,6,1014.87,4.333333333333333,8.413715277777778,0.0,36886,muriae,MG
9ac4f14370b1e24ddc58be041b7f99df,5,436.65,4.4,9.02382175925926,0.0,76330,jaragua,GO
9ac75591b69c3402684b6ce0310f22ee,1,69.67,5.0,2.984837962962963,1.0,2880,sao paulo,SP
9add47bf45ce8e8c7db6b9cf670b1e09,43,6074.46,4.166666666666667,12.248760444896115,0.023255813953488372,83830,fazenda rio grande,PR
9b00cad94ef3078faf6fba2e792c158f,1,373.82,5.0,19.39923611111111,0.0,39442,janauba,MG
9b00ed88b7fdb95d6ff76e27c1b52d16,47,2250.08,4.468085106382978,9.403925372383252,0.06382978723404255,8215,sao paulo,SP
9b013e03b2ab786505a1d3b5c0756754,172,11655.81,4.169590643274854,8.581075011022929,0.05813953488372093,11450,vicente de carvalho,SP
9b1050e85becf3ae99c1cf4934c9bc5d,2,115.34,2.5,,0.0,39400,montes claros,MG
9b1585752613ec342d03bbab9997ec48,3,4349.04,3.6666666666666665,8.091628086419753,0.0,22745,rio de janeiro,RJ
9b1ab052f5fca308ba743ac789ebb2e1,2,326.08000000000004,4.0,10.214050925925925,0.0,85200,pitanga,PR
9b1f656ca3060f8af17a50d8a024b533,1,47.89,5.0,26.01560185185185,1.0,11013,santos,SP
9b522ba7eae9e1d04082f267144583cc,4,1655.6499999999999,4.25,40.17655092592593,0.25,4843,sao paulo,SP
9b76ad3d04236f76bc71c59470305e13,2,456.63,5.0,5.747731481481482,0.0,18550,boituva,SP
9bade61a92bed55a25d2b67b9f4ed739,2,174.8,3.0,9.656429398148148,0.0,83005,sao jose dos pinhais,PR
9baf5cb77970f539089d09a38bcec5c3,32,6673.4,4.3125,15.171590128434886,0.0,13330,indaiatuba,SP
9bc484c87d79cd4874e05ca182658045,9,1269.87,4.0,13.12238425925926,0.2222222222222222,2422,sao paulo,SP
9bcdfa7b615b3abb9461d9e3ad9886ae,14,2523.79,4.428571428571429,12.67588210978836,0.07142857142857142,89053,blumenau,SC
9bf11dfc0bec77e5a23028043c3c5a8f,1,132.06,1.0,31.544166666666666,1.0,32140,contagem,MG
9c068d10aca38e85c50202e17b4a7e88,15,2919.71,4.285714285714286,17.680470679012345,0.2,79400,coxim,MS
9c0e69c7bf2619675bbadf47b43f655a,150,36558.46,4.108108108108108,14.9168594348659,0.10666666666666667,12230,sao jose dos campos,SP
9c1c0c36cd23c20897e473901a8fb149,6,717.04,5.0,6.220837191358025,0.0,11702,praia grande,SP
9c351405b754cc5ce3e2ecf277bb034a,1,59.11,1.0,,0.0,3134,sao paulo,SP
9c3a1c416c765687bc79a04113269929,1,133.8,1.0,6.0855902777777775,0.0,35547,carmo da mata,MG
9c3c24eca51c52b91c1de727d2a2ae06,5,347.4,4.4,10.295416666666666,0.0,95020,caxias do sul,RS
9c4d31c7e46ab03a43fc06e3142afd4e,2,1262.72,4.5,6.894334490740741,0.0,20785,rio de janeiro,RJ
9c54608f0996c32ae4743089d915f845,3,304.72,4.0,12.21988811728395,0.0,87900,loanda,PR
9c57bc60cfad5ee62d35d3f1ce4593a1,1,195.43,1.0,37.03043981481481,1.0,81200,curitiba,PR
9c690ceacd5c66731bf443ea810195cb,10,1121.02,4.3,7.593199074074074,0.0,37650,camanducaia,MG
9c7fd21e0aa159b20da593371f08ff7c,7,960.3000000000001,3.2857142857142856,7.3877843915343915,0.14285714285714285,6180,osasco,SP
9cad4b68bb993ee401a3c5aaa2bc26dd,3,367.06,2.0,24.94938271604938,0.3333333333333333,16200,birigui,SP
9cea4682e16655f7da87f406902e989e,4,219.23,4.0,10.071336805555555,0.0,83707,araucaria,PR
9cf787a239c1aa29dbd76f153dc13f9a,4,368.4,4.75,6.560300925925926,0.0,14403,franca,SP
9d213f303afae4983637247556438ede,2,263.82000000000005,5.0,7.0355439814814815,0.0,14940,ibitinga,SP
9d39404483343dd55c7ae254494d8388,10,434.28,3.5,14.386840277777779,0.1,1044,sao paulo,SP
9d489893ff6af05029671b785f54b998,5,509.84,4.0,7.294662037037037,0.2,13613,leme,SP
9d4db00d65d7760644ac0c14edb5fd86,98,11512.81,4.515463917525773,8.056416213249332,0.04081632653061224,18025,sorocaba,SP
9d5604a1f112324ad6b2aa552122e0fb,13,761.98,3.5384615384615383,12.491833155270655,0.0,88075,florianopolis,SP
9d5a9018aee56acb367ba9c3f05d1d6a,67,12179.310000000001,4.417910447761194,15.023560430695847,0.014925373134328358,74930,aparecida de goiania,GO
9d681c7e12db302cb261e721040dde65,13,1058.68,4.923076923076923,9.304166666666667,0.0,80330,curitiba,PR
9d69ba0a7a626a64dc5db08e529559cf,1,37.54,5.0,13.860972222222221,0.0,14075,ribeirao preto,SP
9d7a1d34a5052409006425275ba1c2b4,13,1331.87,4.384615384615385,14.331834935897435,0.07692307692307693,14403,franca,SP
9da15f4a4ea758d9eeb49000dbe57e22,1,234.61,2.0,22.51039351851852,1.0,6290,osasco,SP
9da1ca0bef29ee170e541927a5aeabdc,6,1612.03,3.0,16.803595679012343,0.3333333333333333,15500,votuporanga,SP
9dc79dd988ac42f4d56c340d7048420a,4,843.9300000000001,4.75,6.5215046296296295,0.0,3569,sao paulo,SP
9dd459b29a14bf89d47183cf2cd0e4c7,2,198.82000000000002,5.0,6.62347800925926,0.5,4716,sao paulo,SP
9dd59e43f0c9f0553244e8f9c2fb247e,10,508.12,4.8,13.135447916666667,0.1,85851,foz do iguacu,PR
9dda5bbacd45e18d6485fee649205d09,17,2198.75,4.352941176470588,16.01870234204793,0.11764705882352941,37540,santa rita do sapucai,MG
9de4643a8dbde634fe55621059d92273,72,19369.32,4.527777777777778,14.635875289351851,0.041666666666666664,89225,joinville,SC
9df5750209b83567ec144eb299d7d634,11,5176.3,4.0,14.06586595117845,0.09090909090909091,93032,sao leopoldo,RS
9e17b9d64683aebcbb9ee362d06463b4,2,136.67000000000002,1.0,,0.0,14020,ribeirao preto,SP
9e25199f6ef7e7c347120ff175652c3b,1,27.02,4.0,8.199456018518518,0.0,12051,taubate,SP
9e6229250fedbe05838fef417b74e7fb,69,14226.75,3.971014492753623,11.9582608251634,0.043478260869565216,16800,mirandopolis,SP
9e6967d3cf386d284251784b18ccb485,9,654.9,3.888888888888889,7.245511831275721,0.1111111111111111,9550,sao caetano do sul,SP
9e7c5f4d7770eab65738cca38f9efccf,2,222.88,3.5,7.437210648148148,0.0,2562,sao paulo,SP
9e94fa26a70ede4d26226e918e8706a2,1,72.74,5.0,5.644328703703704,0.0,13570,sao carlos,SP
9e9b539eb2806acee3f5c28085c1db9f,3,1039.47,3.6666666666666665,24.787878086419752,0.3333333333333333,32315,contagem,MG
9ed65337433adfbedefd23dd76eaa494,6,1343.65,4.833333333333333,7.400858410493828,0.0,5462,sao paulo,SP
9ef932e837d8b7f392c0bfee9d359dc2,1,79.56,3.0,36.47038194444445,1.0,14940,ibitinga,SP
9f50216bfd01913736a55a11b55ea842,17,1864.4299999999998,4.411764705882353,10.244364787581699,0.17647058823529413,12020,taubate,SP
9f505651f4a6abe901a56cdc21508025,396,32450.27,4.339285714285714,8.083296308106576,0.050505050505050504,4102,sao paulo,SP
9f56a7a649097b166d8ed286ad86a15c,2,51.019999999999996,1.0,,0.0,21041,rio de janeiro,RJ
9fbd5666d8618fa571c4230fafa09bd6,1,96.71000000000001,5.0,13.122824074074074,0.0,4360,sao paulo,SP
9fc70243fb26800cba56e8f014797004,6,571.3000000000001,4.5,9.69967785493827,0.0,30270,belo horizonte,MG
9fe7c6641c79970ab48185498f547c09,1,164.71,5.0,17.920046296296295,0.0,3147,sao paulo,SP
a00824eb9093d40e589b940ec45c4eb0,3,9779.46,4.666666666666667,8.007125771604938,0.0,18590,bofete,SP
a0415d9b25ede3c4b1e477e9916ffc03,10,4247.98,3.9,8.927204218106997,0.0,26255,nova iguacu,RJ
a066df7361163e7ddc5d7452dd17448b,15,1344.62,4.4,15.73805015432099,0.2,14401,franca,SP
a06c8ff043abea0528ee44171e2140a2,8,606.9300000000001,4.75,3.8793865740740743,0.0,35501,divinopolis,MG
a080fc8a850289b27500f6b49cca2553,4,435.57,4.75,5.423171296296296,0.0,3382,sao paulo,SP
a08692680c77d30a0b4280da5df01c5a,6,2660.91,5.0,9.340208333333333,0.0,4719,sao paulo,SP
a09a13f18ed27932d08438aa6f12756e,1,46.01,3.0,8.917627314814816,0.0,93800,sapiranga,RS
a0a14e50070f3225b3eabba5b85da517,4,248.64,4.5,6.053330439814815,0.0,81900,curitiba,PR
a0d7fbb07bb5ebc3b05980e750db56f3,3,1262.79,2.3333333333333335,16.224313271604938,0.0,8500,ferraz de vasconcelos,SP
a0e19590a0923cdd0614ea9427713ced,2,397.41999999999996,1.0,,0.0,83075,sao jose dos pinhais,PR
a1040efe9ff4a6f93c28b0499eada8f5,1,1693.31,5.0,17.278831018518517,0.0,13210,jundiai,SP
a1043bafd471dff536d0c462352beb48,715,133934.21,4.230337078651686,13.67091589175012,0.055944055944055944,37175,ilicinea,MG
a11a0e0ca67423425691db355cff69b0,2,476.97999999999996,5.0,5.527760416666666,0.5,13330,indaiatuba,SP
a13580f0e8f782b7a543885a0ef99f08,10,1563.68,4.4,25.048719907407406,0.2,22790,rio de janeiro,RJ
a13aaf2d2886ab9fb30fb9a920160b8f,4,1085.83,4.5,9.351059027777778,0.25,89207,joinville,SC
a1474fd46fd3430168f7ec202da39408,12,3413.52,4.333333333333333,17.97502411265432,0.16666666666666666,83321,pinhais,SP
a150c540f572d0fb53992264bc5c10b5,1,135.49,4.0,10.858275462962963,0.0,18035,sorocaba,SP
a1544b9ea0b2390e020537d4daa89049,8,948.53,3.875,10.917319155092592,0.0,13211,jundiai,SP
a154d7316f158bb42e6fa18bbe3afd3a,2,190.13,3.0,47.48453125,0.5,3804,sao paulo,SP
a17f621c590ea0fab3d5d883e1630ec6,63,4103.41,4.032786885245901,11.700882475713419,0.07936507936507936,18055,sorocaba,SP
a1bea7061f61f6fdd9a85a6325ba1033,9,910.88,4.444444444444445,4.491721965020576,0.1111111111111111,6311,carapicuiba / sao paulo,SP
a1bea9970d8f65b240555f99c2214f7f,1,102.48,3.0,9.306875,0.0,83323,pinhais,PR
a1ed30492b3b798bc121845bc4aa7366,1,65.5,3.0,,0.0,4708,sao paulo,SP
a20d8058c866dbaeca014d2cd20ac62e,2,1238.9,5.0,23.55626736111111,0.5,12209,sao jose dos campos,SP
a213f1bd6458f4a158f3746cb2514559,1,55.95,5.0,8.3459375,0.0,87043,maringa,PR
a218df5c097b0ca409cfaac1488cc7f6,4,258.06,2.75,11.561912615740741,0.0,14806,araraquara,SP
a21c11ec5c3f03e7cc9f9203bff9e1c6,3,475.88,3.6666666666666665,9.542469135802468,0.0,6513,santana de parnaiba,SP
a23266650e7c84bb93fbbba502137478,11,1791.44,3.8181818181818183,11.293031355218856,0.0,90220,porto alegre,RS
a247197e2e9c19a6a53a6888cb8b660f,2,941.0699999999999,1.0,,0.0,15056,sao jose do rio preto,SP
a254c682cc01e119f83530446f1df9a9,6,809.4200000000001,4.0,15.069197530864196,0.16666666666666666,16500,cafelandia,SP
a2a41aedb70551d4a85aa04dc2fced48,2,79.73,4.0,8.864953703703703,0.0,4447,sao paulo,SP
a2b5b6105ea5942300631d2e76f4ffe0,16,4009.3399999999997,4.75,8.46931495949074,0.125,6283,osasco,SP
a2b911e9ad40dc7d61c142a4683e2d85,1,120.30000000000001,5.0,12.782881944444444,0.0,27353,barra mansa,RJ
a2deecd5398f5df4987110c80a1972a3,16,1119.53,3.65625,8.307628205128205,0.0,5043,sao paulo,SP
a2e85714b56b1cb6bb24a9a6e6cad36f,2,380.44000000000005,1.0,,0.0,14530,miguelopolis,SP
a2e874074c877c5a05abae80ad6e488f,44,9274.8,3.9545454545454546,19.23790740740741,0.045454545454545456,15070,sao jose do rio preto,SP
a2fa0bdc798ee84cdb08281337cf4fb6,10,611.02,4.0,18.204419849537036,0.0,88063,florianopolis,SC
a3082f442524a1be452e3189e003b361,3,399.25,4.333333333333333,11.537480709876542,0.0,81560,curitiba,SP
a35124e2d763d7ca3fbe3b97d143200f,4,490.39,4.75,10.707777777777778,0.0,4041,sao paulo,SP
a353b1083c9863d756d9404695016d64,1,137.09,5.0,20.71329861111111,0.0,29150,cariacica,ES
a35ef466c6fd6d052f5d241240d3c5e2,3,649.55,4.666666666666667,11.831080246913581,0.0,93347,novo hamburgo,RS
a369d693961cb93b61ca2cc518872a85,11,3308.04,3.909090909090909,11.026400462962963,0.0,15081,sao jose do rio preto,SP
a36ac007a4d18f865c8d32c3b2402c2d,9,1536.97,2.5555555555555554,9.652709780092593,0.0,6455,barueri,SP
a36b125ac6d5fdbc7f50de85c9157bdc,24,2232.63,3.9583333333333335,12.984740841384863,0.125,14020,ribeirao preto,SP
a37c340b91cb0169e8b029db6440fba2,5,439.95000000000005,4.8,11.123074074074074,0.0,4424,sao paulo,SP
a3a38f4affed601eb87a97788c949667,252,31947.18,4.388663967611336,12.568116121894988,0.047619047619047616,89204,joinville,SC
a3b0df0065e264a91b7bbf5f844af5cd,2,218.75,5.0,13.619450231481482,0.0,9721,sao bernardo do capo,SP
a3b42d266fa8afc874b909422ce88582,1,921.2400000000001,5.0,3.5071296296296297,0.0,14620,orlandia,SP
a3dd39f583bc80bd8c5901c95878921e,34,5412.16,4.575757575757576,12.463181168300654,0.029411764705882353,41342,salvador,BA
a3e9a2c700480d9bb01fba070ba80a0e,122,15753.78,4.083333333333333,13.155565503520048,0.09836065573770492,14940,ibitinga,SP
a3f0b55de503387383c7b1de3ad7f678,23,5473.1900000000005,4.391304347826087,10.949255233494364,0.043478260869565216,82400,curitiba,PR
a3fa18b3f688ec0fca3eb8bfcbd2d5b3,1,84.25999999999999,5.0,14.268726851851852,0.0,4557,são paulo,SP
a414555ce331b8c8aea4a9cb8395194d,7,1693.59,3.3333333333333335,6.988583002645503,0.0,3638,sao paulo,SP
a416b6a846a11724393025641d4edd5e,162,28670.52,4.149068322981367,12.49271017633876,0.12345679012345678,3702,sao paulo,SP
a420f60ff1aa9acc80d0e42959f2b313,66,8498.54,4.0,11.611153549382715,0.09090909090909091,5138,sao paulo,SP
a425f92c199eb576938df686728acd20,17,1474.75,4.294117647058823,17.149074074074075,0.0,81050,curitiba,PR
a435b009cd956ea60748b5cfbddf2e24,3,406.39,4.333333333333333,30.40936342592593,0.6666666666666666,14406,franca,SP
a44fb5a447105f8469bdf16bf9159f25,19,4292.71,4.052631578947368,14.242983065302143,0.2631578947368421,91920,porto alegre,RS
a45314082d50d578a4721c9787ce09ab,2,453.92,5.0,5.23833912037037,0.0,15130,mirassol,SP
a45765f8afb1e594b22bf9e974b46765,1,88.91999999999999,4.0,4.976712962962963,0.0,2411,sao paulo,SP
a478c7961d6a992065b24e63b366f90b,8,1451.56,4.875,9.856011284722223,0.0,89036,blumenau,SC
a49928bcdf77c55c6d6e05e09a9b4ca5,96,10376.69,3.0210526315789474,17.147108328408194,0.2604166666666667,3017,sao paulo,SP
a4b6b9b992b46e9ef863637af96e04bc,7,7452.36,3.2857142857142856,18.31079475308642,0.14285714285714285,88090,florianopolis,SC
a4b8d97cd5d3674eeff96abc99d8ed67,1,233.38000000000002,1.0,6.10394675925926,0.0,13177,sumare,SP
a4bd6e9adf39b63f43dc545d3ca1f53d,4,1960.97,4.5,10.501377314814814,0.0,21020,rio de janeiro,RJ
a4e634166243bbb3a13fa584463fa468,2,201.18,2.0,,0.0,6286,osasco,SP
a4fc6eadaff1576af888509a53420f6a,1,121.62,3.0,28.985127314814815,0.0,9561,sao caetano do sul,SP
a513150f33f99a06569e9cd5c4bb889b,2,711.25,4.5,9.656533564814815,0.0,1545,sao paulo,SP
a5259c149128e82c9d6d46e0c1c812bb,8,1621.13,3.875,19.34989728009259,0.0,76900,ji parana,RO
a53f60f05f822b5c621a50ff6a5cb362,4,544.53,3.6666666666666665,11.473101851851851,0.0,38402,uberlandia,MG
a56a8043ebf66e42119618fb8cf232c6,1,106.73,5.0,10.828888888888889,0.0,89219,joinville,SC
a56e351445e5863fc8960640ba9190c7,3,825.98,4.333333333333333,11.723136574074074,0.3333333333333333,88306,itajai,SC
a5a1bfcf728ab0e19182959cf0771ee4,19,2040.07,4.315789473684211,14.343022660818713,0.10526315789473684,13960,socorro,SP
a5bff0f43eb51f0cad7c37fac7244c8a,4,541.27,4.75,15.874427083333334,0.0,4827,sao paulo,SP
a5cba26a62b8b4d0145b68b841e62e7f,54,16120.66,4.518518518518518,13.183294898672257,0.018518518518518517,87303,campo mourao,PR
a5dd1946fb63ada8bcaa0c9cd8f11e22,6,426.33000000000004,3.8333333333333335,16.939828317901235,0.0,55002,caruaru,PE
a5ff20ff766e7f50bd5066f33da14413,2,272.76,3.0,5.640086805555555,0.0,5522,sao paulo,SP
a61cc04793308395a840807104365121,1,38.37,5.0,8.368773148148149,0.0,13240,jarinu,SP
a63bfbaa882c8f4542891b4e2246cc7f,7,7036.1900000000005,4.428571428571429,11.69019097222222,0.14285714285714285,24355,niteroi,RJ
a64e44665225d19dfc0277eeeaaccc57,6,547.6800000000001,5.0,7.929162808641975,0.16666666666666666,19400,sao paulo,SP
a663d9c3797e90eac99ff60939416a56,1,249.08,5.0,5.360590277777778,0.0,3951,sao paulo,SP
a673821011d0cec28146ea42f5ab767f,126,16653.74,4.008264462809917,13.158229830752884,0.1111111111111111,3809,sao paulo,SP
a67780aba9dd436e7ac0aa1f889e73ec,6,1041.04,3.6666666666666665,21.632880015432097,0.3333333333333333,19027,presidente prudente,SP
a69aa24cec11168e7e39a3fbc727e925,3,140.29000000000002,5.0,8.651388888888889,0.0,6330,carapicuiba,SP
a6bd7d1ccdac48c6b33b28596b7eb122,15,14388.93,3.5,16.22893931878307,0.13333333333333333,58280,mamanguape,PB
a6fe7de3d16f6149ffe280349a8535a0,51,3647.4199999999996,3.98,14.975533564814814,0.1568627450980392,14401,franca,SP
a70e9066dbfd10b6b97a3f54a1356762,2,2027.4,5.0,18.28829861111111,0.0,86975,mandaguari,PR
a72c2f59332659e361d647515c698798,5,933.9300000000001,4.8,10.203472222222222,0.0,95270,flores da cunha,RS
a72f15980dc3e9bfd1a49ac9b2f3af65,1,108.63000000000001,4.0,5.1416203703703705,0.0,17512,marilia,SP
a7a9b880c49781da66651ccf4ba9ac38,3,373.07000000000005,3.6666666666666665,9.482303240740741,0.0,13530,itirapina,SP
a7b7354cc588f7566a848bcbb1ce3d96,2,104.87,4.0,11.876527777777778,0.0,1215,sao paulo,SP
a7c53f6b3b61adbdaa99dda97e8cbd56,1,110.3,4.0,6.837638888888889,0.0,14780,barretos,SP
a7c88262832dfc683781d6a421edefae,5,1602.42,4.2,11.176726851851852,0.0,8710,mogi das cruzes,SP
a7d0f8dd44f57ef6de7f7f02e3d82630,2,99.67,4.5,6.127939814814814,0.0,3225,sao paulo,SP
a7dc4098e4da6e41b426269d12ae7e91,2,554.45,5.0,6.348055555555556,0.0,4386,sao paulo,SP
a7ecf689b40a44361e259b28939023e4,1,410.91,5.0,10.922962962962963,0.0,29102,vila velha,ES
a7f13822ceb966b076af67121f87b063,75,15595.12,3.315068493150685,22.7069525304414,0.06666666666666667,8577,itaquaquecetuba,SP
a806a4bb063ea7ca6d374eafa50a6058,5,405.27,4.0,12.707159722222222,0.0,29161,serra,ES
a81466620e46a6970b22ef40379fdfc9,2,354.78,5.0,7.190133101851853,0.0,88730,sao ludgero,SC
a8739afb32aaa45e01815ca76f76f54b,13,563.56,3.769230769230769,9.569594017094017,0.07692307692307693,9850,sao bernardo do campo,SP
a888faf2d1baececa6baf9c3d603ee1f,54,18887.32,4.037037037037037,18.016654437456324,0.14814814814814814,87502,umuarama,PR
a89e143d5211473ae18db9577ee34b64,2,159.68,3.0,9.211030092592592,0.0,13486,limeira,SP
a90a5da8b09e44264a177c0374a5ac87,3,147.3,4.333333333333333,9.380806327160494,0.0,84010,ponta grossa,PR
a938325a4b357fd23a6a4d5bb126408e,23,3648.29,3.9565217391304346,13.404421296296297,0.043478260869565216,26510,nilopolis,RJ
a9415cf907dfa12f9ed18693244f5329,1,385.41999999999996,5.0,11.134502314814815,0.0,36320,prados,MG
a99504ac23ed125aaf5302af6cc30af9,1,1025.24,5.0,16.25554398148148,0.0,14300,batatais,SP
a9ae440659f48b7849df83e82734150b,1,312.02,5.0,13.342361111111112,0.0,9015,santo andre,SP
a9b533a26e898b12e8b8d4c07279bf4d,4,191.06,5.0,15.162638888888889,0.0,21545,rio de janeiro,RJ
aa17b35ce4de7b565be3249ba838944f,2,114.0,4.5,16.367667824074076,0.0,13214,jundiai,SP
aa1eb17b9fdf6dfd546e25c45c7b9235,3,154.26,4.666666666666667,7.751797839506172,0.0,4794,sao paulo,SP
aa2640d851ec322526f1295bbeb20092,1,182.33999999999997,3.0,3.9644328703703704,0.0,1156,sao paulo,SP
aa762680c40618316a896838866140ea,3,323.46,3.3333333333333335,22.5642862654321,0.3333333333333333,82510,curitiba,PR
aa8af66c623d7d544dfe4bb85b5ebe3b,1,114.57,5.0,8.003946759259259,0.0,32672,betim,MG
aac29b1b99776be73c3049939652091d,97,9589.84,4.094736842105263,15.016604813819196,0.09278350515463918,38408,uberlandia,MG
aac51c486b672a9850d59f3e84b1cf88,10,859.5699999999999,4.8,4.651243055555556,0.0,2752,sao paulo,SP
aadfe0417e61315688b6bd7043361e25,1,304.17999999999995,4.0,6.484421296296296,0.0,74340,goiania,GO
aae3bfea055532c57fb453ed3ec80b30,48,3964.14,3.595744680851064,12.522698929398148,0.0,9271,santo andre,SP
aae5953b9edddf14749c0d65d60eb4b9,2,202.90000000000003,5.0,12.825434027777778,0.0,31035,belo horizonte,MG
aae5e7b457a3c72ee230a47d98fceda5,5,745.5699999999999,4.2,11.924442129629629,0.0,83040,sao jose dos pinhas,PR
aaed1309374718fdd995ee4c58c9dfcd,104,11500.28,4.097087378640777,12.298685275080906,0.028846153846153848,89120,timbo,SC
aafe36600ce604f205b86b5084d3d767,128,11624.82,4.4015748031496065,12.548532624421297,0.046875,88115,sao jose,SC
ab27bbbad5239bc31a34709275a70db4,3,485.04999999999995,5.0,8.455354938271606,0.0,18279,tatui,SP
ab3e0c171fe84a7ba7de130f19cfb485,7,1035.7,3.5714285714285716,20.710918209876542,0.2857142857142857,86690,colorado,PR
ab75b89cc49c9ab3160d0c91565a442a,1,34.089999999999996,2.0,,0.0,17604,tupa,SP
ab91571efab27993ff2f6b36e38055c3,3,158.93,4.666666666666667,12.996577932098766,0.3333333333333333,4319,sao paulo,SP
ab9db4cf53b08b828b64dccaafc2d9f0,5,403.43,4.2,11.719855324074075,0.0,96530,paraiso do sul,RS
aba1721a889e04decc910aa13b768ef4,82,15379.45,4.451219512195122,9.343697352077688,0.10975609756097561,5729,sao paulo,SP
abbf6046bbdf1028606a5bc7f00c99e7,7,2393.14,4.142857142857143,11.785158179012347,0.0,89820,xanxere,SC
abc015ebac1d283a323ca9db35ede4b9,12,1329.65,4.7,10.813035300925925,0.0,14055,ribeirao preto,SP
abcd2cb37d46c2c8fb1bf071c859fc5b,43,5969.89,4.3023255813953485,13.936075837742505,0.046511627906976744,78020,cuiaba,MT
abe021b01ba992245271b9aa422032df,2,6837.24,3.5,17.93034722222222,0.0,80420,curitiba,PR
abe42c5d03695b4257b5c6cbf4e6784e,50,18158.23,3.9183673469387754,14.357426303854876,0.16,21235,rio de janeiro,RJ
ac137bac82ffa8548e62bd9d01d2a14f,1,58.94,1.0,,0.0,3631,sao paulo,SP
ac1ed5fc15901fbc92920361eb4ab350,1,124.03999999999999,1.0,,0.0,3334,sao paulo,SP
ac3508719a1d8f5b7614b798f70af136,102,15753.470000000001,4.6,9.45755625,0.029411764705882353,92030,canoas,RS
ac51cac5e20d69ff485a54746488ef48,4,833.77,3.5,16.31224922839506,0.0,14096,ribeirao preto,SP
ac6417315ae5da8f9a38ee11de6f7780,8,971.43,3.75,11.468726851851853,0.125,7400,aruja,SP
ac9b01377919cdbd2a1bbb8d5837c70b,1,79.44,3.0,9.7975,0.0,8773,mogi das cruzes,SP
acadd4d36859671cb635527c6c977533,12,2646.94,4.25,17.89122010030864,0.16666666666666666,14270,santa rosa de viterbo,SP
acb6c2ca5c82411c1fdb88d5fd5eb95e,10,575.49,3.9,10.168471064814813,0.0,3423,sao paulo,SP
acce39e832338debb07b02385cde5967,43,5767.08,4.534883720930233,7.162540643841516,0.0,32110,contagem,MG
ace601496e211a664100321f038f50af,1,179.92,2.0,,0.0,2372,sao paulo,SP
aced59e9b31ef866a94f9e7f29d8d418,59,8488.5,4.413793103448276,9.768587766792216,0.0847457627118644,3306,sao paulo,SP
acf974e4d5950ad143a247471b831eb9,5,804.76,4.75,11.84618287037037,0.0,95059,caxias do sul,RS
ad14615bdd492b01b0d97922e87cb87f,1,19.21,5.0,13.583900462962964,0.0,88704,tubarao,SC
ad273c9eb54ecb4532de4bf75bae9e4e,9,898.3199999999999,4.222222222222222,12.574387860082304,0.0,80420,curitiba,PR
ad420dd0c4f92f8af951ac24b86d0cf5,42,5618.4,4.125,15.178687444885362,0.07142857142857142,38230,fronteira,MG
ad738d3fcf42655ed15c4960b7b6c601,1,80.89,1.0,,0.0,93425,novo hamburgo,RS
ad75519a07f039025e83795a4418470f,3,417.92,3.6666666666666665,9.542349537037039,0.0,76500,santa terezinha de goias,GO
ad781527c93d00d89a11eecd9dcad7c1,41,9023.2,3.175,27.114320436507935,0.2926829268292683,15015,sao jose do rio preto,SP
ad87df7699e83b8a91822a4a0b765c3a,6,438.62,3.8333333333333335,10.893604166666666,0.0,13820,jaguariuna,SP
ad8ada0ffa993cb1197d102d9ab21a3e,1,656.16,1.0,,0.0,38445,araguari,MG
ad8b531ae67582f096925cff5630d0d1,3,275.91,3.0,20.48488425925926,0.0,84172,castro,PR
ad97a199236354e53fcd91a5a913e9a2,17,14074.7,4.529411764705882,15.631237702546297,0.11764705882352941,88350,brusque,SC
adbc26658d6c7b4b6219f9d934598091,87,13603.06,4.114942528735632,17.280556885908897,0.16091954022988506,81770,curitiba,PR
adbe70ab2c97442046d393988c8d1d27,5,354.65,5.0,7.185418981481481,0.0,9321,maua,SP
adcf50477d6a1f5d91bb9d54c4903cb5,19,2223.8,3.263157894736842,23.48996021412037,0.15789473684210525,35530,claudio,MG
ade45994b717ccee333492330fbf037b,10,7479.63,4.5,8.410002314814815,0.0,87505,umuarama,PR
aded58c8142dedc5494a81f948431fab,4,420.57000000000005,3.75,8.741727430555555,0.0,22051,rio de janeiro,RJ
ae45ad30c2d2e5913094769690a239d2,1,283.06,5.0,19.199479166666666,0.0,14405,franca,SP
ae45df84722b1d15c5f32b23a095746c,9,1065.49,4.777777777777778,7.418199588477366,0.0,3062,sao paulo,SP
ae7ab174effdead6c241e547e4ca13f0,6,3910.18,4.333333333333333,9.565426311728395,0.0,86703,arapongas,PR
ae8bfdbf1c2a2a2dee92d799db0a31c6,8,486.14,4.125,8.8746875,0.0,85900,toledo,PR
ae9690c6e8fee182c28c9ff8e11ca52c,1,109.02,5.0,4.4846875,0.0,4361,sao paulo,SP
aeb36d67f1414f234d42a29e27cf1f17,4,3548.1,4.5,19.47006076388889,0.25,9060,santo andre,SP
aec99834ab5d38ead22766ada8497e87,1,476.51,5.0,7.261747685185185,0.0,83411,colombo,PR
af3ef48d0e13835e529c29ac573c63e5,21,1873.13,3.761904761904762,7.9285300925925934,0.047619047619047616,14802,araraquara,SP
af4a0e4cfe1d9c26b6712b1be25a72e5,20,9551.19,3.5,13.561322337962963,0.1,35670,mateus leme,MG
af7cdac9d9897cddead9c6b08976c642,6,694.01,3.6666666666666665,15.225084876543212,0.16666666666666666,18500,laranjal paulista,SP
afa6714acee029b2dfdf357e5579cc03,16,3603.58,4.25,12.73338179976852,0.125,13690,descalvado,SP
afac9f6b0c4e5f0a7ee87e922cd0f873,1,32.839999999999996,1.0,,0.0,17047,bauru,SP
afe0067131b73e40875c9b6c10bd2e21,46,6255.85,4.2,15.468515432098766,0.043478260869565216,35590,lagoa da prata,MG
b00af24704019bd2e1b335e70ad11f7c,1,207.25,5.0,15.554780092592592,0.0,40130,salvador,BA
b01c2b7b8599b325103ebcddc67413e1,4,242.12,4.75,8.455002893518518,0.0,95800,venancio aires,RS
b026643914f651e8371425e5b8a1e780,1,43.0,5.0,10.419143518518519,0.0,22783,rio de janeiro,RJ
b0398568231ba5e6734af1881671a317,4,788.88,4.0,13.211869212962963,0.0,29704,colatina,ES
b05b432bf68945d4d9783f9e3ca29ee8,2,250.89,4.5,5.414924768518519,0.0,16200,birigui,SP
b080809eaacb49e5ca07290981472431,11,567.4,4.818181818181818,10.537906144781145,0.0,30431,belo horizonte,MG
b0b346d3a89f5eb4c2968af3f083cd43,11,826.6,3.272727272727273,23.350222479423866,0.36363636363636365,13105,campinas,SP
b0f2a6122a90a93eb03e68653dd960e3,6,1758.28,4.833333333333333,7.8698900462962955,0.0,80710,curitiba,PR
b1204cfda1d4948679db3cfc0d3cb95c,7,3078.15,3.8333333333333335,9.825545910493828,0.0,7170,guarulhos,SP
b127efdabeffb5d559349c7b172eb75d,9,580.22,4.75,9.941805555555554,0.1111111111111111,4308,sao paulo,SP
b12cfd255810394b60caef18ae163547,2,726.15,4.5,15.839143518518519,0.0,85810,cascavel,PR
b14db04aa7881970e83ffa9426897925,81,8220.32,3.7435897435897436,16.16022889254386,0.1111111111111111,18048,sorocaba,SP
b16d3dadc47d4eb18be3d88bad0775ce,10,900.54,4.3,6.42946875,0.1,93608,estancia velha,RS
b17b679f4f5ce2e03ce6968c62648246,55,5160.82,3.709090909090909,19.22530671296296,0.16363636363636364,14090,ribeirao preto,SP
b18871c324516afa228a13e8f1ef0ae9,9,1308.4,3.4444444444444446,8.933315329218107,0.1111111111111111,4186,sao paulo,SP
b18dc380845b24038cfc48006478f099,44,9248.93,4.1395348837209305,12.824832848837211,0.1590909090909091,9951,diadema,SP
b19c48688808720822399ffa9f2dbe2f,1,984.8100000000001,5.0,6.303900462962963,0.0,4801,sao paulo,SP
b19f3ca2ea475913750f25a5c37c8d8f,24,7591.05,2.7916666666666665,18.389999390838206,0.25,35501,divinopolis,MG
b1a81260566c1bac3114a6d124413f27,50,10220.9,4.32,8.662812268518518,0.02,99500,carazinho,RS
b1aaae6b66ad3c40f54b389d7ea4bee0,14,1263.68,4.357142857142857,8.038198578042328,0.0,4714,sao paulo,SP
b1ac6ea7895bc3dd6f0f6f4abbdd2821,40,3964.33,4.35,10.18083455165692,0.0,92030,canoas,RS
b1b3948701c5c72445495bd161b83a4c,18,25185.489999999998,1.7222222222222223,23.403023313492064,0.5,3390,sao paulo,SP
b1fc4f64df5a0e8b6913ab38803c57a9,101,9533.33,3.9292929292929295,16.376828130729738,0.12871287128712872,24440,sao goncalo,RJ
b1fecf4da1fa2689bccffa0121953643,19,4066.72,4.947368421052632,10.201297514619883,0.0,79107,campo grande,MS
b2479f944e1b90cf8a5de1bbfde284d6,101,7014.68,3.4292929292929295,15.550995019640853,0.13861386138613863,14940,ibitinga,SP
b248792ac0b60ec3f93d80af1b4fae47,7,608.35,3.857142857142857,6.652924933862434,0.14285714285714285,9560,sao caetano do sul,SP
b26741d31a563d769b4af0465ab20c56,2,695.03,4.0,12.684010416666666,0.0,88061,florianopolis,SC
b274baf5bbd142410eb2958cf685d684,7,734.57,4.285714285714286,6.354259259259259,0.0,95780,montenegro,RS
b29d3380981c51df13fc6fbe87e1763d,6,533.88,3.8333333333333335,8.026134259259258,0.0,14057,ribeirao preto,SP
b2a6d334e2833acea353624840e25a0e,24,1999.3400000000001,4.625,10.81862606095679,0.0,4133,sao paulo,SP
b2ac621f0d0322434d04a12b078b9369,29,10217.8,4.392857142857143,14.953913633461047,0.10344827586206896,80220,curitiba,PR
b2ba3715d723d245138f291a6fe42594,336,58262.41,4.102719033232629,14.104543701983717,0.08630952380952381,3470,sao paulo,SP
b2bdc5e7940a7d7ca8c4a37953b27a42,1,312.49,,,0.0,13880,vargem grande do sul,SP
b2c97074649f92197d9387d9033dda5f,10,964.0799999999999,4.7,12.233510416666666,0.1,18604,botucatu,SP
b2eecf5ea250510da76590ca79d60e5d,9,1213.15,5.0,6.1671476337448565,0.0,3318,sao paulo,SP
b2f4d63c7203f539a78252565ca32257,1,35.74,5.0,13.007511574074075,0.0,28950,armacao dos buzios,RJ
b32be1695eb7ec5f10f72d9610a12527,45,29831.02,4.068181818181818,12.276737163299662,0.044444444444444446,95012,caxias do sul,RS
b335c59ab742f751a85db9c411a86739,32,3275.67,3.84375,16.420756305874843,0.03125,38442,araguari,MG
b33aaadd1a8891d2dfef0c4c3bdf0371,16,1863.04,3.9375,14.021278211805555,0.125,13481,limeira,SP
b33e7c55446eabf8fe1a42d037ac7d6d,150,47507.25,4.1866666666666665,16.37044666477702,0.12666666666666668,14850,pradopolis,SP
b347677812ea483b0f528eaf8cbc09b7,21,8159.83,4.523809523809524,13.219165564373899,0.0,82540,curitiba,PR
b372ee768ed69e46ca8cdbd267aa7a38,63,13813.84,4.436507936507937,12.494652410346854,0.0,15013,sao jose do rio preto,SP
b37c4c02bda3161a7546a4e6d222d5b2,4,24487.6,2.25,18.67324074074074,0.25,3667,sao paulo,SP
b3809b8d4394588a47c8470ea331e135,1,96.88,4.0,5.049641203703704,0.0,4810,sao paulo,SP
b39d7fe263ef469605dbb32608aee0af,42,6332.16,3.926829268292683,13.274865910117436,0.047619047619047616,14940,ibitinga,SP
b3b17aab11f273023a5f22ca52e1eb70,7,7325.35,4.857142857142857,16.551684854497356,0.14285714285714285,86065,londrina,PR
b3e2faf2c1004d674f16a3aa3197f0e1,3,95.24000000000001,5.0,6.792133487654321,0.0,14093,ribeirao preto,SP
b3f19518fcec265b2e97af287725f981,9,624.48,4.222222222222222,10.66591724537037,0.0,15170,tanabi,SP
b410bdd36d5db7a65dcd42b7ead933b8,44,8733.61,4.659090909090909,9.202473820546738,0.022727272727272728,74645,goiania,GO
b416191c9813d821a295cfabafff4161,2,150.14,2.5,19.298738425925926,0.0,14407,franca,SP
b43d8b707f887a30f4675391098354a0,3,1635.88,3.0,24.6128125,0.3333333333333333,44600,ipira,SP
b44dbfbf62e52125f3c15d230569ea91,4,699.0600000000001,4.75,4.995295138888889,0.0,4251,sao paulo,SP
b452cb0ae35044c4a53179c39f49fb06,2,101.98999999999998,4.0,16.722858796296297,0.0,18047,sorocaba,SP
b45d7ebfb7378630f1bcd74b6ff86ff7,5,1110.01,3.8,29.70025077160494,0.0,30285,belo horizonte,MG
b494891378bd8f4560abe576c52deacd,20,3270.82,4.65,5.474568104288499,0.05,4160,sao paulo,SP
b499c00f28f4b7069ff6550af8c1348a,149,12891.960000000001,4.13013698630137,11.43616713284465,0.12751677852348994,13481,limeira,SP
b4a476fbd28de64b1e347abf9089366a,32,6710.54,3.806451612903226,12.6794532247765,0.09375,6653,itapevi,SP
b4b447d715f9ab302a188fb43d3e96b3,5,779.6600000000001,4.8,3.623861111111111,0.2,4711,sao paulo,SP
b4f8921fcc4ff77b66bea6dda43dcd51,17,12385.53,4.529411764705882,7.776185321350763,0.058823529411764705,95034,caxias do sul,RS
b4ffb71f0cb1b1c3d63fad021ecf93e1,141,9059.22,4.264285714285714,10.063723792989418,0.02127659574468085,3880,sao paulo,SP
b55638ad525e906c698fa2ce742c1742,11,1385.67,4.181818181818182,23.431376262626262,0.18181818181818182,88780,imbituba,SC
b561927807645834b59ef0d16ba55a24,84,5923.56,4.337349397590361,12.692582534171075,0.14285714285714285,2955,sao paulo,SP
b566ab0ef88016e00422755e305103c6,5,1428.2199999999998,3.2,13.048136574074073,0.2,37640,extrema,MG
b56828a9f9027f3c918c04ca720d9e3c,3,471.61,2.6666666666666665,16.972858796296297,0.3333333333333333,11707,praia grande,SP
b56906f7fd1696e043f1bcce164c487b,40,3041.7799999999997,4.0,12.87296412037037,0.05,19830,echapora,SP
b57e8460909fa137df7951b4a3b5ea84,1,282.14,2.0,,0.0,90640,porto alegre,RS
b586cd24c010a13916af621b0325fbba,6,1372.93,3.8333333333333335,5.270991512345678,0.0,89164,rio do sul,SC
b5abf4f36adc043117b4fca82c22984c,10,1462.44,2.5,21.767319775132275,0.2,72251,brasilia,DF
b5b800c4065bebf4d3442311c9857344,1,88.81,5.0,6.455601851851852,0.0,3561,sao paulo,SP
b5bb2b985208834bd5bd86c7a402bbad,2,659.72,5.0,11.335590277777778,0.0,95800,venancio aires,RS
b5d034ac251546e25afe9067f05c1539,1,85.27000000000001,5.0,12.577013888888889,0.0,6852,itapecerica da serra,SP
b5dd7151a92ccaaa282cbe9681a05f44,1,103.7,5.0,13.437083333333334,0.0,14020,ribeirao preto,SP
b5e3e38609125694d2ea2417522a60b7,16,1296.18,4.3125,18.195497685185185,0.25,88020,florianopolis,SC
b5f0712d22a873b6797ab6cc65c3fcba,1,21.28,4.0,3.2610069444444445,0.0,2316,sao paulo,SP
b5f49fe968dff6b112861e6cd8e192ef,1,237.67000000000002,5.0,13.995439814814814,0.0,80710,curitiba,PR
b64d51f0435e884e8de603b1655155ae,17,795.76,4.294117647058823,7.401608796296296,0.17647058823529413,7077,garulhos,SP
b67d6c666e8dce1d078c882825e12704,7,457.03,4.857142857142857,7.684325396825396,0.0,3641,sao paulo,SP
b6c6854d4d92a5f6f46be8869da3fa1a,1,87.82000000000001,1.0,,0.0,1042,sao paulo,SP
b6d44737c043328708f6749c2dbe50bd,60,7065.85,4.55,7.8105906701192716,0.05,9230,santo andre,SP
b6dc74ed30f124f95227bed4e43a3bed,11,747.59,4.0,18.03835390946502,0.09090909090909091,86702,arapongas,PR
b6e1504972665f739dec4facb9943775,14,1710.3700000000001,4.357142857142857,11.147410714285714,0.07142857142857142,13405,piracicaba,SP
b6f52e346160519c24a23af05410ad32,1,143.25,4.0,12.60994212962963,0.0,1254,sao paulo,SP
b74d1c09cb380e1d03a6f859c6f4224b,30,3103.47,4.233333333333333,11.001055635376757,0.13333333333333333,20061,rio de janeiro,RJ
b76a1f8356322f12529c37b67d5c96c2,5,354.89000000000004,4.8,7.468219907407407,0.0,11015,santos,SP
b76dba6c951ab00dc4edf0a1aa88037e,159,4881.88,4.178343949044586,10.381203408822836,0.031446540880503145,3237,sao paulo,SP
b76f4d90e85657a240495c876313adc5,1,318.3,5.0,2.6615972222222224,0.0,13185,hortolandia,SP
b77a27b1864483e721dc831d5ba4afa0,2,70.42,3.5,8.473414351851853,0.0,25251,duque de caxias,RJ
b7ba853e9551f4558440881fd3e5c815,2,414.78999999999996,1.0,34.95599537037037,0.0,95500,santo antonio da patrulha,RS
b7cc6c5e001441ae8cdd5c69a480cbe4,6,872.3,4.166666666666667,12.828016203703703,0.0,89520,curitibanos,SC
b7d5b4b87af9d42b601865d3f3810bff,2,1090.02,2.0,8.628703703703703,0.0,88020,florianopolis,SC
b7e1750c1157341d2abd0251e07c186b,3,220.56,4.333333333333333,10.344594907407407,0.0,5741,sao paulo,SP
b7ed9fb14c8eadb37adb9c45d67ab0fb,7,787.75,3.2857142857142856,12.563201058201058,0.0,12331,jacarei,SP
b8114f2f589a6804810f04f99b36b498,8,1692.03,4.75,4.987507233796297,0.0,9633,sao bernardo do campo,SP
b81e3a6c866a764974fe849821abeebd,8,1053.01,4.625,6.141940104166666,0.0,9360,maua,SP
b839e41795b7f3ad94cc2014a52f6796,33,43749.93,4.090909090909091,6.671601430976431,0.030303030303030304,9541,sao caetano do sul,SP
b83cedfb587e7911540e3f576d6917ce,24,2607.77,4.208333333333333,10.15885368441358,0.08333333333333333,4870,sao paulo,SP
b8555308bfdb4ca1ed54325a58da9a97,26,3630.03,4.0,10.219418625356125,0.07692307692307693,9751,sao bernardo do campo,SP
b8578d2d823bd8e251f6fdd02b40902d,8,1442.24,4.875,10.123227719907407,0.0,89069,blumenau,SC
b8630e1121437d41cb08e3c749c2c2e2,12,7334.1,4.333333333333333,11.137473958333333,0.16666666666666666,25070,duque de caxias,RJ
b86a47b3366e3b5424a7b225781f4908,1,106.35,3.0,14.259398148148149,0.0,37900,passos,MG
b87a7ea0c30fad2dd6781b74a0064859,9,637.75,3.4444444444444446,15.243249742798355,0.3333333333333333,4133,sao paulo,SP
b88e7c57cb2d8b973b7dd4a2bfa14b36,4,419.67,4.25,9.365081018518518,0.0,81350,curitiba,PR
b8a0adc91af209270c2c725168eb00fd,6,433.17,4.0,11.105634645061729,0.0,14940,ibitinga,SP
b8bc237ba3788b23da09c0f1f3a3288c,45,15621.16,4.318181818181818,11.744737139917694,0.022222222222222223,88303,itajai,SC
b8d890108a7a80e4f5d59eea9f362438,2,124.28999999999999,3.5,13.931145833333334,0.5,81110,curitiba,PR
b906dd0e57f282c7089171b6ed07982e,1,124.85,4.0,6.647511574074074,0.0,87083,parana,PR
b90e891671cffd9557f33a97dc523645,33,4945.48,4.303030303030303,7.751396254208755,0.0,83010,sao jose dos pinhais,PR
b92e3c8f9738272ff7c59e111e108d7c,61,10750.18,4.213114754098361,16.877004971159682,0.03278688524590164,36502,uba,MG
b94cc9f10ddc85e4ba73a6f7974e7101,39,26368.489999999998,4.297297297297297,10.580454059829059,0.07692307692307693,27930,macae,RJ
b98b715fe9e276204e2a3464f48cd796,6,517.62,3.3333333333333335,11.317511574074075,0.16666666666666666,3827,sao paulo,SP
b9a03475e6447e631b6799ec8274800f,10,1644.0800000000002,4.2,10.848541666666666,0.0,85830,formosa do oeste,PR
b9c0ffa92f3ff9a5a3d45ef7213c0842,3,572.17,5.0,21.183537808641976,0.0,8246,sao paulo,SP
b9ca8e8baa5d4aa038394a700f63e69f,14,1677.95,4.214285714285714,9.672949735449736,0.07142857142857142,3001,sao paulo,SP
b9de031b671cd48b28fae9d828cbf2b4,1,198.69,5.0,9.232627314814815,0.0,4283,sao paulo,SP
b9ec22de23f18567de0e09d776ca0309,2,382.47,5.0,6.534861111111111,0.0,72318,brasilia,DF
ba143b05f0110f0dc71ad71b4466ce92,85,7505.37,4.416666666666667,10.241654395359214,0.15294117647058825,2274,sao paulo,SP
ba5daa4041e1f15cdf34b76e3e18a450,15,959.35,4.266666666666667,5.692246141975308,0.0,4363,sao paulo,SP
ba6b4a237f92479743cf0ca06b67a9ac,8,913.71,4.25,12.598758680555555,0.125,23550,rio de janeiro,RJ
ba6b68b55fe8704377a7d43c8e5c0185,5,832.22,4.2,10.590298611111113,0.0,30130,belo horizonte,MG
ba6ce6de456f6c11d08c17701ba5c26f,6,874.51,4.166666666666667,12.412860725308642,0.16666666666666666,18044,sorocaba,SP
ba89796db68db180bd389de96b2ff3b6,2,353.26,5.0,8.601232638888888,0.0,5763,sao paulo,SP
ba8e85df286308fe68a2ce83a8f8b2d6,1,97.66000000000001,5.0,9.845416666666667,0.0,88135,santa catarina,SC
ba90964cff9b9e0e6f32b23b82465f7b,38,45523.5,4.421052631578948,10.018161245126706,0.05263157894736842,7140,guarulhos,SP
baa49d93c8c8841e27400a300f5d74b2,6,334.42,4.5,12.282937885802468,0.16666666666666666,88113,sao jose,SC
bab0a8cd684e41ba6e2637dca0979d3b,1,289.03999999999996,5.0,13.315324074074073,0.0,22793,rio de janeiro,RJ
babcc0ab201e4c60188427cae51a5b8b,1,93.13,5.0,8.19707175925926,0.0,13660,porto ferreira,SP
bac44fa8e13424950488659b5f765c41,1,34.42,5.0,8.709305555555556,0.0,4534,sao paulo,SP
bac692d6c0ed08467878018e6cc9c26c,1,559.23,4.0,7.197361111111111,0.0,89041,blumenau,SC
bacb1f0ed56ad24198f5810d2b3fe9a5,41,7655.01,4.051282051282051,9.978799424424425,0.024390243902439025,12328,jacarei,SP
baeda7047354773262ba2405f97038ba,1,50.1,5.0,23.479270833333334,0.0,13471,americana,SP
baf15155e37ef5492731459bdc05be8a,1,55.72,5.0,33.05329861111111,0.0,5715,sao paulo,SP
bafc5aa11e413978be29040f51342e70,9,1829.47,3.7777777777777777,13.440901491769546,0.1111111111111111,30130,belo horizonte,MG
bb135baca94c82fcb731335ad5b04a03,17,1465.78,3.176470588235294,9.149803240740741,0.0,4362,sao paulo,SP
bb2afe2061d53c6968aa0cffa233a8ec,5,644.02,4.8,4.431162037037037,0.0,4307,sao paulo,SP
bb3dca718920a4d7ec3cc9ffb025108b,2,201.7,3.0,11.942725694444444,0.0,8011,sao paulo,SP
bb5bd94c8f59cc050072d2930c869cac,14,2504.71,4.357142857142857,15.283638392857142,0.07142857142857142,5008,sao paulo,SP
bb5d956dece964a06c12bceb66b923ae,2,1328.5,5.0,10.383778935185186,0.0,20930,rio de janeiro,RJ
bb7a14e229b1c95156719c3d9552eeee,11,3519.45,4.181818181818182,11.600447916666667,0.09090909090909091,23095,rio de janeiro,RJ
bb7ad8a45c027be8ab075b8e465f8ca0,2,52.620000000000005,5.0,5.669924768518518,0.0,88056,floranopolis,SC
bba3293d6f5d5af2f415e004e8b93ae3,17,12028.79,4.294117647058823,12.072742374727667,0.058823529411764705,4726,sao paulo,SP
bba74270a87732727b5a3b4fd9ac1c39,36,6760.4400000000005,3.9722222222222223,9.715594576719576,0.0,32604,betim,MG
bba8d0c234a52b87b3957037a215d1a4,1,139.53,5.0,23.839618055555555,0.0,74343,goiania,GO
bbad7e518d7af88a0897397ffdca1979,67,5868.01,3.227272727272727,13.534163685465769,0.16417910447761194,1512,sao paulo,SP
bbaff50f3b708fda865918715276cd87,11,588.29,4.7272727272727275,10.922392676767677,0.18181818181818182,12940,atibaia,SP
bbd3acfe6de99892e73940d3fdceaf68,1,46.43,5.0,3.1538194444444443,0.0,9111,santo andre,SP
bbe87dce25ba8b38bb61cc7210a3f10b,2,355.39,5.0,6.258229166666666,0.0,13870,sao joao da boa vista,SP
bbf4a892cac7b82422baa711dffb8997,1,105.34,5.0,3.0054398148148147,0.0,82200,curitiba,PR
bbf9ad41dca6603e614efcdad7aab8c4,14,8622.26,4.5,13.931492228835978,0.0,60348,fortaleza,CE
bc07d855eac23aab5ac8a120f21d16b2,12,1496.18,4.166666666666667,13.383661616161616,0.16666666666666666,8710,mogi das cruzes,SP
bc2ac6b95e1accce9858528ee566c17e,18,2279.56,4.555555555555555,4.748575102880658,0.0,13085,campinas,SP
bc302730ea8cf49b5c74f579febb5bbf,11,2930.1699999999996,3.8181818181818183,11.243857323232323,0.09090909090909091,13015,campinas,SP
bc30de0d71bd6260b936a026b5cf7200,3,482.84999999999997,4.666666666666667,12.237530864197531,0.0,13920,pedreira,SP
bc39d8938f90a3a2b98193723ed59774,2,329.11,4.0,4.553125,0.0,7791,cajamar,SP
bc47d5d1490df2b36add65d733eafaba,22,1391.76,3.4545454545454546,13.452268518518519,0.09090909090909091,9163,santo andre,SP
bc503e244f187939d10c92a5c8e378ce,7,1092.43,3.2857142857142856,11.930763888888889,0.14285714285714285,16200,birigui,SP
bc8c8d665ec4664d286be0d521722b19,1,30.82,2.0,8.033923611111112,1.0,4851,sao paulo,SP
bca9230d3bbb4efa51872bf605a2f1ad,5,168.2,4.0,7.055643518518518,0.2,4296,sao paulo,SP
bcc9dd23e2a8bd8267cf92b19304a1b9,3,246.22000000000003,2.3333333333333335,22.54966049382716,0.6666666666666666,14940,ibitinga,SP
bccf933e006e9b94a6184af782963e77,45,5047.21,4.5227272727272725,11.69805066872428,0.022222222222222223,19806,assis,SP
bcd2d7510d58e293f20fad6438c1b314,1,39.46,,33.19689814814815,1.0,81540,curitiba,PR
bce6a5ecf98e99fd2a8868b15c51f04b,14,3706.5,4.071428571428571,11.760042162698413,0.21428571428571427,7180,guarulhos,SP
bcf5566870987da7bc811fbc8c5b9fd9,1,127.12,1.0,,0.0,3378,sao paulo,SP
bd0389da23d89b726abf911cccc54596,87,9227.1,4.172413793103448,13.635255826947636,0.08045977011494253,71691,brasilia,DF
bd0a1b0aadca9a83d9304f7e8ff5fbd5,4,233.06,4.5,5.896536458333333,0.0,1212,sao paulo,SP
bd149ed516d4c5d418d5781f8e18919f,8,555.94,4.875,8.387290219907406,0.0,7241,guarulhos,SP
bd15ee794d5e640d9dd71b665b2ab15b,12,680.03,4.0,14.46503375771605,0.16666666666666666,14078,ribeirao preto,SP
bd1d49a326abfa9b1036772e40445430,12,826.2,4.181818181818182,12.412584876543209,0.08333333333333333,17017,bauru,SP
bd23da7354813347129d751591d1a6e2,87,11898.12,4.0,9.93446414792769,0.04597701149425287,3971,sao paulo,SP
bd43e172d599bed47a85da877172ca8c,1,42.19,5.0,12.473587962962963,0.0,89280,sao bento do sul,SC
bd4431c1a8dfa744b59e1e2a8bc99b9e,7,1013.59,4.571428571428571,7.122043650793651,0.0,20761,rio de janeiro,RJ
bd4889b5e9133b35b66e42a8665cea5c,36,7256.54,4.4,10.282339248971192,0.0,2963,sao paulo,SP
bd4ff04377f974574f7f0bf9d6ce7dde,4,215.10000000000002,3.5,21.992728587962965,0.25,17370,santa maria da serra,SP
bd65d163ded559eb90a10cd09fec178f,1,38.480000000000004,4.0,4.471331018518518,0.0,3526,sao paulo,SP
bd697db56ff8e7c9cd1abeb7f72029b2,21,3309.9700000000003,4.285714285714286,11.267516782407409,0.0,3533,sao paulo,SP
bdae679a9b282249bc23b9b69dae9a99,5,738.85,4.0,11.135222222222222,0.0,72210,brasilia,DF
bdb3edbaee43a761e2d4f258dc08f348,4,221.37,3.75,13.099615162037038,0.25,18680,lencois paulista,SP
bdf0d02d36a1d839d0c39c4a887cdd49,5,215.95,5.0,8.347087962962963,0.0,16200,birigui,SP
be1e9e378700cecaa4ebf71433d7915c,2,157.51,3.0,48.17583912037037,1.0,14025,ribeirao preto,SP
be3b4b0f050a6aa1b2d901c4b77e979f,3,733.7199999999999,4.0,8.301018518518518,0.0,84430,imbituva,PR
be67f78487e2cecb0d55bc769709e4f5,1,125.64,5.0,10.03462962962963,0.0,32419,ibirite,MG
be7a093e5b4d147b36b72bb1f9e415e5,1,83.25999999999999,5.0,5.3288773148148145,0.0,85900,toledo,PR
be8e909810184b9b19e886129149d8e5,15,846.08,3.7333333333333334,15.356016203703705,0.2,13418,piracicaba,SP
be9a160a9011f627c3e121d076c1ec7b,7,3182.52,3.5714285714285716,14.817761574074074,0.0,89256,jaragua do sul,SC
beadbee30901a7f61d031b6b686095ad,63,5259.74,3.9365079365079363,14.129264770723104,0.25396825396825395,7097,guarulhos,SP
bec568278124768c474ee90971ca94d1,2,331.38,4.5,3.4400520833333337,0.0,3553,sao paulo,SP
bede56095ba33c42038fb85f707b8a42,2,4184.77,4.5,12.575914351851853,0.0,13271,valinhos,SP
bee36b4f9a2b9fdcaff6ec05df202ed0,2,53.48,3.0,13.397164351851853,0.0,3308,sao paulo,SP
bf00385a5f7fc1ef39a13c2e9ee50a5f,29,1213.03,4.310344827586207,5.772894758597884,0.0,1224,sao paulo,SP
bf0045791395e66460eb04749c68672a,2,155.25,4.0,14.245839120370372,0.0,4256,sao paulo,SP
bf0d50a6410d487dc97d2baac0a8c0be,1,37.16,2.0,,0.0,13408,piracicaba,SP
bf100ecb7997df312b285358fb32f92c,20,2337.01,4.444444444444445,9.656619212962962,0.0,83070,sao jose dos pinhais,PR
bf3c6d2a28b2b5501e6c15448982dcc9,35,4648.150000000001,4.6,11.815347552910053,0.02857142857142857,4180,sao paulo,SP
bf84056e679dbe9c69929847a40e338f,36,2477.32,3.75,12.677086640211641,0.08333333333333333,2537,sao paulo,SP
bf961104a38e01b9062ee026bb657dee,4,665.46,4.5,9.057149884259259,0.0,14055,ribeirao preto,SP
bfd27a966d91cfaafdb25d076585f0da,117,22645.05,4.278260869565218,12.418292417966212,0.05128205128205128,13930,serra negra,SP
bfd938b22bc99bce1ae60dc602889f52,6,1118.2600000000002,3.8333333333333335,11.562456597222223,0.0,22775,rio de janeiro,RJ
bff9deb0ec77d437f3305a79cf25529e,5,242.74,4.0,6.972201388888888,0.0,13481,limeira,SP
c003204e1ab016dfa150abc119207b24,196,29752.99,4.466666666666667,9.644464132302407,0.0663265306122449,7790,cajamar,SP
c00396cbdd2e088fe4281baa5920aef1,1,905.8500000000001,5.0,12.10460648148148,0.0,83535,campo magro,PR
c004e5ea15737026cecaee0447e00b75,2,4874.32,1.0,33.83170138888889,0.5,2035,sao paulo,SP
c0098efcf800861dcae589affca31408,9,1376.74,4.777777777777778,11.417037037037037,0.1111111111111111,14080,ribeirao preto,SP
c013e57c075a06e5b5c48ee03c525719,41,2955.55,4.317073170731708,9.369772752935862,0.07317073170731707,13568,sao carlos,SP
c026ef0d72e9132d9fa112308090c8dc,1,557.72,4.0,11.181145833333334,0.0,20766,rio de janeiro,RJ
c03121937e54a93fcc1825c3098bbb6e,7,1197.94,5.0,11.15910052910053,0.0,82800,curitiba,PR
c04d70d515d15a7e3db3a73320598566,3,214.82,5.0,6.294768518518519,0.0,24020,niteroi,RJ
c0563dd588b775f2e37747ef6ad6c92c,27,3973.13,4.444444444444445,10.86502872085048,0.1111111111111111,9220,santo andre,SP
c092292535a57dacd95a8765f5518f87,1,143.98,5.0,8.097824074074074,0.0,26600,paracambi,RJ
c0aff2da32c17759d30b22fb0af6649d,4,272.33000000000004,3.75,7.762465277777777,0.0,88032,florianopolis,SC
c0e0b73d039eb9a99b6ce4cb7a429cd3,1,37.56,5.0,4.986238425925926,0.0,89170,laurentino,SC
c0e6839516f5398edc34adf5f1d53d1a,3,520.84,2.6666666666666665,5.102037037037037,0.0,11430,guaruja,SP
c0f3eea2e14555b6faeea3dd58c1b1c3,1,95.64999999999999,5.0,5.6671875,0.0,4195,sao paulo,SP
c0f783394e37cd9c9d7f5f81141450fa,6,336.75,3.6,13.170179398148148,0.0,13416,piracicaba,SP
c113b8df1fc375bc3d73d29c1b1144d1,3,400.87,4.333333333333333,6.7548109567901236,0.0,8021,sao paulo,SP
c12b92bf1c350f3e6bf88d3596219c86,16,5176.56,3.8125,10.62228515625,0.0625,17400,garca,SP
c12d7463a579237ffb9248bd7cff378b,1,34.62,4.0,11.243993055555556,0.0,8275,sao paulo,SP
c13ef0cfbe42f190780f621ce81f2234,1,451.28,3.0,28.063055555555554,1.0,1207,sao paulo sp,SP
c13fb473e7cb8b83ccd543c094df0608,2,83.52,3.5,12.762152777777779,0.0,5319,sao paulo,SP
c1552b1dab6e6f760950368ae61fb600,2,68.69,2.5,5.066215277777777,0.0,12215,sao jose dos campos,SP
c157bdeedcbc9a8e3c8bf0d87ff24428,7,722.97,4.428571428571429,12.136866732804233,0.0,18120,mairinque,SP
c161d1327ebc3a156c09582ab2f59f6c,3,76.33,3.0,3.5126793981481486,0.0,3521,sao paulo,SP
c18309219e789960add0b2255ca4b091,1,24.0,5.0,14.187407407407408,0.0,20521,rio de janeiro,RJ
c1849d4d32d7a6cecd5aa471809d3135,3,430.71,4.333333333333333,5.419305555555556,0.0,9070,santo andre,SP
c1d1ebb4745cc43cb6f05e9c8a705c9a,3,110.6,2.3333333333333335,26.52927083333333,0.3333333333333333,8070,sao paulo,SP
c1dde11f12d05c478f5de2d7319ad3b2,1,19.89,1.0,3.2347337962962963,0.0,1026,sao paulo,SP
c1ed9e3daf6154542826a6996af0fb8c,9,1300.64,3.888888888888889,16.930416666666666,0.1111111111111111,88308,itajai,SC
c1f12f926d0ba950578b4fa41115cbb6,2,556.5600000000001,4.0,36.750966435185184,0.5,4317,sao paulo,SP
c200c73f9d7e5a08ca439d6a0803da7c,1,68.2,1.0,,0.0,83507,almirante tamandare,PR
c24173065483e421f9e5e7f599de101d,9,491.21000000000004,3.5555555555555554,15.815204475308642,0.1111111111111111,3548,sao paulo,SP
c26a2be5b53b7db6b276280da212a779,13,8288.85,3.3846153846153846,14.082574786324786,0.0,28630,nova friburgo,RJ
c26ba52cf8d2f34915f2f6b7ffa0a3f3,4,172.65,4.0,7.716890432098765,0.0,21510,rio de janeiro,RJ
c273175f7c6c80fb02f051e2fc6d0d72,14,1443.45,3.7857142857142856,10.586340112433861,0.07142857142857142,5849,sao paulo,SP
c286ec035ee04ba81c97508f0b5df544,2,565.9,2.5,14.242025462962962,0.0,81320,curitiba,PR
c2bda99904207edd1834f03e0022b007,2,101.68,2.5,12.421550925925926,0.0,8280,sao paulo,SP
c2d70ce2c5d0a2eb75e78668236e6dc8,13,2699.92,4.615384615384615,8.32455039173789,0.0,4275,sao paulo,SP
c31eff8334d6b3047ed34bebd4d62c36,119,15644.95,3.864406779661017,12.881057692307692,0.14285714285714285,13322,salto,SP
c3251e13f1bbda6c74e37c160f991e19,2,513.08,5.0,13.26116898148148,0.0,13660,porto ferreira,SP
c32fc744b9160ac853450488e3cfea93,2,192.36,3.0,13.703229166666667,0.0,14020,ribeirao preto,SP
c33847515fa6305ce6feb1e818569f13,110,19848.989999999998,3.890909090909091,9.358242003367003,0.045454545454545456,88359,brusque,SC
c33a5c3c983090c8b78a28e65052a20d,8,686.1800000000001,4.625,12.428540013227513,0.0,88802,criciuma,SC
c353f8fc0ce8344999f17d578eb69a5e,2,212.57,5.0,9.96112847222222,0.0,90850,porto alegre,RS
c35672b10ad50968f567ea3f4b91e877,18,1515.35,4.5,11.607548868312756,0.05555555555555555,26551,mesquita,RJ
c35affa65afd250151285c5917fc1c8a,9,5993.92,4.0,17.26103443287037,0.1111111111111111,8050,sao paluo,SP
c360e4787614ed31ac7a2f95d3b22dc6,1,218.95000000000002,2.0,12.66162037037037,0.0,18681,lencois paulista,SP
c37b2059d4f90d4feead554e5246565e,11,1317.1100000000001,3.5454545454545454,17.786983375420874,0.2727272727272727,5170,sao paulo,SP
c3867b4666c7d76867627c2f7fb22e21,242,42267.91,3.919831223628692,15.537684362139919,0.1115702479338843,14580,guara,SP
c394e193cda3b4225ff2094d32184849,3,3611.4399999999996,3.6666666666666665,11.452471064814816,0.0,4104,sao paulo,SP
c398bc00a606d33758afd91f4e64fd15,2,165.5,4.5,3.7029050925925926,0.0,21740,rio de janeiro,RJ
c3aad7dc65449ae90a5e9c3c6c1e78e0,6,640.36,4.666666666666667,7.48622299382716,0.0,15350,auriflama/sp,SP
c3acdfac4e3e97ff87529454fbc03642,12,17057.280000000002,4.25,11.161102430555557,0.08333333333333333,5705,sao paulo,SP
c3cfdc648177fdbbbb35635a37472c53,273,48424.43,4.511111111111111,9.778413419142586,0.02564102564102564,80610,curitiba,PR
c3e1abd72a42fe690fcd89cf5720fe29,13,1967.58,4.461538461538462,4.309395477207977,0.0,13840,mogi guacu,SP
c3e2398fcc7e581cda2e546557bf6968,1,30.130000000000003,5.0,11.835428240740741,0.0,4781,sao paulo,SP
c3ee2331a724e6fc02c4b698b57a73f3,2,1487.88,3.0,6.262175925925925,0.0,5108,sao paulo,SP
c3f5668699a1b04c0fa61ecea1e2bff6,3,514.9300000000001,5.0,12.12863811728395,0.0,86808,apucarana,PR
c3fe93ba3085f92855c97e57f38c8c05,7,358.97,5.0,13.222635030864197,0.0,81510,curitiba,PR
c42fd8e4d47dfb18ce5222f2dd7752f9,7,628.63,3.8,26.340785383597883,0.2857142857142857,6246,osasco,SP
c43d924a0f1688ee9fae0efcd6f539d4,1,45.01,4.0,21.502858796296298,0.0,20710,rio de janeiro,RJ
c447f8dd3ed213f291d65ef074a268eb,7,777.23,3.7142857142857144,11.032149470899471,0.0,19802,assis,SP
c458e2045a8aa8964f8879af03fdcce6,4,691.7,2.75,16.03906539351852,0.0,9572,sao caetano do sul,SP
c4af86330efa7a2620772227d2d670c9,4,5760.96,4.333333333333333,15.150208333333333,0.0,8840,mogi das cruzes,SP
c4b911d06343b21dd906651f8101cb49,2,141.33,1.0,,0.0,17560,vera cruz,SP
c4d51195486dc781531876a7d00453d8,17,12038.35,3.9411764705882355,23.733787445533768,0.29411764705882354,19023,presidente prudente,SP
c4f7fee5b0db50e87766f5a4d1b1b758,8,12533.599999999999,2.875,11.528446759259259,0.0,18085,sorocaba,SP
c4fabeea6e569d42d02993bb1f4f1cbc,11,1136.52,4.0,21.726757154882154,0.09090909090909091,60741,fortaleza,CE
c4fb51fb1c5b7c07bc5e67be6e7e8f6e,15,2126.61,3.533333333333333,16.625010030864196,0.13333333333333333,80060,curitiba,PR
c500367424994318b9e779ff1ae9a330,9,4658.389999999999,3.7777777777777777,16.712573302469135,0.1111111111111111,13145,paulinia,SP
c510bc1718f0f2961eaa42a23330681a,13,13211.869999999999,4.0,6.957580054012346,0.0,13330,indaiatuba,SP
c522be04e020c1e7b79f3acff36513d5,7,838.3,3.5714285714285716,15.649359567901234,0.2857142857142857,6501,santana de parnaiba,SP
c52c644cc0dc85121207a27013efc6af,1,680.96,5.0,7.146863425925926,0.0,36325,tiradentes,MG
c53bcd3be457a342a97e39e5a9f0be22,3,406.79,3.3333333333333335,12.948846450617284,0.0,49980,neopolis,SE
c542f5a8c64d973f30e9df8d06f70b4a,1,98.31,1.0,,0.0,2013,sao paulo,SP
c54679b132454625907c773d273d4126,7,1196.02,4.857142857142857,6.164588293650794,0.0,11443,guaruja,SP
c5e60e39c0f42b8e827daa13cff74afa,5,209.48,4.8,4.07137962962963,0.2,3449,sao paulo,SP
c5ebe6598748b0aeaa61cfb820478b92,3,337.16999999999996,4.666666666666667,4.9036535493827165,0.0,95910,lajeado,RS
c5f7e746b7e6d07def6c0dae9903279b,9,1593.48,4.555555555555555,5.663479938271605,0.0,81350,curitiba,PR
c5f7feb04a6a1fb3596322bfc3cf1917,11,2635.3,4.2727272727272725,10.024396043771043,0.09090909090909091,9571,sao caetano do sul,SP
c60b801f2d52c7f7f91de00870882a75,40,13767.44,3.325,16.393526133040936,0.2,7174,guarulhos,SP
c611f4ce9ce875bcc063fa97fd4d7d12,1,332.25,4.0,4.072800925925926,1.0,12944,atibaia,SP
c6218512d16fcac0af02fe92691cf274,7,696.03,4.0,16.056547619047617,0.14285714285714285,32315,contagem,MG
c6381b1321d7d97717a5bb4ed5b77882,2,100.00999999999999,3.0,4.809027777777778,0.0,4276,sao paulo,SP
c6381d2d013342748761e906d45aff76,15,2614.26,3.8666666666666667,16.018105709876544,0.0,93180,portao,RS
c64a2aec32cc408a8a4c6d7c46017f91,9,3628.17,3.888888888888889,21.510210905349794,0.0,95625,imbe,RS
c66dccfb3f109511246da627dd5a2498,44,13955.14,4.534883720930233,11.561708387166236,0.045454545454545456,11900,registro,SP
c679fb69a36e1d8349e8c50a217b4d58,14,2325.8199999999997,3.8461538461538463,11.072147817460317,0.14285714285714285,95020,caxias do sul,RS
c68fb906c8f4b4b946d8386bfa6e5467,45,5433.61,4.5227272727272725,10.923065072016461,0.022222222222222223,14870,jaboticabal,SP
c6a7539d424a8402232c2228d7a03c5e,10,1001.32,3.1,14.271766203703702,0.1,3191,sao paulo,SP
c6bda72e4dbf5c5866b13cb1810c6d03,57,15171.33,4.428571428571429,10.304739278752436,0.03508771929824561,3087,sao paulo,SP
c70a353f02429c00775a46a75fb787da,6,336.94,4.666666666666667,6.758491512345679,0.0,8275,sao paulo,SP
c70c1b0d8ca86052f45a432a38b73958,260,40509.49,4.3882352941176475,8.086841484341484,0.08461538461538462,13186,hortolandia,SP
c714262700f93defc16bf17a51a4cb23,3,396.38,4.666666666666667,10.03570987654321,0.0,2751,sao paulo,SP
c716e0b86ed568878475b60fbb6323ad,1,50.230000000000004,5.0,7.47505787037037,0.0,22783,rio de janeiro,SP
c7246702dc991a06d788120dc7544391,1,72.52,5.0,20.98670138888889,0.0,60440,fortaleza,CE
c72de06d72748d1a0dfb2125be43ba63,21,18733.18,4.476190476190476,9.696403218694886,0.0,46430,guanambi,BA
c731d18cea9bf687ffee82a241c25b11,23,4633.39,4.333333333333333,7.883910527375201,0.0,89701,concordia,SC
c747d5b92c7648417faea95d36d763e8,1,224.75,5.0,12.949432870370371,0.0,61800,pacatuba,CE
c74f14c1e26cf1bd5bd34b6a1e274426,1,55.79,5.0,24.23091435185185,0.0,89900,sao miguel do oeste,SC
c76d418370990614e89e956c7a7567d9,2,369.77,3.5,10.554403935185185,0.0,6787,taboao da serra,SP
c79151301b9d90985d1fa52879213105,4,453.11,3.75,9.062461419753086,0.0,87083,maringa,PR
c794dab4928dd97beb41d05514441e86,16,1544.59,4.375,13.794497974537038,0.125,13160,artur nogueira,SP
c7a0a13cbcf29d5ce51c8f80afdc0b89,8,657.8,4.125,10.866258680555555,0.0,89170,laurentino,SC
c7b7db6c8f3c64a7cc1afa634db21d50,1,1511.86,1.0,33.21452546296296,1.0,4367,sao paulo,SP
c7bb64409aa480bb7d0335faaaf3d242,4,165.16,2.25,5.879091435185185,0.0,89218,joinville,SC
c7c7b2682c648339a0e9846bb1023a39,2,199.68,4.5,10.275578703703705,0.0,12916,braganca paulista,SP
c7dcd301ecfe5ab7f778ac172cf74be7,4,519.83,2.5,25.347723765432097,0.0,30120,belo horizonte,MG
c7fdb77fdbff3c41981bc52f787e959e,9,803.11,3.5555555555555554,16.38001591435185,0.2222222222222222,9111,santo andre,SP
c8025364abeecb115431bf95c11a747f,2,971.28,4.5,7.962546296296296,0.5,90630,porto alegre,RS
c8143b3069f6746a77421b5ce30a450c,1,185.88,5.0,24.404675925925925,0.0,75345,abadia de goias,GO
c826c40d7b19f62a09e2d7c5e7295ee2,353,51105.56,4.085714285714285,13.315297537573805,0.09348441926345609,7133,guarulhos,SP
c840d3fdbba0790404fdae73d253b253,9,4881.93,3.5555555555555554,12.156665380658437,0.0,81530,curitiba,PR
c8417879a15366a17c30af34c798c332,26,2331.58,4.28,9.306368518518518,0.11538461538461539,4445,sao paulo,SP
c84592044b180dec206770c38603814b,15,736.2,4.2,12.918706183862435,0.0,1026,sao paulo,SP
c8467937e403e76a8ee9f0ab13f6f5ef,30,2442.7400000000002,4.071428571428571,16.945050925925926,0.13333333333333333,37704,pocos de caldas,MG
c847e075301870dd144a116762eaff9a,42,16460.780000000002,4.170731707317073,16.930350327461607,0.09523809523809523,38022,uberaba,MG
c85d7b477a709c85a1e8b8f25aa1b270,1,107.22,1.0,,0.0,9640,sao bernardo do campo,SP
c864036feaab8c1659f65ea4faebe1da,58,12299.77,4.568965517241379,12.280721982758621,0.034482758620689655,83605,campo largo,PR
c8660dcf9ba70575f45d80fe28c27713,4,438.99,4.5,14.991455439814814,0.25,2040,sao paulo,SP
c8665a4dd081a2c436b1cd921079d0d9,1,93.53,5.0,4.243194444444445,0.0,14750,pitangueiras,SP
c8771b1a10bb99bb34d3c459c5cffb53,1,96.10000000000001,5.0,6.815891203703703,0.0,36512,tocantins,SP
c878515173c84a492ebe50d6b493230b,9,1308.04,4.0,16.798422067901235,0.2222222222222222,85880,itaipulandia,PR
c87abc38c8ed3240861729e1aeadf221,1,148.68,1.0,10.748113425925926,0.0,5713,sao paulo,SP
c88f62b4c386a59281014d677864d016,1,1350.5,1.0,,0.0,86707,arapongas,PR
c89cf7c468a48af70aada384e722f9e2,14,971.01,4.0,14.189191468253968,0.07142857142857142,25730,petropolis,RJ
c8b0e2b0a7095e5d8219575d5e7e1181,83,13739.77,4.097560975609756,10.246994505800982,0.07228915662650602,8598,itaquaquecetuba,SP
c8b3445d737de6befde0c88ede534a5e,30,3979.17,4.433333333333334,11.700679398148148,0.03333333333333333,5734,sao paulo,SP
c8c1bea22194a4eefa2dc9a9fa89f536,7,1558.73,5.0,8.498819444444445,0.0,88210,porto belo,SC
c8cc60ffd415254af5d9b9f34f32c369,8,916.23,4.75,5.47861255787037,0.0,18053,sorocaba,SP
c8e135e7b21ecbc36c1153a29d2f5a06,7,1267.48,4.857142857142857,8.14822585978836,0.0,1411,sao paulo,SP
c963a25b8671419c6ce9eebe8fd03218,1,68.32,5.0,6.8539814814814815,0.0,23943,angra dos reis rj,RJ
c97aa4ee7420f937da13b7f9e2228b99,1,106.78,1.0,10.80730324074074,0.0,93510,novo hamburgo,RS
c990d6cf976a5718aaedc539f383ab88,10,341.99,3.3,19.757588252314815,0.3,13145,paulinia,SP
c9a06ece156bb057372c68718ec8909b,14,5229.62,3.0,11.487320075757577,0.0,73020,brasilia,DF
c9aafcd0621b2207c10e32c649cada4d,43,3870.7999999999997,4.093023255813954,8.801058879392214,0.09302325581395349,8011,sao paulo,SP
c9c7905cffc4ef9ff9f113554423e671,125,12652.48,4.152,11.180715462962961,0.104,6871,itapecerica da serra,SP
c9d2ba8dde44a275ae06475ed1d2fafc,1,43.31,5.0,8.417430555555555,0.0,38400,uberlandia,MG
c9e5ad1f6647f5dbd1172adf6ae3cada,4,319.97999999999996,4.75,9.245217013888889,0.0,90240,porto alegre,RS
ca3bd7cd9f149df75950150d010fe4a2,71,13283.88,4.0,13.584718137254903,0.04225352112676056,4361,sao paulo,SP
ca4b77513ac2040591b0d8fae6958380,14,1973.6200000000001,4.5,7.763539186507936,0.21428571428571427,9190,sando andre,SP
ca5832c6960267b71041f74bb39e8b12,1,97.71000000000001,1.0,45.16071759259259,1.0,89820,xanxere,SC
ca77545ca4d2dfd1431bf61334e2fa3c,6,973.71,4.666666666666667,13.23924189814815,0.0,87020,maringa,PR
ca7c6bd577e559472af1c699de9e764e,6,218.82,4.333333333333333,4.6808198302469135,0.0,9812,sao bernardo do campo,SP
caa9bc43a9fe8cf9c564ddd8a03cc4a6,13,1037.74,4.666666666666667,9.549083867521368,0.07692307692307693,12308,jacarei,SP
cab85505710c7cb9b720bceb52b01cee,205,14266.65,4.2711442786069655,10.17160630787037,0.024390243902439025,2252,sao paulo,SP
cac4c8e7b1ca6252d8f20b2fc1a2e4af,72,5811.02,3.6714285714285713,18.439802099634846,0.2222222222222222,13347,indaiatuba,SP
cac4e0bc1a3269fa2b6ea5e763f6115b,2,108.02000000000001,5.0,11.330792824074074,0.0,88351,brusque,SC
cac63f48c38cd7d002a7e846dcd99a23,9,901.86,4.777777777777778,6.6873611111111115,0.0,13170,sumare,SP
cac876b37d3abcd6bd76caca30277996,26,2850.2999999999997,4.52,9.977665153133902,0.038461538461538464,85816,cascavel,PR
cad10cc982ab6a391570c211b995c17c,1,60.19,5.0,4.2977893518518515,0.0,18701,avare,SP
cad9969167c09b48ae6f1d123f7fa68d,2,70.18,3.0,3.389236111111111,0.0,37706,pocos de caldas,MG
cb0b3bcf14e0a709df412a99424a59d7,2,507.43,4.5,22.21970486111111,0.0,4255,sao paulo,SP
cb162c8eef257253782d245c08d9097c,1,49.120000000000005,5.0,10.642743055555556,0.0,6419,barueri,SP
cb32766839f443db85c82a43c4a6c19e,2,265.51,3.0,19.473778935185187,0.0,13506,rio claro,SP
cb3dd9ce66268c7a3ca7241ac70ab58c,50,3725.71,4.214285714285714,14.009482060185185,0.06,3028,sao paulo,SP
cb41bfbcbda0aea354a834ab222f9a59,12,4888.68,3.3333333333333335,37.56390677609428,0.3333333333333333,3520,sao paulo,SP
cb4a705d00e100b9732d0ca34817d441,1,1080.56,1.0,24.12673611111111,0.0,88032,florianopolis,SC
cb5df0dcb9e280b1780e9d589889f2c7,16,3689.21,2.6,21.566878156565654,0.125,15115,bady bassitt,SP
cb5ff1b9715e99589f3e0c7a6afab9e3,4,139.03,4.0,6.08377025462963,0.0,87060,maringa,PR
cb6c9f5888a7a090c75beaf615925792,10,971.1800000000001,4.1,10.676763888888889,0.1,29100,vila velha,ES
cb810bd318f51b3dc3c753944d61a1fa,1,1789.02,4.0,12.295810185185186,0.0,24240,niteroi,RJ
cb8bcce248bb1fb274ba762d8b971456,67,10486.91,4.2388059701492535,12.703325498575499,0.014925373134328358,37540,santa rita do sapucai,MG
cb9fb4ca75d7ba8437480e8dde64fe98,9,632.46,4.222222222222222,9.417282664609054,0.0,3551,sao paulo,SP
cbbd5ae8f53de5f5097cd8217b529e24,2,422.25,2.5,20.768761574074073,0.0,6544,santana de parnaiba,SP
cbd996ad3c1b7dc71fd0e5f5df9087e2,164,11224.57,4.132911392405063,12.917492866293967,0.08536585365853659,15081,sao jose do rio preto,SP
cbf09e831b0c11f6f23ffb51004db972,10,1815.4,4.4,5.281611111111111,0.0,9726,sbc/sp,SP
cc1f04647be106ba74e62b21f358af25,1,20.189999999999998,1.0,13.295810185185186,0.0,2739,sao paulo,SP
cc3d14116804f7209f3884f6367f1152,26,6015.53,4.615384615384615,13.003660078347577,0.038461538461538464,82940,curitiba,PR
cc419e0650a3c5ba77189a1882b7556a,1703,131218.59,4.079436450839329,11.598655672700916,0.059307105108631825,9015,santo andre,SP
cc5a78bbad32776dc4e3af205218368c,31,4482.2699999999995,4.451612903225806,8.404080421146952,0.03225806451612903,35501,divinopolis,MG
cc63f0dd2acba93ffed4fe9f8e0321fa,55,8496.68,4.090909090909091,8.998671506734008,0.0,15025,sao jose do rio preto,SP
cc80e2f693fa6e2408f47ccf62413fc1,2,508.63,4.0,14.152598379629628,0.0,81050,curitiba,PR
cca3071e3e9bb7d12640c9fbe2301306,688,76642.95,3.915407854984894,14.274894444444444,0.056686046511627904,14940,ibitinga,SP
ccada0ef508e698917a6eab263375905,3,231.96,3.6666666666666665,9.912824074074074,0.0,85948,pato bragado,PR
ccb83a794700270fde70898fe9ff368b,12,12785.73,4.333333333333333,16.59214988425926,0.16666666666666666,88960,sombrio,SC
ccbd753e6863fe7314dc6c0ca5a074e7,1,596.56,4.0,11.860879629629629,0.0,89046,blumenau,SC
ccc4bbb5f32a6ab2b7066a4130f114e3,186,79074.36,4.298913043478261,15.915562133171422,0.07526881720430108,80310,curitiba,PR
cce6ab8d1682639fe45ab70234f1665f,63,3690.14,4.403225806451613,15.35970267911354,0.047619047619047616,81020,curitiba,SP
ccf8813e5a7d6c84d865cd38bfc2b130,25,3089.23,4.52,11.676341666666668,0.08,12080,taubate,SP
cd06602b43d8800bd0afad514919d35c,42,3165.13,3.761904761904762,12.696745144534777,0.047619047619047616,4119,sao paulo,SP
cd2169d9f31ff6fbb9ca3373b0c9e354,1,625.33,4.0,15.16494212962963,0.0,28633,nova friburgo,RJ
cd233f8bfa30ebfd651f47ee7d054951,1,98.56,5.0,9.33625,0.0,16208,birigui,SP
cd3d09fbe6e3e9ff0c0ac0c300e93ae7,12,880.23,4.166666666666667,11.708241705246913,0.08333333333333333,13380,nova odessa,SP
cd52a8efd71af3336b14b5039b951cc1,3,287.61,2.3333333333333335,11.198726851851852,0.0,88136,palhoca,SP
cd68562d3f44870c08922d380acae552,125,20777.19,3.943548387096774,16.261454823163326,0.176,14050,ribeirao preto,SP
cd6efc47efaabf134f8bdb654e10b4f1,30,4603.96,4.466666666666667,8.665869984567902,0.1,23050,rio de janeiro,RJ
cd843d4cf8ef32827de0396605163ba3,5,2612.56,3.8,16.075208333333332,0.0,36071,juiz de fora,MG
cda598c48d7c614bc1cad7d8ff6f0010,16,1324.27,4.125,8.126241319444444,0.0,15137,mirassol,SP
ce20a2ec1514c25e16f2b5b39bc818f0,4,496.03,4.75,14.237659143518519,0.25,5186,sao paulo,SP
ce248b21cb2adc36282ede306b7660e5,65,17515.06,4.171875,15.71954517505787,0.1076923076923077,89251,jaragua do sul,SC
ce27a3cc3c8cc1ea79d11e561e9bebb6,135,13011.87,3.9,10.19712668867638,0.022222222222222223,3006,sao paulo,SP
ce33c6211beaa8fef4cae8b52db39862,1,63.519999999999996,3.0,18.732430555555556,0.0,8655,suzano,SP
ce3ad9de960102d0677a81f5d0bb7b2d,1,174.21,5.0,4.042291666666666,0.0,20031,rio de janeiro,RJ
ce4755084bc097113867e6454f8f5e52,1,31.689999999999998,5.0,6.389606481481482,0.0,14090,ribeirao preto,SP
ce616e1913288884e7742faac9d981db,14,592.52,4.571428571428571,6.956814458689459,0.07142857142857142,6711,cotia,SP
ce69a8021d18961dd2a40269b7c2c293,18,5169.900000000001,4.666666666666667,10.604083719135803,0.1111111111111111,81070,curitiba,PR
ce7d1888639e6fb06b2749cbfdac1ff7,77,15195.33,4.194805194805195,14.713933080808081,0.09090909090909091,37443,baependi,MG
cea729054f157f5870bdd321a958d994,23,2842.66,4.217391304347826,7.495333132045089,0.043478260869565216,3161,sao paulo,SP
ceaec5548eefc6e23e6607c5435102e7,202,59189.18,4.141414141414141,13.049971622955443,0.0594059405940594,3821,sao paulo,SP
ceb7b4fb9401cd378de7886317ad1b47,1,416.45,3.0,,0.0,22790,04482255,RJ
cecd97bc34ed8330bd4cd15713eda670,1,76.5,1.0,7.138460648148148,0.0,89819,cordilheira alta,SC
cee48807215b30a12ca2ca10ffb5f250,38,8086.27,3.861111111111111,24.088422270955167,0.15789473684210525,11431,guaruja,SP
cf1313c6e2c01c2f4b014f97db4bcd2b,5,397.0,5.0,8.240326388888889,0.2,22050,rio de janeiro \rio de janeiro,RJ
cf2384dd2f1dddea3f838efed0945e65,16,2534.94,3.9375,14.251440248842593,0.0,13930,serra negra,SP
cf281cf8b7affbdfe751b29cc85580e1,1,90.23,1.0,,0.0,61760,eusebio,CE
cf654707ed6a99f112c7ec3d6f314b8b,3,789.54,4.666666666666667,5.250501543209876,0.0,4615,sao paulo,SP
cf6f6bc4df3999b9c6440f124fb2f687,1,12.22,,,0.0,4937,sao paulo,SP
cf8ab1616079e2793aa29d524df01bb1,9,15150.37,2.0,26.407038966049384,0.1111111111111111,4088,sao paulo,SP
cfa5ab0e4d3fc212fd0b3410e7081c62,15,6815.26,3.8666666666666667,12.102824900793651,0.0,36500,uba,MG
cfb1a033743668a192316f3c6d1d2671,137,15603.33,4.125,12.26829260651629,0.11678832116788321,18110,votorantim,SP
cfd7ddab722b902f7ac5b5f3ba6d723d,12,4058.11,4.75,5.445188078703704,0.0,32372,contagem,MG
cfe94489ddd337d1e29e12f2a7205d10,20,2672.82,4.3,6.922806134259259,0.1,3178,sao paulo,SP
d03698c2efd04a549382afa6623e27fb,18,10825.78,4.5,14.709746013374485,0.05555555555555555,45658,ilheus,BA
d05ae8f7a5bd1d2a690a44cd079e4e27,76,14205.13,3.9066666666666667,11.468392438271605,0.09210526315789473,22775,rio de janeiro,RJ
d06d019f72a04e5497a0b64190af170c,17,2641.44,4.529411764705882,8.503113425925925,0.058823529411764705,6703,cotia,SP
d0d70d21e2234dd7cd3cf63fe414148a,7,798.89,4.714285714285714,9.305324074074075,0.0,58865,sao bento,PB
d101c6da914ae3d53f7bee42283f2fe2,13,1557.55,3.6153846153846154,13.331282941595443,0.07692307692307693,8072,sao paulo,SP
d12c926d74ceff0a90a21184466ce161,77,5208.72,4.368421052631579,8.785449228395063,0.012987012987012988,2634,sao paulo,SP
d13e50eaa47b4cbe9eb81465865d8cfc,67,8012.84,4.82089552238806,5.039004454264871,0.208955223880597,9210,santo andre,SP
d149de2f383552baea37a7198c2296ce,3,354.37,5.0,4.890138888888889,0.0,4193,sao paulo,SP
d1582f4043306e6b91afa6a8a884f898,9,1121.92,4.111111111111111,12.108569958847736,0.1111111111111111,3445,sao paulo,SP
d17f467e4bf608a510c20d82f4ba3b6b,12,3556.55,4.0,12.06053451178451,0.16666666666666666,95098,caxias do sul,RS
d180e07dc1e58c31c3f0cd599dc4d945,1,72.96,3.0,7.997523148148148,0.0,30620,belo horizonte,MG
d197aa8fbc64087f61984deef05f6227,6,630.65,4.833333333333333,7.411525848765432,0.0,12224,sao jose dos campos,SP
d1a1b40ec554c593a1a99366746289dd,1,64.22,2.0,,0.0,85501,pato branco,PR
d1a5cc844736958c11b8efab9a2b4c87,1,254.01,1.0,30.294270833333332,1.0,80310,curitiba,PR
d1aa1ec0839dcab73a6161130eb1f94a,1,136.04000000000002,4.0,35.02212962962963,1.0,80220,curitiba,PR
d1b65fc7debc3361ea86b5f14c68d2e2,40,13141.8,4.55,9.19198806980057,0.05,13844,mogi guacu,SP
d1b9d4be4b6f9ebd85f8acd6745ba612,10,1213.4,4.5,11.264960648148149,0.0,34006,nova lima,MG
d1c281d3ae149232351cd8c8cc885f0d,203,32019.73,3.9030612244897958,12.942317221305464,0.09359605911330049,14940,ibitinga,SP
d1c7fa84e48cfa21a0e595167c1c500e,11,1409.0500000000002,4.545454545454546,12.296719276094278,0.0,99730,jacutinga,RS
d1e2fe627180431ffda076abb303c56f,1,298.05,1.0,,0.0,25900,rio de janeiro,RJ
d1ef48b38baca7e831711c4a0aeb398f,29,2236.12,4.448275862068965,9.90965484457672,0.10344827586206896,86800,apucarana,PR
d20b021d3efdf267a402c402a48ea64b,82,5649.86,3.7875,17.47510194088319,0.18292682926829268,14940,ibitinga,SP
d23019c84ffae2d5ef2270367b8605fc,39,32096.18,4.410256410256411,11.277978395061728,0.02564102564102564,86073,londrina,PR
d2374cbcbb3ca4ab1086534108cc3ab7,507,30515.64,3.8141414141414143,14.793156461919667,0.05917159763313609,14940,ibitinga,SP
d2572f31e9023e9850ef986a636ff9bf,1,305.69,5.0,10.130671296296295,0.0,30640,belo horizonte,MG
d25aa0aaacb370e912f8cf6efeba38b3,16,3189.4500000000003,4.5625,8.620612702546296,0.0625,89108,massaranduba,SC
d263fa444c1504a75cbca5cc465f592a,1,444.07,5.0,9.542453703703703,0.0,13478,americana,SP
d26aa40b90272d4843d63be7c1462c8d,2,177.42000000000002,4.5,4.590243055555556,0.0,3065,sao paulo,SP
d297f1055de2956aedfd3b04113dce3e,1,61.94,4.0,3.8065277777777777,0.0,13382,nova odessa,SP
d29ba1220fb8634fa3a107e54497b8a4,9,907.86,3.2222222222222223,6.488707561728395,0.0,13560,sao carlos,SP
d2df77822373f19934e87694d8640767,2,196.4,3.0,22.154542824074074,0.0,86706,arapongas,PR
d2e753bb80b7d4faa77483ed00edc8ca,13,1815.18,3.769230769230769,13.605608974358974,0.07692307692307693,45810,porto seguro,BA
d2f3e277560ed4c6361284429b00f037,6,497.15000000000003,4.666666666666667,8.856514274691358,0.0,12942,atibaia,SP
d32e3909cfb714fb2a6cb092c85b9c5f,10,3078.8999999999996,3.5,22.51067476851852,0.3,13215,jundiai,SP
d354c38a7182125a748cb10474fe963b,18,1926.18,4.25,13.723873229847493,0.05555555555555555,28495,aperibe,RJ
d3674f271c91f824f82d24d92011f669,20,2101.82,4.1,13.77093576388889,0.1,72233,brasilia,DF
d36b07fd3c5088e477a72d1fccfe29d4,1,339.85999999999996,5.0,13.235810185185185,0.0,18200,itapetininga,SP
d379f449f2a3b271bc01c0782020f705,28,5590.11,3.892857142857143,13.299655257936507,0.03571428571428571,35500,divinopolis,MG
d3891911c2feae53c52fea2bd14054e5,2,166.99,5.0,4.062760416666666,0.0,6760,sao paulo,SP
d3dcf0604eabf0224fbd5948b5e02f69,9,3067.41,3.888888888888889,17.632256944444446,0.3333333333333333,3654,sao paulo,SP
d3e7d37c0df9aef383f3f2a15b0dddfb,1,201.34,5.0,13.07738425925926,0.0,83050,sao jose dos pinhais,PR
d3f39f05462b79a4562d35893a28f159,33,3138.85,3.696969696969697,11.901556351273149,0.12121212121212122,13730,mococa,SP
d4828feed4cda2cd9d6b37899a95a71e,1,62.11,2.0,13.50712962962963,0.0,63020,juzeiro do norte,CE
d4910f1cdcfdabd48d6b316e395d4a23,11,1361.92,4.909090909090909,6.125251473063972,0.09090909090909091,9190,santo andre,SP
d4a5e99e0dd915df64ba55a7fbd583fd,2,149.75,3.0,12.585381944444444,0.0,5041,sao paulo,SP
d4d99b60c4c94cd35acd502cec65dc8d,1,87.29,3.0,19.08181712962963,0.0,4904,sao paulo,SP
d4e12e7884759a14fa0f5f896c791cae,29,1839.6699999999998,4.620689655172414,8.422430954661559,0.06896551724137931,2242,sao paulo,SP
d4e4b5192cba4e0e66eb12a9d347239d,12,652.0899999999999,4.166666666666667,13.376001683501682,0.0,85904,toledo,PR
d4f117125b59ce73c3302f88ee40c458,17,998.61,4.823529411764706,7.728728894335511,0.0,4058,sao paulo,SP
d4f91e8be86b38da2ee35bc489645a9d,1,61.160000000000004,5.0,17.22824074074074,0.0,12512,guaratingueta,SP
d4ffeb15b67e81ff9af2b4252d99fb7e,11,1724.81,4.3,9.353339646464645,0.0,12943,atibaia,SP
d50d79cb34e38265a8649c383dcffd48,69,14911.8,4.235294117647059,12.990906132581857,0.07246376811594203,8290,sao paulo,SP
d51e0a403fe2e689ece6c73359d96e12,19,8463.02,4.105263157894737,14.026194058641975,0.10526315789473684,17580,pompeia,SP
d52cbce9845184537284a23c3bc3da0e,2,138.78,5.0,10.566354166666667,0.0,88495,garopaba,SC
d558ebe531605a1285ab2b1bc3256dfb,3,782.23,4.666666666666667,9.418445216049383,0.0,35501,divinopolis,MG
d566c37fa119d5e66c4e9052e83ee4ea,64,6017.73,4.682539682539683,5.835555193865741,0.03125,4131,sao paulo,SP
d57e18d5f73c7ccb7f7339b61166898d,60,4046.0,4.440677966101695,9.294000578703704,0.03333333333333333,3613,sao paulo,SP
d58d521f3789def2e7a22715e0badd93,2,84.2,3.5,4.854195601851852,0.0,3643,sao paulo,SP
d594982fd877af63ace38ea1fca27c76,7,309.7,4.428571428571429,8.089442791005292,0.0,1031,sao paulo,SP
d598f929fc44e1e38678e7f47250ec04,1,107.30000000000001,5.0,11.235752314814814,0.0,73801,formosa,GO
d5b9a084373da994a6e37f732169a853,6,1637.09,4.0,20.341801697530865,0.3333333333333333,9182,santo andre,SP
d5ba419e26d246a0719437cf37d9b46d,34,4626.59,3.909090909090909,9.783186377665544,0.11764705882352941,3437,sao paulo,SP
d5c530f4884a75ae0dba9c148718d278,5,249.25,4.0,11.618726851851852,0.2,35660,centro,MG
d624126b9206f595fb3fbb6ba03b28a8,23,7768.5,4.318181818181818,11.358020833333335,0.043478260869565216,80045,curitiba,PR
d63c73efd41eb002280e7ec831424edb,2,5766.59,4.0,6.290329861111111,0.0,13405,piracicaba,SP
d63f306de130e0391d38a792541723b8,1,56.6,5.0,3.3584722222222223,0.0,3236,sao paulo,SP
d650b663c3b5f6fb392b6326366efa9a,59,19901.86,4.254237288135593,9.863419105489417,0.06779661016949153,6713,cotia,SP
d65f31d2413268e671989503f6cf9993,2,559.95,1.0,,0.0,13160,artur nogueira,SP
d66c11a9572221d92fbb8c4897db5f9b,16,1164.38,4.5625,8.548737702546296,0.0,20770,rio de janeiro,RJ
d66c305afaec317ebee552073a674429,41,6191.78,4.325,9.693951023391813,0.024390243902439025,33936,ribeirao das neves,MG
d673a59aac7a70d8b01e6902bf090a11,76,5995.68,3.96,14.202574926900585,0.10526315789473684,14940,ibitinga,SP
d6ab728cf30867cf3f1a2e216ae2f9b7,12,2233.82,4.416666666666667,10.844957561728394,0.0,3185,sao paulo,SP
d6b1ce66b035a475f00c017792ff9769,90,14466.55,4.3522727272727275,10.2327829218107,0.06666666666666667,13327,salto,SP
d6b664fa0667064c6d76394e7848d790,6,6404.34,4.833333333333333,17.545335648148146,0.16666666666666666,14801,araraquara,SP
d6cd01c59123df02fc226eadbadb5f89,2,276.11,3.0,18.50306712962963,0.0,1207,sao paulo,SP
d71d863e5ef30d94e440c11be17dcd8f,28,12615.33,2.88,19.225216224747474,0.10714285714285714,6144,osasco,SP
d73cbd89533ce8b041a9190241453ac8,4,433.62,3.5,12.21965663580247,0.0,36525,guiricema,MG
d7485b33791774c36108f8c69602d48d,9,519.64,4.0,8.553671553497942,0.1111111111111111,81020,curitiba,PR
d7827b2af99326a03b0ed9c7a24db0d3,1,1556.7,5.0,13.849085648148149,0.0,86076,londrina,SP
d79e8478eed9999493990b44955fb22e,5,802.61,4.0,8.199113425925926,0.2,20081,rio de janeiro / rio de janeiro,RJ
d7ab82074b5f1dfba46db123df101bff,2,83.97,4.5,5.941001157407407,0.0,12941,atibaia,SP
d7b2377bae6ace1b11fc69a11900ac36,4,381.56,3.25,19.543175154320988,0.25,2415,sao paulo,SP
d7d517afce974cd491b8d52bb5b5b1fc,1,108.72,4.0,13.544733796296295,0.0,3508,sao paulo,SP
d7f1cfc638473be93baedbfd02208016,1,47.14,5.0,12.67605324074074,0.0,26112,belford roxo,RJ
d85efbc8eff2b7adf524e2820569adc8,1,63.29,5.0,2.9467476851851853,0.0,5268,sao paulo,SP
d8b8f2cf9ff6ba0389072541cb42498c,1,169.01,5.0,12.159155092592593,0.0,73813,formosa,GO
d8bf0fc082fd4a77fc2e5679b6c00133,1,149.04000000000002,5.0,7.092939814814815,0.0,3184,sao paulo,SP
d8c7ba53e7e38711eaef8c2849d6d2e1,22,1821.1299999999999,4.5,8.109704335016835,0.0,87120,floresta,PR
d8cf3b6a2151949f930d0252b180ec42,6,1300.33,3.5,7.142662037037037,0.0,87160,mandaguacu,PR
d8d9567d0bfb0bc7eb845a205ba42657,3,105.71,4.333333333333333,16.208337191358023,0.6666666666666666,3688,sao paulo,SP
d8dd176509baa37f359644d082bf7f7b,2,229.9,1.5,30.358559027777776,1.0,9570,sao caetano do sul,SP
d90fe2229fee1a5da999ccd0c06c1667,3,516.91,4.666666666666667,9.816265432098765,0.0,3416,sao paulo,SP
d91fb3b7d041e83b64a00a3edfb37e4f,535,50180.51,4.096267190569745,11.27949595349166,0.0616822429906542,11704,praia grande,SP
d921b68bf747894be13a97ae52b0f386,76,17175.079999999998,4.605263157894737,9.947837627923978,0.013157894736842105,35570,formiga,MG
d93844a9c55ba7ce353388bcf849ea56,12,3229.52,4.25,16.796326195987657,0.08333333333333333,82320,curitiba,PR
d93919c944be9cff128f6c9cb899eacb,33,3624.01,4.0,22.92127034231201,0.18181818181818182,13375,mombuca,SP
d93b8458c6fe139d85cfa5eadbf55bd2,1,34.0,5.0,5.977627314814815,0.0,2238,sao paulo,SP
d9442042130b7fe579d1295f9f4a248f,19,1111.04,4.368421052631579,10.679895833333333,0.05263157894736842,3550,sao paulo,SP
d94a40fd42351c259927028d163af842,97,16891.78,4.26595744680851,14.077261043595678,0.041237113402061855,37443,baependi,MG
d94ba08b99bedd6a5f6c875ecc4a6fac,9,778.27,4.777777777777778,12.503735532407408,0.0,86800,apucarana,PR
d97df38225e5abadaff1e72cb72b823c,29,2496.18,3.925925925925926,12.152008101851852,0.1724137931034483,9560,sao caetano do sul,SP
d98eec89afa3380e14463da2aabaea72,167,10359.68,4.355421686746988,8.556917553781327,0.023952095808383235,90010,porto alegre,RS
d9a84e1403de8da0c3aa531d6d108ba6,54,2670.5099999999998,4.509433962264151,7.519655616701606,0.05555555555555555,3562,sao paulo,SP
d9b00a97818674c7f8d8b1ef0e689679,1,79.08000000000001,3.0,2.203148148148148,0.0,84035,ponta grossa,PR
d9bd94811c3338dceb4181f3dbc0c73e,54,7682.11,4.796296296296297,8.041346021947874,0.1111111111111111,4186,sao paulo,SP
d9c349beabc06aa6ff1c6d68b5e9e22e,1,205.64999999999998,5.0,21.02513888888889,0.0,3586,sao paulo,SP
d9cb0052a666de5308b32f32ad5f1b1c,2,163.42,5.0,13.51877314814815,0.0,15400,olimpia,SP
d9cd369bffa979d1634f8e1318bf2f1b,3,744.81,5.0,11.24925925925926,0.0,15115,bady bassitt,SP
d9d43faf741ceaa8da52fdbb81d9e0e3,6,421.25,3.6666666666666665,9.143130787037038,0.0,36010,juiz de fora,SP
d9e7e7778b32987280a6f2cb9a39c57d,11,986.39,3.5454545454545454,18.465708122895624,0.36363636363636365,3304,sao paulo,SP
d9e8c084b68fe958861d8f2c21202e6b,9,3231.86,4.333333333333333,10.330096450617283,0.0,5528,sao paulo,SP
da03c298e3999e9d828591fc2179d109,4,842.48,4.75,9.591380208333334,0.0,4041,sao paulo,SP
da20530872245d6cd9d2f5725613c430,2,394.22,4.5,10.269930555555556,0.0,95650,igrejinha,RS
da2782c804606d2a5d8e1760dbb3e7ec,1,103.37,1.0,32.77846064814815,1.0,2022,sao paulo,SP
da3fede3469bf49b7293ce3fc45b294d,1,57.69,5.0,11.242916666666666,0.0,8743,mogi das cruzes,SP
da4d149c0ddbac90557103ac0a0ec356,1,775.98,3.0,,0.0,9861,sbc,SP
da6a60cc8cc724fe51be021ff8be779c,12,984.58,4.75,7.834971064814815,0.0,28941,sao pedro da aldeia,RJ
da7039f29f90ce5b4846ffc0fcc93beb,17,1759.38,4.529411764705882,9.274008033769062,0.058823529411764705,9041,santo andre,SP
da8622b14eb17ae2831f4ac5b9dab84a,1298,186278.25,4.185534591194968,11.227674147361647,0.07704160246533127,13405,piracicaba,SP
dace965ca58120f92f8d742a9fa1864b,8,1573.77,4.625,8.051372974537037,0.0,14015,sao paulo,SP
dadc51ef321949ec9a3ab25cd902e23d,1,99.34,1.0,,0.0,4821,sao paulo,SP
daeb5653dd96c1b11860f72209795012,40,2938.06,4.0875,11.650112694931773,0.075,31310,belo horizonte,MG
daf565f087a52def0fd5c5825b3661bc,8,1032.6200000000001,3.857142857142857,9.657155671296296,0.125,88350,brusque,SC
db1f0f7c7e5e87f40b62226f020bb297,3,123.73,4.666666666666667,9.605447530864199,0.0,83322,pinhais,PR
db2956745b3a8e9f3785c99f34b5d25e,46,9503.69,3.8260869565217392,14.470914351851853,0.10869565217391304,11600,sao sebastiao,SP
db4350fd57ae30082dec7acbaacc17f9,133,5613.639999999999,4.183206106870229,10.654338173400673,0.03759398496240601,3126,sao paulo,SP
db46ca7bce82b11f7e247539271fc390,16,1340.1599999999999,4.5625,8.149848090277779,0.0,23080,rio de janeiro,RJ
db6a4d4b5f1f5f98820ce6ce2619e2de,1,148.15,5.0,3.113460648148148,0.0,2968,sao paulo,SP
db7ed69a53aa9fb1c01930ba54a88bbe,1,120.78,5.0,3.9548032407407407,0.0,13820,jaguariuna,SP
dbb9b48c841a0e39e21f98e1a6b2ec3e,107,9284.13,4.261682242990654,9.865325263932156,0.037383177570093455,3929,sao paulo,SP
dbbcfe2c8d026742134ac3e28ccde274,4,362.96999999999997,4.0,8.287314814814815,0.0,81630,curitiba,PR
dbc22125167c298ef99da25668e1011f,399,41342.67,4.297979797979798,11.501403722844291,0.02506265664160401,37564,borda da mata,MG
dbc51f5e45d654ecc16cb68e6817ecea,1,218.13,4.0,17.74240740740741,0.0,14402,franca,SP
dbd66278cbfe1aa1000f90a217ca4695,84,6677.41,4.506024096385542,9.299991181657848,0.05952380952380952,5588,sao paulo,SP
dbdd0ec73a4817971d962698f2fea022,16,8174.799999999999,4.375,12.651514756944445,0.0625,60710,fortaleza,CE
dbec9a0a7efeff029d4d9dce7dc4cc95,3,1288.59,4.0,11.927997685185185,0.0,31920,belo horizonte,MG
dc120d932ddf9d4dfb6fd68beefda622,1,296.1,1.0,14.64236111111111,0.0,83010,sao jose dos pinhais,PR
dc317f341ab0e22f39acbd9dbf9b4a1f,55,22658.91,4.1454545454545455,12.409295244107744,0.05454545454545454,94910,cachoeirinha,RS
dc4a0fc896dc34b0d5bfec8438291c80,224,28540.13,3.8587962962962963,14.033896799609241,0.06696428571428571,14940,ibitinga,SP
dc50afafdfa325eadc890c7fa42a8f4e,4,481.48,4.75,6.205685763888889,0.0,87050,maringa,PR
dc64d75cc406bb0697be983831430e60,4,905.55,4.75,10.212702546296295,0.0,31560,belo horizonte,MG
dc7192adf8ba09569261f4a8d576afe0,6,969.31,4.333333333333333,6.290896990740741,0.0,18401,itapeva,SP
dc8798cbf453b7e0f98745e396cc5616,41,2680.7,3.048780487804878,13.457997354497355,0.04878048780487805,5455,sao paulo,SP
dcb7367a92f5ffb89f1e2152ed260285,1,98.34,5.0,10.07724537037037,0.0,17700,osvaldo cruz,SP
dcf3755cefcdc158ad0b7bdde51e871b,3,359.03000000000003,4.0,13.252658179012345,0.0,96503,cachoeira do sul,RS
dd264199fc8b687ad029de7de6d760e6,1,108.60000000000001,5.0,18.080567129629628,0.0,85815,cascavel,PR
dd2bdf855a9172734fbc3744021ae9b9,108,12853.88,3.8461538461538463,15.350510802469136,0.05555555555555555,31255,belo horizonte,MG
dd39ad39b5d3df33037e141c72497ba6,2,164.85000000000002,5.0,8.673096064814814,0.0,4282,sao paulo,SP
dd4d95ba2d15c071e6c695e2ef6ce169,4,1962.41,4.25,14.406846064814815,0.5,29315,cachoeiro de itapemirim,ES
dd533b429f380718b70ad9922c294bae,39,4425.82,3.871794871794872,17.471407657657657,0.1282051282051282,14781,barretos,SP
dd5450b022b2d00a2145a66331e1aef6,1,81.34,5.0,7.1822337962962965,0.0,89208,joinville,SC
dd55f1bb788714a40e7954c3be6df745,35,7701.18,3.742857142857143,18.29500925925926,0.17142857142857143,1021,sao paulo,SP
dd58ee93286b0821565574c570e9e1dc,2,3023.31,5.0,12.036979166666667,0.0,81650,curitiba,PR
dd7ddc04e1b6c2c614352b383efe2d36,119,12220.789999999999,3.830508474576271,15.237490387633397,0.15966386554621848,3471,sao paulo,SP
dd88d13bea9e4c2bf47daf224f8141e5,1,487.38,5.0,5.675613425925926,0.0,95900,lajeado,RS
dd8a29ce82d5c705ba932d81494600a5,2,233.25,3.5,8.930642361111111,0.0,8220,sao paulo,SP
dd9661d3cda1e6feb237f0c4d8b26f2e,1,190.98,5.0,18.197858796296295,0.0,89620,campos novos,SC
dda37071807e404c5bb2a1590c66326f,1,219.27,5.0,16.582835648148148,0.0,3282,sao paulo,SP
ddd51ae8cda92f3995a51fc0f0f3eec7,8,1119.62,4.625,8.139163773148148,0.0,23062,rio de janeiro,RJ
dde698c6d0bd24834c586e5111c2bba7,1,175.09,5.0,7.692013888888889,0.0,25755,petropolis,RJ
de09d00cfc265b8804c7df34075a68fa,3,827.97,3.3333333333333335,6.152604166666666,0.0,2118,sao paulo,SP
de0c78824586e9a5f5f04fd84e25df39,13,2491.17,4.923076923076923,6.993716168091168,0.0,6730,vargem grande paulista,SP
de23c3b98a88888289c6f5cc1209054a,161,28507.28,4.29375,11.066086424636662,0.09937888198757763,5530,sao paulo,SP
de66a66f2dd06bb9ec37aa96987466a3,7,468.98,4.142857142857143,15.27156746031746,0.0,20910,rio de janeiro,RJ
de722cd6dad950a92b7d4f82673f8833,339,65377.46,4.291666666666667,12.683839295526981,0.04424778761061947,51250,recife,PE
de9727ca376d1be6ec121b110aa7954c,10,1331.97,3.8,11.991947016460905,0.1,87114,sarandi,PR
deaadd805612bf94faaa9fa702516e11,1,65.11,1.0,,0.0,5756,sao paulo,SP
debe6615cd90cc0c2eac2b8988e1f628,5,374.03000000000003,4.6,11.604266203703705,0.0,4282,sao paulo,SP
dedcab67899479e4ea5dcc4eba47f587,2,105.63999999999999,4.5,5.555057870370371,0.0,89258,jaragua do sul,SC
dee656f0f566ed1aa85bd137c943f08f,91,7902.64,4.4,12.715514017489712,0.054945054945054944,12701,cruzeiro,SP
df0f42bc4c2142eacf0eaf2cffd0cfbb,13,1820.23,4.384615384615385,14.262581908831908,0.0,88306,itajai,SC
df47da4ae86fa4db890d05aaf24e21d8,5,387.68,4.2,7.044877314814815,0.0,4360,sao paulo,SP
df560393f3a51e74553ab94004ba5c87,28,4267.33,3.6785714285714284,18.46703303062678,0.07142857142857142,87900,loanda,PR
df56d7b40d437f88407c5f78b63bc328,22,3251.5,4.090909090909091,12.586075862794614,0.045454545454545456,85812,cascavel,PR
df683dfda87bf71ac3fc63063fba369d,1,55.95,1.0,189.86315972222224,1.0,95180,farroupilha,RS
df91910b6a03bb2e3358fa6a35e32f6f,14,2767.52,4.357142857142857,9.194750712250713,0.0,9560,sao paulo,SP
dfa0c4c6229ab200a4a1336b4d7128ff,75,6908.0199999999995,4.08,9.857796450617284,0.04,88085,florianopolis,SC
dfc475d54e1b6dbeeb7d7d9bdaa63827,18,2202.18,4.5,13.436251361655774,0.05555555555555555,81460,curitiba,PR
dfc5fb7259bb2b599ca565e6e9448f0f,32,7343.4800000000005,4.21875,13.458863570601851,0.03125,9780,sao bernardo do campo,SP
dff87e4de60c9736ce8df835951b09bc,2,1043.43,2.5,,0.0,3172,sao paulo,SP
e00d85ce20ea50c1224c66ca5050527d,1,157.3,4.0,2.049375,0.0,6286,osasco,SP
e0482f2c769468c3bbcd8a01e09d98c5,1,234.4,4.0,5.906377314814815,0.0,2320,sao paulo,SP
e0487761face83d64fcada2408959a36,2,64.12,4.5,3.5394791666666667,0.0,1021,sao paulo,SP
e067ad2c1c0b48758eb1b5228bcf7a68,54,6047.91,4.148148148148148,14.98370820473251,0.09259259259259259,11045,santos,SP
e06f09ec0a4aca210779cf1cfc63cf19,29,5901.41,3.8703703703703702,14.870760296934865,0.06896551724137931,4773,sao paulo,SP
e0878efa0e0b7e5313ac0b43bc04c081,27,5594.91,3.5185185185185186,18.133796296296296,0.18518518518518517,80230,curitiba,PR
e09887ca8c7bf8a4621ce481820414ef,3,178.66,2.3333333333333335,57.878368055555555,0.3333333333333333,8431,sao paulo,SP
e0a366315b1b726b6c7832d664c0f530,42,7891.92,4.380952380952381,8.104821979717812,0.047619047619047616,2258,sao paulo,SP
e0a3c37054ade6478d923a6efc10f308,2,254.98000000000002,5.0,7.835486111111111,0.0,88340,camboriu,SC
e0b162a693bc7f9eab00f783a31d60ea,1,162.85,5.0,11.088877314814814,0.0,96020,pelotas,RS
e0eabded302882513ced4ea3eb0c7059,8,1117.19,4.625,11.449202835648148,0.0,13023,campinas,SP
e116c7455dd26a4d8c3e92532583905f,1,51.54,4.0,,0.0,1140,sao paulo,SP
e1643dff33666ca629e3644c02738179,3,199.31,4.333333333333333,4.555775462962963,0.0,3182,sao paulo,SP
e174dc2de86d60fee178170a154c05e7,1,33.9,1.0,,0.0,9210,santo andre,SP
e1a210d482714ce337763a19aef94ba4,1,76.50999999999999,1.0,,0.0,85807,cascavel,PR
e1b12447a7563944843191754aeb5562,9,658.2,4.444444444444445,14.48102752057613,0.2222222222222222,7145,guarulhos,SP
e1bed63d68ac36fe1f3061befe196af5,1,217.0,5.0,8.606180555555556,0.0,13848,mogi guacu,SP
e1c76f339ebd5460999f25a2aa8c92c5,1,928.6999999999999,5.0,29.84170138888889,0.0,3029,sao paulo,SP
e1dc0754bada9ee4cfe9713f22f61292,12,1149.78,4.0,8.281831597222222,0.0,25035,duque de caxias,RJ
e21a1e8be4715b0fcfd5385643bc49c4,20,1131.38,3.8,16.973890107212476,0.0,88715,jaguaruna,SC
e24d3429d294b2eb200b064ebb035879,19,2250.7,4.222222222222222,7.711454678362573,0.05263157894736842,3514,sao paulo,SP
e24fc9fcd865784fb25705606fe3dfe7,52,13966.71,4.173076923076923,12.578922476397967,0.07692307692307693,12913,braganca paulista,SP
e250d617a0ad591ba9bd663e584a895d,7,1045.43,3.857142857142857,9.78078869047619,0.0,7084,guarulhos,SP
e256a62e0ac58c0edfba09966142d561,12,1809.5500000000002,4.416666666666667,7.894560185185185,0.0,81320,curitiba,PR
e26901d5ab434ce92fd9b5c256820a4e,202,14961.91,4.119402985074627,9.289251269035534,0.024752475247524754,9350,maua,SP
e2a1ac9bf33e5549a2a4f834e70df2f8,5,15200.56,4.8,12.335252314814815,0.0,1210,sao paulo,SP
e2aee0892199b1d92530e371abd825bf,36,7794.29,3.8333333333333335,15.630323393246188,0.1388888888888889,86600,rolandia,PR
e2c92f9c1c7746d899d18f2e158bbff7,14,2286.61,4.071428571428571,9.151562499999999,0.0,15054,sao jose do rio preto,SP
e333046ce6517bd8bb510291d44f0130,67,8672.53,4.348484848484849,10.20451475262576,0.05970149253731343,18950,ipaussu,SP
e38db885400cd35c71dfd162f2c1dbcf,30,2737.55,4.466666666666667,12.858261959876542,0.13333333333333333,70740,brasilia,DF
e3a386fc36e22064434e1fa256f6a9fa,16,1047.15,4.1875,10.068441116898148,0.1875,13165,engenheiro coelho,SP
e3b4998c7a498169dc7bce44e6bb6277,3,7114.6900000000005,2.6666666666666665,18.740069444444444,0.0,3635,sao paulo,SP
e3d3b3efac954a60d61be70b7e05b49b,3,1405.83,4.333333333333333,11.115142746913582,0.0,3370,sao paulo,SP
e3dd723429d1b23614b7fa85e2c7a853,7,597.62,3.7142857142857144,13.620887896825396,0.2857142857142857,9810,sao bernardo do campo,SP
e3e15e2c0b9700561efac21c6be48066,3,139.74,2.0,,0.0,5315,sao paulo,SP
e3e290b38963293022cdcd6db8328103,2,199.68,3.0,9.73133101851852,0.0,1403,sao paulo,SP
e4253cef933647000a82ff39c67b7bde,2,108.72999999999999,2.0,,0.0,5856,sao paulo,SP
e433f5fd4050e3352b5d83522b7fe24b,1,596.77,4.0,7.448333333333333,0.0,86702,arapongas,PR
e439f7176d763f92de325271111b2fd5,7,1584.02,5.0,9.92680362654321,0.0,89219,joinville,SC
e45edf75f568ed2f93f78d060e246e25,6,278.21999999999997,4.166666666666667,12.346981095679013,0.16666666666666666,22790,rio de janeiro,RJ
e46bc031f2c5bae4ccb40bb90712e9b4,1,327.39,1.0,,0.0,5174,sao paulo,SP
e48b04bf1aa1ef711caebeb7aede6180,25,3832.73,4.48,10.544004166666666,0.0,80240,curitiba,PR
e48cc16ab70bfa09e1401740dce0b3d7,13,1232.27,3.769230769230769,14.1306801994302,0.0,16022,aracatuba,SP
e49c26c3edfa46d227d5121a6b6e4d37,35,4869.75,4.457142857142857,11.620668913398692,0.0,55325,brejao,PE
e4ebd3f87bf70440014f07ddda7fbe03,7,787.26,4.571428571428571,17.889925595238093,0.14285714285714285,19470,presidente epitacio,SP
e4f121bf6ef8b9a1d4d3e65dd0473fab,2,106.46000000000001,3.0,21.336834490740742,0.5,15085,sao jose do rio preto,SP
e4fc40017a6d22c46a14ac2e17f87c3e,3,662.05,2.3333333333333335,10.291921296296296,0.0,86702,arapongas,PR
e503f22be6a4f456d9851920a5d9c670,2,231.34,4.0,5.669965277777777,0.0,4508,sao paulo,SP
e504a4e2efaa45cbff7e268a2c58c956,10,1326.95,3.8,13.511487911522632,0.3,13520,sao pedro,SP
e51f22821f0c12a16ad5c020cdcd55e9,4,996.84,4.75,10.324129050925926,0.0,6341,carapicuiba,SP
e53d5b9b29d1218281f4a907ada18626,3,1414.2800000000002,4.666666666666667,5.919668209876543,0.0,85903,toledo,PR
e546117ed9cafbc40239c0c78635c584,2,484.34000000000003,4.5,6.369074074074074,0.0,4705,sao paulo,SP
e5475dcab1e07b63d7f6e902d8f5eda8,19,2443.22,4.105263157894737,9.57444018031189,0.05263157894736842,9921,diadema,SP
e5545d4d4473876ea78c5bcebca365c3,1,57.47,5.0,5.198229166666667,0.0,17512,marilia,SP
e560e4022d8f7aebf155db95946c5c0f,2,870.21,5.0,10.134334490740741,0.0,31110,belo horizonte,MG
e5899683388855d3dabe8913bbe365de,3,533.86,4.0,7.7213618827160495,0.0,13575,sao carlos,SP
e58a5b390e28abc0b216cfb0e07d27d7,7,1167.23,4.857142857142857,7.598201058201058,0.0,22640,rio de janeiro,RJ
e595809a6c31ec4314fd06ef198c244d,1,57.230000000000004,5.0,15.85357638888889,0.0,88370,navegantes,SC
e59aa562b9f8076dd550fcddf0e73491,70,33803.97,4.214285714285714,14.033286533816424,0.1,82810,curitiba,PR
e59e489e2ea74bd409b798b5daf49de3,2,460.75,2.0,14.101707175925926,0.0,87060,maringa,PR
e59e575a175fadcadf8479e191770425,1,250.88,5.0,5.350474537037037,0.0,26210,nova iguacu,RJ
e5a3438891c0bfdb9394643f95273d8e,222,11121.78,3.963470319634703,15.744302364572517,0.18018018018018017,13483,limeira,SP
e5a38146df062edaf55c38afa99e42dc,120,17208.23,3.9747899159663866,12.246709850606909,0.09166666666666666,1233,sao paulo,SP
e5bd51692380fd8cabb19b756b95e714,3,153.04,2.3333333333333335,33.66361689814815,0.6666666666666666,9220,santo andre,SP
e5c84227854980f1db19a58958c551d9,4,141.64000000000001,4.75,10.187983217592592,0.0,83823,fazenda rio grande,PR
e5cbe890e679490127e9a390b46bbd20,2,937.71,4.5,5.923854166666667,0.0,1041,sao paulo,SP
e5d4b2b0c3bca22085f7a19a28de0c42,4,269.56,4.5,12.684464699074073,0.25,89201,joinville,SC
e5def42655b7490edac5a56fe8e9e603,1,141.42000000000002,5.0,5.83462962962963,0.0,13900,amparo,SP
e5e33c0d8e7e002f398f5dc4cbbb338f,28,7477.33,4.321428571428571,12.06518919159544,0.10714285714285714,17032,bauru,SP
e5f9e61ceb5f523cc966e0f34095032f,4,2353.44,4.0,20.252138310185185,0.25,88353,brusque,SC
e601b04acf48b4576e73ddca9481f0dc,14,638.93,4.285714285714286,6.883446593915344,0.0,4476,sao paulo,SP
e603cf3fec55f8697c9059638d6c8eb5,8,482.46999999999997,4.25,6.320124007936507,0.0,96080,pelotas,RS
e627629ba868740e287800f1a9be81c2,12,622.89,4.416666666666667,6.4857199074074074,0.0,1421,sao paulo,SP
e628d4a53c109f09ca88098338b3a3f5,1,343.9,1.0,,0.0,30170,belo horizonte,MG
e62b2d6ac10570a035a30bafcf01d263,62,6585.0599999999995,3.9661016949152543,14.068868540919953,0.12903225806451613,5767,sao paulo,SP
e63e8bfa530fb16910dd6956e592bb81,41,2118.85,4.219512195121951,9.478377025462963,0.04878048780487805,7160,guarulhos,SP
e644cbadf7eeb30d0d29f335ce7d52ec,8,1063.59,3.625,6.880929232804233,0.0,3029,sao paulo,SP
e64882b4ef12aee8d0faca4db5b681f4,1,273.22,4.0,25.008819444444445,0.0,74210,goiania,GO
e64d65bc8dbec2accda90c58de5d1246,12,1899.96,3.0833333333333335,13.493086419753086,0.3333333333333333,13500,rio claro,SP
e64ddbe1cbcf4f2fc3092b7c481f3f9d,1,28.29,5.0,5.512708333333333,0.0,3513,sao paulo,SP
e6a69c4a27dfdd98ffe5aa757ad744bc,23,2492.3900000000003,4.0,10.986690393518519,0.0,4424,sao paulo,SP
e6ffc9ac6a7adc9d16a1cfc2286dd546,1,43.28,1.0,,0.0,2565,sao paulo,SP
e70053bf73d1b5863932e53a9fa47496,7,4158.58,4.285714285714286,13.455330687830687,0.0,5059,sao paulo,SP
e72b4feb7abe210c52aa667abc25a3a2,1,55.64,5.0,4.149236111111111,0.0,3122,sao paulo,SP
e732329483fd5f27367dd997b47f598a,1,144.47,5.0,12.152314814814815,0.0,89030,blumenau,SC
e73bf2cea7fe4b0b4d287a7568ed1099,3,773.83,5.0,6.606458333333333,0.0,89812,chapeco,SC
e76ecc7e9a1a1e3c6df9d2a8261c423d,1,34.1,5.0,12.457060185185185,0.0,30140,belo horizonte,MG
e7d5b006eb624f13074497221eb37807,28,4220.42,3.9285714285714284,11.165859375,0.07142857142857142,9291,santo andre,SP
e7df4cd29ab5abab70fb0783ddb53987,22,9951.8,4.363636363636363,10.434106165824916,0.18181818181818182,4122,sao paulo,SP
e7f3bf1ecd8526eb7f3b18059e6716e5,17,1637.9,4.529411764705882,9.291635561342593,0.0,11680,ubatuba,SP
e819bcfade7b5d88a27325eb6cfd62c5,5,431.21,4.2,9.983587962962963,0.2,7242,guarulhos,SP
e81e1f9c3e762e620f3fb60a51499e16,17,4979.49,4.0,25.360643382352944,0.058823529411764705,89520,curitibanos,SC
e82de6494d91d3c4c54450f59b227a94,3,157.7,5.0,18.68153549382716,0.3333333333333333,14940,ibitinga,SP
e83c76265fc54bf41eac728805e4da77,8,336.49,3.625,32.602546296296296,0.125,16074,aracatuba,SP
e83e93b71371817b11d78a63ff156aee,2,373.38,4.5,15.808663194444446,0.0,6409,barueri,SP
e84ad2127668df3aafc6b73531a0beb8,19,1273.73,4.368421052631579,10.564939692982456,0.05263157894736842,4613,sao paulo,SP
e88165a185134e13fdfc85d4fa654db8,2,149.22,3.0,9.153582175925926,0.5,8517,ferraz de  vasconcelos,SP
e882b2a25a10b9c057cc49695f222c19,57,53913.76,4.571428571428571,9.549082399285249,0.0,25963,teresopolis,RJ
e883aa812c37a7413226856f4579fe91,26,4554.46,4.153846153846154,9.902272079772079,0.038461538461538464,6696,itapevi,SP
e88c9b79e592e370d6bd852eeefbf057,8,393.98,4.75,8.435091145833333,0.0,85501,pato branco,PR
e88f7a2995ba184710d339c5c4bf2e30,2,287.51,5.0,10.833229166666667,0.0,15505,votuporanga,SP
e89c4adbe7b1d0819dbb636e16461cf1,24,3636.15,3.8333333333333335,15.115932677469134,0.125,13347,indaiatuba,SP
e8a85b5f3df47be0984c55fd4064dbb4,8,965.99,4.5,10.681103877314815,0.125,71825,brasilia,DF
e8b3a3a38279a82f0e5d006d5e5b7d2c,87,14990.89,3.793103448275862,17.3070546875,0.04597701149425287,87230,jussara,PR
e8b4225284fbb02d16f200513f1f395d,31,7086.13,4.193548387096774,10.22229050925926,0.0967741935483871,14960,novo horizonte,SP
e8dba4d70f7f2b20e775d09cae01142d,8,916.84,4.5,9.36744212962963,0.125,13456,santa barbara d oeste,SP
e8f6dc8e6a1dcde89d20e3995c8d90b3,35,4429.5,3.8857142857142857,13.164785539215686,0.08571428571428572,3476,sao paulo,SP
e8ff5a6ceb895583033fc2a0f314e3c2,1,158.96999999999997,5.0,3.1886111111111113,0.0,89063,blumenau,SC
e908c0f3646e8b60375734a350d95d71,1,3009.53,4.0,27.108946759259258,0.0,1226,sao paulo,SP
e94b64dc6979b302a5a5be1662c83bb6,2,338.63,5.0,9.009612268518518,0.0,6852,itapecerica da serra,SP
e9511df20ccd82658a30c37b7fb343af,22,2823.1,4.318181818181818,9.756910774410775,0.0,17026,bauru,SP
e96498ed8daaa3e9c23f7a62da76591c,34,10332.19,3.9411764705882355,15.198311887254901,0.14705882352941177,5373,sao paulo,SP
e9729944ba65dc3ce425e0c5a22ae7b2,3,518.96,3.6666666666666665,11.488726851851851,0.3333333333333333,25730,petropolis,RJ
e9779976487b77c6d4ac45f75ec7afe9,653,54027.26,4.2213622291021675,9.876001365054602,0.07197549770290965,11701,praia grande,SP
e9874ae10b2d60d43917b6bbfa13a599,1,222.1,5.0,6.675798611111111,0.0,86604,rolandia,PR
e99e927c81e3f51739c94fcdfca9f10f,20,3069.37,3.736842105263158,15.070997197855752,0.2,38400,uberlandia,MG
e9b6c33b71b67737693b4cfa68341c8d,1,141.39000000000001,4.0,11.771851851851851,0.0,3009,sao paulo,SP
e9bc59e7b60fc3063eb2290deda4cced,210,39123.48,4.0,14.394237479474548,0.10952380952380952,87083,maringa,PR
e9c2dc0dd4ac38448289be644ac94f42,3,174.61,5.0,5.392226080246914,0.0,89210,joinville,SC
e9c6969d40e6a3d2d0f90013165c2b98,10,5481.98,4.4,9.087366898148149,0.0,3448,sao paulo,SP
e9d99831abad74458942f21e16f33f92,129,6872.63,3.9453125,12.92745845894344,0.10852713178294573,3542,sao paulo,SP
e9e446d01bd10a97a8ffcfc4a3a20cb2,4,89.61,3.5,5.304830246913579,0.0,2261,sao paulo,SP
ea00f977a203ff88adf7057cb7806998,19,573.4,4.105263157894737,5.417617669753087,0.10526315789473684,11085,santos,SP
ea1776927851da2532aa70d6a32c095a,3,372.32,2.6666666666666665,8.655138888888889,0.0,8223,sao paulo,SP
ea3ebea5317b0efbc663ecc8ce5e9bc2,3,357.35,4.0,9.390617283950617,0.0,88036,florianopolis,SC
ea4e9ce63a2134743b4a92777437fcdd,3,382.3,4.666666666666667,10.11315200617284,0.0,88135,palhoca,SC
ea566164622c6b439516ab18062c42cd,50,11167.98,3.78,14.027645138888888,0.22,5303,sao  paulo,SP
ea65d8b58316a6f2362f2a9e4b3e86ad,9,2292.2200000000003,4.0,8.413410493827161,0.0,13030,campinas,SP
ea67327e24487bdfac5fbfa37ea124df,30,6813.91,3.7,8.85944598765432,0.03333333333333333,14940,ibitinga,SP
ea6b12bf9ffe2bac34602ec631d97a47,11,2831.3199999999997,4.090909090909091,16.563964763374486,0.0,7093,guarulhos,SP
ea846a0e7ad98a741783e886d89dfa44,2,192.26,5.0,10.279629629629628,0.0,16072,aracatuba,SP
ea8482cd71df3c1969d7b9473ff13abc,1136,54440.759999999995,4.015057573073516,13.345520142189873,0.10387323943661972,4160,sao paulo,SP
eaaa46e98c9e61f6764dd1d7a2ab8b3e,1,125.64,5.0,11.097199074074075,0.0,59775,messias targino,RN
ead2bab70821ea148476ae9bc08548ac,7,604.64,5.0,7.803753306878307,0.0,31980,belo horizonte,MG
eae9af4811c294c56795d70e715b7337,1,41.36,5.0,2.8439467592592593,0.0,3060,sao paulo,SP
eaf6d55068dea77334e8477d3878d89e,3,84.01,5.0,6.129313271604939,0.0,4660,sao paulo,SP
eb1bf309f4f6af9a97e9ddac3fdbeabe,1,31.18,5.0,8.489652777777778,0.0,9961,diadema,SP
eb3071b9f0b0ddaa2df5ea130f09f26b,9,6811.42,4.555555555555555,9.65403677983539,0.1111111111111111,4281,sao paulo,SP
eb4a59a06b3948e851a7d7a830bcbc42,2,108.0,3.0,11.078020833333333,0.0,41820,salvador,BA
eb4df17aed01d918c65f0f8d650900c0,11,3925.46,3.909090909090909,12.899521254208754,0.2727272727272727,13140,paulinia,SP
eb5b6204dde3a6e03b5f1bb8479f055b,19,727.3299999999999,3.9473684210526314,10.447398269980507,0.05263157894736842,6900,embu guacu,SP
eb72802c83dc7547529c9546d1a9b8ef,8,1181.63,4.625,6.2112832754629625,0.0,13504,rio claro,SP
eb9267cccc90f1b49c8d2f9887c7dd97,1,346.27,5.0,7.810868055555556,0.0,52011,recife,PE
eb9cd5b35d95206585e2185318cb5c61,2,611.55,3.0,16.270862268518517,0.5,3064,sao paulo,SP
eba88037e1dca898cd02881f67ced679,6,931.5699999999999,4.333333333333333,11.49054012345679,0.16666666666666666,3647,sao paulo,SP
ebd1417732defaf66c50b5a800eb293e,1,325.33,5.0,6.121712962962963,0.0,86047,londrina,PR
ebd2d60905fb58271facef5596b620d3,83,9674.210000000001,4.134146341463414,13.009671210562413,0.03614457831325301,18683,lencois paulista,SP
ebe3dabc4955c9b0d695e7bda38bf5c3,1,66.89,3.0,23.45189814814815,1.0,14085,ribeirao preto,SP
ebef8d8c92b4fd3226e5d407bbff21ac,3,302.06000000000006,2.6666666666666665,40.11726851851852,0.3333333333333333,14020,ribeirao preto,SP
ec21206b7894c503788a684a7bc822a6,3,296.40999999999997,2.6666666666666665,8.111898148148148,0.0,28950,armacao dos buzios,RJ
ec2e006556300a79a5a91e4876ab3a56,4,191.24,1.25,13.50111689814815,0.25,3445,sao paulo,SP
ec4608a1f76453166bb312b2968aeaf4,18,3771.04,3.1666666666666665,15.286932189542483,0.2222222222222222,13660,porto ferreira,SP
ec5c1d94df153d473b37f880977ae58e,2,283.74,2.0,10.320208333333333,0.0,21320,rio de janeiro,SP
ec80e49e69745ab6c14f984bf2149423,12,3897.31,4.0,12.847035108024691,0.16666666666666666,13480,limeira,SP
ec8463980a4e0ea9f8517aea1ed0c419,2,357.9599999999999,5.0,11.225914351851852,0.5,88010,florianopolis,SC
ec8879960bd2221d5c32f8e12f7da711,36,4881.38,4.314285714285714,16.495119378306878,0.16666666666666666,13253,itatiba,SP
ec933281fb017b5020d06df29c3f77e8,8,1662.85,5.0,9.476841724537037,0.0,3820,sao paulo,SP
ecccfa2bb93b34a3bf033cc5d1dcdc69,15,1601.35,2.5714285714285716,32.11982735339506,0.13333333333333333,81810,curitiba,PR
ececbfcff9804a2d6b40f589df8eef2b,97,8624.32,4.134020618556701,13.222422960069444,0.10309278350515463,14407,franca,SP
ed4311e67debd72b8610a5347a743087,25,4342.81,4.625,7.809243981481481,0.08,7170,guarulhos,SP
ed46f1eb4a638113deb2a1137b5f22e9,4,3686.6800000000003,4.0,7.358561921296296,0.0,89080,indaial,SC
ed49da7cadefc454d6a67de249eab240,2,65.83,3.0,21.38652777777778,0.0,5571,sao paulo,SP
ed4acab38528488b65a9a9c603ff024a,32,13369.76,3.71875,9.886824223416966,0.03125,8260,sao paulo,SP
ed859002ad59dbf8cf3602696a6c3000,7,2690.6400000000003,3.7142857142857144,18.509108796296296,0.0,86035,londrina,PR
ed8cb7b190ceb6067227478e48cf8dde,14,744.8100000000001,3.5714285714285716,7.612472718253969,0.07142857142857142,11015,santos,SP
ed9eef5be0992d413d251fadba1a410d,3,547.3399999999999,4.5,10.529228395061729,0.0,13845,mogi guacu,SP
edb1ef5e36e0c8cd84eb3c9b003e486d,166,83399.77,4.421686746987952,11.897481130751963,0.0783132530120482,25957,teresopolis,RJ
edb58a1390adf273840030a3d6253829,1,58.28,5.0,5.503541666666667,0.0,13414,piracicaba,SP
edb65fe661681b1c0de8bd47c8655855,1,84.24,3.0,14.114236111111111,0.0,8111,sao paulo,SP
edc518ba25576a0188a0e8f2c3af186f,6,1959.61,3.6666666666666665,6.654861111111111,0.0,7023,guarulhos,SP
edd066cd02126d7800f9b66e980e9931,6,1173.9299999999998,5.0,11.897121913580248,0.16666666666666666,70070,brasilia,DF
eddd1991bd6d9309995a480c39b95137,3,998.4100000000001,2.6666666666666665,14.754149305555556,0.0,84010,ponta grossa,PR
ede0c03645598cdfc63ca8237acbe73d,46,3269.87,3.522727272727273,18.589664621016365,0.32608695652173914,14092,ribeirao preto,SP
ede2977fbaf3738583170735ca403f6c,1,327.25,5.0,14.979814814814814,0.0,80010,curitiba,PR
edf3fabebcc20f7463cc9c53da932ea8,1,244.02,4.0,21.082037037037036,1.0,8320,sao paulo,SP
edf96ef93ed595084bbcbd9224bd2894,25,4365.78,3.88,13.89298888888889,0.12,1545,sao paulo,SP
ee27a8f15b1dded4d213a468ba4eb391,1,6726.66,5.0,11.955023148148149,0.0,74210,goiania,GO
ee2fbacc2fc3794e656cc4d933d59ce7,2,518.7,4.0,7.072615740740741,0.0,5061,sao paulo,SP
eeb6de78f79159600292e314a77cbd18,83,46795.28,4.487804878048781,12.164498786133695,0.03614457831325301,88501,lages,SC
eebb3372362aa9a46975164bed19a7e7,7,711.3199999999999,2.5,52.582190393518516,0.2857142857142857,4578,sao paulo,SP
eec3469d83e142f9a104886655338c37,4,240.44,4.5,9.977416087962963,0.0,17030,bauru,SP
eed78ac17f7f795a19a709745f00cd4e,21,5054.44,3.7142857142857144,10.422535824514991,0.0,18608,botucatu,SP
ef0ace09169ac090589d85746e3e036f,129,18809.97,4.372093023255814,12.821328848379629,0.08527131782945736,24451,sao goncalo,RJ
ef2fbc2b607d8492bcffe657a4645434,18,1212.4,3.8823529411764706,7.3198842592592595,0.1111111111111111,20051,rio de janeiro,RJ
ef30892870c278497523264be1be2241,9,892.54,4.555555555555555,8.079983281893004,0.0,14801,araraquara,SP
ef506c96320abeedfb894c34db06f478,319,14819.53,3.939873417721519,13.550041160533524,0.08463949843260188,3569,sao paulo,SP
ef728fa1f17436c91ed1ccd03dcf9631,3,186.82,4.333333333333333,4.7905594135802465,0.0,17201,jau,SP
ef990a83bbea832f36ebe81376335aa8,42,5948.43,3.6904761904761907,16.983032407407407,0.2619047619047619,89214,joinville,SC
ef9952469137ff190bacafe117f51537,5,1086.6,4.8,10.250847222222223,0.0,38022,uberaba,MG
efb628aa07c8ca93d7db0d85b91a4f5a,1,262.1,4.0,25.588310185185186,1.0,26230,nova iguacu,RJ
efcd8d2104f1a05d028af7bad20d974b,44,3187.45,4.341463414634147,10.2660160960379,0.022727272727272728,16012,aracatuba,SP
efff9341f3f8f5237b44ff67ed36a7bf,5,972.65,4.4,11.931902777777777,0.0,29090,vitoria,ES
f00e21b1e91a79653163b7fd8f293ff1,31,4471.06,4.1,12.971604316009559,0.03225806451612903,37795,andradas,SP
f00f5b35d0abcacbdd863672f4bb2c1a,1,313.43,4.0,12.155833333333334,0.0,1238,sao paulo,SP
f021c962aaba8ef6eb527a9c2c8394d1,5,4533.87,4.2,8.171310185185185,0.0,88301,itajai,SC
f049a72cf58fd31b11f8919cade515e7,2,104.0,4.5,3.4543113425925926,0.0,1023,sao paulo,SP
f0563bacf40c311f1c4d3d6b67b8a7a7,1,1227.78,1.0,,0.0,88704,tubarao,SC
f0837c8d71434931d9e38e7b79234797,22,4049.36,4.590909090909091,11.822301136363636,0.045454545454545456,95995,arvorezinha,RS
f08a5b9dd6767129688d001acafc21e5,11,14565.74,4.2727272727272725,18.870517676767676,0.18181818181818182,90230,porto alegre,RS
f08c008c8a8d31417763738a1788a2a8,20,1438.08,3.3157894736842106,20.110639789094648,0.15,85875,santa terezinha de itaipu,PR
f09b760d23495ac9a7e00d29b769007c,1,39.09,4.0,24.0575,0.0,15802,catanduva,SP
f09e26011d833ddab11593c1a097a92a,1,102.09,1.0,,0.0,13632,pirassununga,SP
f0b47fbbc6dee9aafe415a6e33051b3f,65,4983.43,4.276923076923077,10.333353587962963,0.1076923076923077,9360,maua,SP
f0e103c63864d5405b958d984b6e94c9,11,1101.41,4.7,8.819280303030304,0.0,6150,osasco,SP
f0ec6a2adb05c62655a26dd347b8dede,1,86.78,1.0,,0.0,1303,sao paulo,SP
f0ec78809fe0bc3edb11c9fe5b97b059,2,86.25999999999999,4.0,9.34699074074074,0.0,4291,sao paulo,SP
f114dca2828bf718548db175ebe2cfcd,1,152.99,1.0,10.483483796296296,0.0,86192,cambe,PR
f1198c871e0171278b63f40d112caeec,2,558.0699999999999,4.5,11.401388888888889,0.0,1220,sao paulo,SP
f125f3a310c2e5f822d116147de1e474,16,3049.2900000000004,4.1875,11.933017216435186,0.125,3068,sao paulo,SP
f12d3c2a14729ae461b920c11fe20fdc,9,459.32,4.444444444444445,5.310752314814815,0.0,9080,santo andre,SP
f12ff17ad8bbf01ec5c33b17e506649b,29,6892.73,3.8275862068965516,13.791368220899471,0.10344827586206896,3186,sao paulo,SP
f18112da765e0971ca5d510dec322bdd,2,410.75,4.0,17.898136574074073,0.0,88351,brusque,SC
f181738b150df1f37cb0bd72e705b193,36,6657.8099999999995,4.472222222222222,9.319003022119341,0.1111111111111111,6317,carapicuiba,SP
f19516b9ff26bfeb091b30108db4ddbd,4,812.5,3.0,11.050306712962964,0.0,13160,artur nogueira,SP
f1b854361f4e15d5851b494df66f22b2,3,1475.24,3.3333333333333335,7.404139660493828,0.0,20020,rio de janeiro,RJ
f1b93673502375d491780bb49d615dbc,8,2959.28,3.125,14.444124710648149,0.25,12228,sao jose dos campos,SP
f1c1ac3f3efc07e659c035008e615e66,4,2864.78,3.75,10.968858024691357,0.0,2119,sao paulo,SP
f1ce5fdecd64935c28b9ff932751d0dc,2,180.53,4.5,10.23626736111111,0.0,6539,santana de parnaiba,SP
f1ed6bd0a9b11b581f16c851c6a5a527,17,1996.5800000000002,4.411764705882353,20.990234885620914,0.058823529411764705,90240,porto alegre,RS
f1fd5ab1181f827ffad998c1a5de7d74,15,7877.96,4.666666666666667,9.45754938271605,0.0,80010,curitiba,PR
f1fdf2d13186575751aa25876536d85c,1,34.59,5.0,6.141400462962963,0.0,5314,sao paulo,SP
f205b1a3ca9a34e0f8a228bae6e4c7b3,8,1484.9,4.875,8.596142939814815,0.0,94965,cachoeirinha,RS
f214d28e8d8e3ef068748498ccc2f813,53,2995.55,4.137254901960785,10.560458424110386,0.07547169811320754,3872,sao paulo,SP
f22a247b79dd22ecd91dc8e3b2a1b07c,8,574.8399999999999,4.0,18.033972800925927,0.25,8573,itaquaquecetuba,SP
f2336e113377dd21c744d9c4fc8293a9,4,3762.08,4.25,20.24722511574074,0.0,3659,sao paulo,SP
f235413f677777a0738ff215d0184901,3,1788.3400000000001,3.6666666666666665,6.278344907407408,0.0,17250,bariri,SP
f25e239052084705e17a982bc600ab2a,7,7694.88,4.142857142857143,13.87251984126984,0.0,1123,sao paulo,SP
f262cbc1c910c83959f849465454ddd3,191,12929.33,4.144736842105263,9.108160399428684,0.09424083769633508,3564,sao paulo,SP
f266295f49a28eee21f413e0cbb0521d,2,177.94,4.5,12.08870949074074,0.0,84020,ponta grossa,PR
f26d70155c2b6326fcfa1780c8c684e4,1,219.06,5.0,8.901666666666667,0.0,89150,presidente getulio,SC
f27e33c6d29b5138fa9967bcd445b6d5,93,10697.25,4.096774193548387,12.069667587614497,0.10752688172043011,4273,sao paulo,SP
f3041c2e75ec683697a6a5ea82192210,1,169.0,5.0,4.528425925925926,0.0,35680,itauna,MG
f3055483058c84d75ca2a3314fb4deef,1,103.28999999999999,1.0,,0.0,40368,salvador,BA
f307937c1bb287c3efc2a514b94b0d1d,1,216.60000000000002,5.0,12.577673611111111,0.0,38183,araxa,MG
f326006815956455b2859abd58fe7e39,9,3813.18,4.666666666666667,12.90150591563786,0.0,15601,fernandopolis,SP
f3295428338a40977a03f555246a70f4,7,769.38,3.5714285714285716,14.829621362433864,0.2857142857142857,29032,vitoria,ES
f3511c85f59f8dec53d140501ee8e7a8,1,78.01,5.0,1.9164930555555555,0.0,80045,curitiba,PR
f356c348fbc8df6a882823e21f5ce8b7,2,257.54,2.5,7.22974537037037,0.0,92025,canoas,RS
f35b3c613c4f7b2275f4185d0a3c59ec,9,4214.29,4.555555555555555,12.80266975308642,0.2222222222222222,5417,sao paulo,SP
f35becee938e982bd615edf8ef12bcfb,6,226.81,4.0,7.9204591049382715,0.0,19160,alvares machado,SP
f3862c2188522d89860c38a3ea8b550d,1,28.29,5.0,5.868530092592593,0.0,14092,ribeirao preto,SP
f3975e8a41157005d4bcbb358678cd9b,2,262.78,5.0,8.65745949074074,0.0,89870,pinhalzinho,SC
f3b80352b986ab4d1057a4b724be19d0,87,12692.73,4.209302325581396,10.455703461455641,0.0,71200,brasilia,DF
f3c38ab652836d21de61fb8314b69182,15,1828.59,4.266666666666667,8.208585648148148,0.06666666666666667,1206,sao paulo,SP
f3da5b2ff499efb8d4a6d371d175d7dd,78,4820.66,3.8506493506493507,11.442394158138402,0.14102564102564102,2407,sao paulo,SP
f410c8873029fcc3809b9df6d0b28914,2,327.1,5.0,7.698258101851852,0.0,95076,caxias do sul,SP
f419677537694f0462a91990df6ca44f,6,299.28,4.0,14.250243055555556,0.16666666666666666,9750,sao bernardo do campo,SP
f41ce2e25237f9092cd8e6e7516c7a2f,27,2362.6,4.296296296296297,8.769085202991452,0.0,7013,guarulhos,SP
f435898e493ba0356019a0b1cb8b55b1,10,916.1,4.4,10.871199074074074,0.0,81720,curitiba,PR
f43827dd686be3a4a80e00aa299990fb,1,125.74000000000001,2.0,21.39116898148148,0.0,15055,sao jose do rio preto,SP
f44b6f775a2b390380e0e30b5c9d3eee,9,2880.4700000000003,4.888888888888889,8.947255658436214,0.0,3057,sao paulo,SP
f44bdc12aa39f5271f0b95f66cd4c289,5,543.74,3.2,11.502087962962964,0.2,12914,braganca paulista,SP
f45122a9ab94eb4f3f8953578bc0c560,183,25271.39,3.978142076502732,12.793012088477367,0.07650273224043716,13419,piracicaba,SP
f457c46070d02cadd8a68551231220dd,182,22210.670000000002,3.915204678362573,14.717648772367873,0.06593406593406594,87047,maringa,PR
f46490624488d3ff7ce78613913a7711,83,7550.67,3.6626506024096384,10.25233666087963,0.12048192771084337,7194,guarulhos,SP
f4a04f7be452aa3bb31760bf00055dd0,18,1553.9499999999998,4.666666666666667,9.141429398148148,0.05555555555555555,9010,santo andre,SP
f4aba7c0bca51484c30ab7bdc34bcdd1,110,4626.85,3.9444444444444446,10.979156057098765,0.06363636363636363,1031,sao paulo,SP
f4c4daa86e30c7e5a553a8d518ac03a5,20,6671.2,3.7,16.640676440329216,0.05,85801,cascavel,PR
f4ce8ca9fa7157e3b33f536ac9a4487d,4,507.13,4.75,6.975619212962963,0.0,16306,penapolis,SP
f4db9b37944bcb8873e6b456ee190bbf,21,3909.94,4.571428571428571,13.154061397707231,0.09523809523809523,8599,itaquaquecetuba,SP
f524ad65d7e0f1daab730ef2d2e86196,1,609.5,1.0,24.899224537037036,1.0,99300,soledade,RS
f52c2422904463fdd7741f99045fecb6,12,744.8,4.25,5.673889853395061,0.08333333333333333,9230,santo andre/sao paulo,SP
f5403d3f50089112c4eed37928b7f622,2,223.2,1.0,,0.0,15600,fernandopolis,SP
f543ba3c973276f519d89d59bd46cead,2,422.04,2.0,,0.0,15030,sao jose do rio preto,SP
f593898ec748b7a8cb81fc04edafd98a,20,3569.49,3.7,16.619885477582844,0.15,13920,pedreira,SP
f5a590cf36251cf1162ea35bef76fe84,117,57440.94,4.230769230769231,11.744838270239265,0.10256410256410256,9720,sao bernardo do campo,SP
f5b44895715ddfe3087dc414f30268f3,19,654.44,4.0,12.497305677387915,0.05263157894736842,18017,sorocaba,SP
f5b84683a9bf9e1df748cf40f601b39c,1,92.97,5.0,6.706354166666666,0.0,1127,sao paulo,SP
f5f1f2c5f923f36ad79ea1d07185ddc9,12,2115.83,3.25,13.051210648148148,0.08333333333333333,19820,taruma,SP
f5f2ab9bdb6b30c14c61be68c5ed37da,18,2474.55,4.277777777777778,13.4501858281893,0.1111111111111111,13660,porto ferreira,SP
f5f46307a4d15880ca14fab4ad9dfc9b,9,1654.32,4.111111111111111,13.349134516460905,0.1111111111111111,89165,rio do sul,SC
f5fea3ffed6c2e889bab72705557c63a,3,1328.18,3.6666666666666665,28.703055555555554,0.3333333333333333,21240,rio de janeiro,RJ
f6122bc84774df1b372bdb3bb88ddb9f,3,4874.360000000001,3.6666666666666665,15.619992283950616,0.3333333333333333,6436,barueri,SP
f615fe7efbef0f4f08fd3086bc7a3e60,22,3001.5,4.318181818181818,7.609181547619047,0.09090909090909091,12940,atibaia,SP
f61c63d13f7cd800549d5acdd390ae72,26,3501.69,4.0,11.74718482905983,0.07692307692307693,18185,pilar do sul,SP
f626e15b7314c267e4429010866f70e9,5,319.02,3.8,9.946752314814814,0.0,85960,marechal candido rondon,SP
f62d7bb4a613ec758a03342d46b580b2,32,26790.59,4.354838709677419,13.872097077546297,0.125,36570,vicosa,MG
f63d8f293af3a6454377546bd9dd19ff,17,2246.95,4.470588235294118,16.170412581699345,0.11764705882352941,18110,votorantim,SP
f650a9708fa1bab22bdd8d3a818cc415,5,594.58,4.0,15.323486689814816,0.0,88901,ararangua,SC
f664f98bfda2eaf266a23ff144e7a872,1,42.77,5.0,3.076273148148148,0.0,4001,sao paulo,SP
f67efa3f0b6761102a7f8c6b7b571f5d,30,5968.53,4.6,10.050836033950617,0.0,82300,curitiba,PR
f680f85bee2d253556ac91be391d2c82,45,6077.34,4.333333333333333,9.748835648148148,0.022222222222222223,6365,carapicuiba,SP
f682e0f848abafc6f41e0d4e868c66ef,2,304.0,3.5,19.699797453703702,0.5,7600,mairipora,SP
f7315bb81aea4ddca2d39e249a801c98,2,430.08000000000004,4.5,10.214172453703704,0.5,7082,guarulhos,SP
f7496d659ca9fdaf323c0aae84176632,25,5599.04,4.56,12.65571518132716,0.08,4156,sao paulo,SP
f76a3b1349b6df1ee875d1f3fa4340f0,23,4600.09,3.391304347826087,17.373979468599035,0.391304347826087,3275,sao paulo,SP
f7720c4fa8e3aba4546301ab80ea1f1b,60,3641.14,4.208333333333333,10.994347143753924,0.05,81350,curitiba,PR
f783a638e9c6af4a7d0dbfde811e7a81,5,1002.9000000000001,4.0,17.646319444444444,0.2,3063,sao paulo,SP
f789d2c4f2c2eb38fc4373e7a4b35264,41,5543.83,4.195121951219512,11.111912545167119,0.04878048780487805,36010,juiz de fora,MG
f7ba60f8c3f99e7ee4042fdef03b70c4,217,73090.9,4.216589861751152,13.418148844735938,0.15668202764976957,9628,sao bernardo do campo,SP
f7c31656c19db6275a8acadca289f426,1,77.75,3.0,13.381388888888889,0.0,14940,ibitinga,SP
f7ccf836d21b2fb1de37564105216cc1,69,3951.33,3.8484848484848486,11.287978451797386,0.10144927536231885,14940,ibitinga,SP
f7df46c1e0ec44eed5c6726478da4a17,3,487.44000000000005,1.0,,0.0,93336,novo hamburgo,RS
f805b96fa705ba7995a221f1749dc141,7,2986.87,4.428571428571429,12.984732142857142,0.0,87013,maringa,PR
f80edd2c5aaa505cc4b0a3b219abf4b8,116,12227.45,4.130434782608695,12.216529314159292,0.05172413793103448,3431,sao paulo,SP
f8201cab383e484733266d1906e2fdfa,10,1144.83,4.1,13.045797453703704,0.2,88137,palhoca,SC
f84a00e60c73a49e7e851c9bdca3a5bb,89,7895.68,3.8202247191011236,11.850995370370372,0.11235955056179775,20756,rio de janeiro,RJ
f84fa566034f5e8e880a07ec624c56af,91,6326.7,4.211111111111111,11.963886418019142,0.13186813186813187,13330,indaiatuba,SP
f88adb15807168d3c43d71021090ce4a,3,541.0600000000001,3.3333333333333335,6.365833333333334,0.0,13660,porto ferreira,SP
f8d5c7085db9a4ad2b8c1ffbeb2798c8,6,363.41,5.0,12.526377314814814,0.0,4104,sao paulo,SP
f8db351d8c4c4c22c6835c19a46f01b0,660,63116.92,4.260670731707317,9.895084497841399,0.051515151515151514,13324,salto,SP
f8e2c1b59cd4225a3e4fd0d013a76b93,2,264.43,5.0,10.010943287037037,0.0,14021,ribeirao preto,SP
f8f35af4634605e6693c17cc3ffff5a8,1,106.39,5.0,10.140243055555555,0.0,37400,campanha,MG
f90f77ef2799a27f80d90c425ca944f7,1,89.46000000000001,5.0,7.389560185185185,0.0,86020,londrina,PR
f918546be4bec7104d117789ba758b2b,20,1830.15,3.85,12.358811921296297,0.2,5634,sao paulo,SP
f9244d45189d3a3605499abddeade7d5,21,16607.42,4.45,15.176920717592594,0.0,3029,sao paulo,SP
f92d8c817434bd2d84d4e9c61322b7fa,5,225.61,4.6,8.32550462962963,0.2,18048,sorocaba,SP
f97e2b0650c2068227e1d366140eb62f,16,4665.9800000000005,4.0,14.7938671875,0.0625,13830,santo antonio de posse,SP
f9903dd0f812c7e771fcad47b6fff231,8,1869.31,3.375,15.25269386574074,0.0,89070,blumenau,SC
f9a02f1922d1de564392e656d82b3fda,1,137.39000000000001,4.0,,0.0,8502,ferraz de vasconcelos,SP
f9bbdd976532d50b7816d285a22bd01e,2,298.37,5.0,14.890231481481482,0.0,5319,sao paulo,SP
f9d010e39375d9c91dce3f40b73a2f84,4,1350.1399999999999,3.5,17.3491087962963,0.25,12600,lorena,SP
f9ec7093df3a7b346b7bcf7864069ca3,8,459.14,5.0,4.232161458333334,0.125,5138,sao paulo,SP
f9eda05b67bef472deaddbba84aca289,1,236.79,1.0,,0.0,88870,orleans,SC
f9eedec3129e8cc6b6429c42d0808c5b,2,833.15,4.5,6.757737268518518,0.0,22793,"rio de janeiro, rio de janeiro, brasil",RJ
f9f68daa2af419d38f745478bcb3da1a,2,51.36,3.0,11.757013888888888,0.0,13180,sumare,SP
fa14641f57b655e933124a9ea49cd7a5,7,442.99,4.571428571428571,6.980003306878307,0.0,1310,sao paulo,SP
fa18c782a4866d313cadab567097f8f1,1,78.64,1.0,,0.0,31535,belo horizonte,MG
fa1a9dec3a9940c072684a46728bf1fc,53,8045.31,4.176470588235294,14.426019173654788,0.0,88820,icara,SC
fa1c13f2614d7b5c4749cbc52fecda94,578,203295.34,4.358885017421603,13.387418880132321,0.10207612456747404,13170,sumare,SP
fa3a0b5aabb344b9a92e3524b0202123,7,1953.41,4.142857142857143,11.636570767195767,0.14285714285714285,83020,sao jose dos pinhais,SP
fa40cc5b934574b62717c68f3d678b6d,305,20729.18,4.478547854785479,11.342310905690459,0.06229508196721312,2310,sao paulo,SP
fa5fdc4e4bb6bd1009ad0e4ac4096562,1,194.85000000000002,5.0,7.057268518518518,0.0,9111,santo andre,SP
fa74b2f3287d296e9fbd2cc80f2d1cf1,11,2635.6800000000003,2.3636363636363638,30.38007407407407,0.18181818181818182,19023,presidente prudente,SP
fa7ad8ae9bcb2c4493fdf38e96b1d74f,1,111.7,1.0,,0.0,13920,pedreira,SP
fa8d335d68129e464e60c1826a683e96,1,174.68,4.0,22.21934027777778,0.0,95660,tres coroas,RS
fac1a9017ade7bdc94058fc1c969f355,9,2222.91,4.666666666666667,7.714949845679012,0.0,1126,sao paulo,SP
fac35d150712afb921ec59ac5f39bb11,5,800.64,4.4,10.14049537037037,0.0,38650,bonfinopolis de minas,MG
fad44952713764836814be105382aee5,31,5456.59,4.354838709677419,11.030972595579449,0.03225806451612903,21340,rio de janeiro,RJ
fadb07c842a2aef5d5a676b85f220e71,7,570.37,4.714285714285714,6.430039682539683,0.0,15052,sao jose do rio preto,SP
fb3cfbc8a86f5d7fbb4d36b8df63f60d,10,1373.24,4.2,7.5278680555555555,0.0,21825,rio de janeiro,RJ
fb503a924a0b9db19d83dd0ac6dbef8c,1,31.82,5.0,6.547800925925926,0.0,96020,pelotas,RS
fb8904a8ea99f8831b64ce27db2c1765,2,302.36,4.5,11.159346064814816,0.5,9550,sao caetano do sul,SP
fb89df7f89fd1b8f03fa2acca1ba7364,22,2687.43,3.857142857142857,16.15063710016835,0.09090909090909091,85853,foz do iguacu,PR
fbc14c0cf93505ef89f64665ffa4a7b5,18,13061.11,4.176470588235294,12.070780606995886,0.05555555555555555,14150,serrana,SP
fc0b214b59a83615fea981c6424a02ae,1,172.04000000000002,5.0,4.384398148148148,0.0,9380,maua,SP
fc38b5dceee1a730fad8853453437fbd,5,178.01,4.6,7.9680231481481485,0.0,13073,campinas,SP
fc4751cfe3b279c419615b9b00c1abb4,1,471.05,5.0,8.010011574074074,0.0,86047,londrina,PR
fc59392d66ef99377e50356ee4f3b4e1,5,606.9599999999999,3.6,7.950819444444446,0.0,40243,salvador,BA
fc5a0d7a310a7a41abf86a458585ff2b,2,190.16,2.5,13.929652777777777,0.0,3655,sao paulo,SP
fc6295add6f51a0936407ead70c1001d,1,230.51999999999998,1.0,13.800219907407408,0.0,4101,sao paulo,SP
fc906263ca5083d09dce42fe02247800,114,6422.64,4.371681415929204,9.399892836474868,0.0,31030,belo horizonte,MG
fc908879b9ca1bd65419e54e50432d38,4,171.88,5.0,8.675014467592593,0.0,4558,sao paulo,SP
fc99f99385ae90f66f01733856fb88c9,1,111.02000000000001,1.0,,0.0,18550,boituva,SP
fcb5ace8bcc92f75707dc0f01a27d269,61,9177.51,3.9,10.726530371966794,0.03278688524590164,7032,guarulhos,SP
fcba71d4d5db057f43249145e4eb1e27,3,548.27,4.666666666666667,18.623179012345677,0.0,13481,limeira,SP
fcdd820084f17e9982427971e4e9d47f,16,5665.74,3.9375,12.597906539351852,0.125,14075,ribeirao preto,SP
fce62094ffe6a4009188ec44e681dfdd,4,3452.63,4.0,13.502439236111112,0.25,4674,sao paulo,SP
fcf16b7a8697e559f0123190bb30177d,3,1552.5700000000002,3.3333333333333335,15.578668981481483,0.6666666666666666,3679,sao paulo,SP
fd312b6bf05efac6c3772d5b52205d8a,2,164.32,5.0,6.378287037037037,0.0,18111,votorantim,SP
fd386aa7bed2af3c7035c65506c9b4a3,66,3191.53,4.318181818181818,8.437841435185184,0.10606060606060606,4208,sao paulo,SP
fd435faa3c0422b60440ea3480d0e77c,1,882.87,5.0,9.468483796296296,0.0,58073,joao pessoa,PB
fdaaf5bfda82b7b80535610c831b8d09,10,2848.3199999999997,4.2,9.90040625,0.1,15015,sao jose do rio preto,SP
fdb9095204a334cd8872252ffec6f2db,46,9659.75,4.195652173913044,8.719879730273751,0.06521739130434782,3331,sao paulo,SP
fde0cc9ea29c8ccfc0a2c22256a58c71,35,4921.27,4.485714285714286,8.711281084656084,0.02857142857142857,81650,curitiba,PR
fdf736c18c589ed030e058312203e1b2,1,44.51,5.0,5.490983796296296,0.0,37704,pocos de caldas,MG
fe19dce63ae80346207c6c55713d1023,1,71.72,5.0,7.0012384259259255,0.0,38010,uberaba,MG
fe1b067411b8c5066e962aa146ccee03,8,990.8799999999999,4.625,8.78437210648148,0.0,19020,presidente prudente,SP
fe1bbc5feda5c8979a8a1b3b2512d5a6,9,862.25,3.888888888888889,11.927600308641976,0.1111111111111111,38680,arinos,MG
fe2032dab1a61af8794248c8196565c9,293,71138.56,4.395833333333333,10.78679620116692,0.08873720136518772,13030,campinas,SP
fe26f3ecb51a15e6d8335cd92da42562,7,2971.55,4.428571428571429,10.683282076719577,0.14285714285714285,4365,sao paulo,SP
fe49ee029e61e789a1f3a5525f57ba8d,17,2752.4399999999996,4.0588235294117645,10.416166811342592,0.058823529411764705,6018,osasco,SP
fe4cd9461203cee790d36792420b310f,3,445.53000000000003,4.0,14.347658179012347,0.0,35300,caratinga,MG
fe701d88b67eaca109dffd464d1be9f9,11,1787.94,4.0,12.424614583333334,0.09090909090909091,24900,marica,RJ
fe8055980a4ff7f64ed889c2b5926929,3,249.98000000000002,4.666666666666667,6.485983796296296,0.0,81925,curitiba,PR
fe87f472055fbcf1d7e691c00b1560dc,6,1215.96,4.5,6.001875000000001,0.16666666666666666,13085,campinas,SP
fe9d9cf8631285d5982c6e2cf27fb114,1,93.54,4.0,4.90292824074074,0.0,36200,barbacena/ minas gerais,MG
feb793c88d836c3a75efa4b5a3465d70,1,530.17,5.0,5.986342592592592,0.0,3165,sao paulo,SP
febab0275244b9a49a623f0bd613ca2f,105,10477.33,4.384615384615385,8.691454361837327,0.047619047619047616,13920,pedreira,SP
fec6275253471ace26d209bbaa64cd0f,9,3195.67,4.555555555555555,14.156984310699588,0.0,28605,nova friburgo,RJ
fec6912baad85d41729669edd6b4d3b8,1,261.97,1.0,,0.0,14110,ribeirao preto,SP
fec8cd45395b3cb0c2b173d7739706a1,4,1376.94,3.75,10.44833912037037,0.0,12270,jambeiro,SP
fedaedd3ca31d56ab33e92035e4b361c,1,50.86,4.0,8.62082175925926,0.0,24310,niteroi,RJ
fedf2c1386e137f296b3bbf3b635e69d,2,210.9,3.5,10.332349537037038,0.0,3410,sao paulo,SP
ff063b022a9a0aab91bad2c9088760b7,93,14150.53,4.311827956989247,9.33752053464755,0.03225806451612903,9171,santo andre,SP
ff1e15b778c700abdd4d239b81ac466d,7,529.16,4.571428571428571,7.551547619047619,0.0,81260,curitiba,PR
ff1fb4c404b2efe68b03350a8dc24122,43,7379.89,4.162790697674419,10.337786660206717,0.16279069767441862,8710,mogi das cruzes,SP
ff314fa6033cc68ec451c47aee2d6ba4,2,570.3399999999999,5.0,10.687337962962962,0.0,5424,sao paulo,SP
ff4e2d38692ce827b1a4f4b8196e680d,11,669.1800000000001,4.2727272727272725,9.210698653198653,0.0,3319,sao paulo,SP
ff4ea69c2a729e83e63c7579e4ef8170,9,7188.62,4.5,11.463975694444445,0.0,7071,guarulhos,SP
ff69aa92bb6b1bf9b8b7a51c2ed9cf8b,20,23695.2,3.65,11.462290509259258,0.25,8140,sao paulo,SP
ff82e8873fba613f2261a9acc896fd84,4,183.53,3.5,9.54111400462963,0.0,35900,itabira,MG
ffa6adafb71b807dc13159e26431354c,18,3206.98,3.7777777777777777,9.852557189542482,0.0,86030,londrina,PR
ffad1e7127fb622cb64a900751590acd,10,1090.83,4.8,7.6742789351851854,0.0,13465,americana,SP
ffc470761de7d0232558ba5e786e57b7,28,2087.13,4.444444444444445,9.739319272976681,0.03571428571428571,7091,guarulhos,SP
ffcfefa19b08742c5d315f2791395ee5,1,79.52000000000001,1.0,,0.0,80045,curitiba,PR
ffdd9f82b9a447f6f8d4b91554cc7dd3,18,2828.66,4.333333333333333,10.538292824074073,0.0,80030,curitiba,PR
ffeee66ac5d5a62fe688b9d26f83f534,14,2259.55,4.214285714285714,18.074880952380955,0.14285714285714285,15130,mirassol,SP
fffd5413c0700ac820c7069d66d98c89,57,11749.05,3.9642857142857144,13.664327632030178,0.14035087719298245,13908,amparo,SP
ffff564a4f9085cd26170f4732393726,20,1770.8600000000001,2.1,12.49623263888889,0.0,13070,campinas,SP
